accession_name,Root_weight,Shoot_weight,Root_length,Shoot_length,Root_Na+,Root_K+,Shoot_Na+,Shoot_K+,Chlorophyll_A,Chlorophyll_B,Stress_Root_weight,Stress_Shoot_weight,Stress_Root_length,Stress_Shoot_length,Stress_Root_Na+,Stress_Root_K+,Stress_Shoot_Na+,Stress_Shoot_K+,SES,Stress_Chlorophyll_A,Stress_Chlorophyll_B,Width_WO_husk,Length_WO_husk,Height_WO_husk,Seed_Weight,Root_thickness,Shoot_thickness,Stress_Root_thickness,Stress_Shoot_thickness,Lost_Root_weight,Lost_Shoot_weight,Lost_Root_length,Lost_Shoot_length,Lost_Root_thickness,Lost_Shoot_thickness,Lost_Chlorophyll_A,Lost_Chlorophyll_B,Seed_volume,Seed_density
IRIS_313-10340,40.5,392.5,3.5,42.25,0.018481372,0.143348198,0.005188677,0.007748049,0.014425173000000001,0.01360268,30.66666667,150.66666669999998,5.666666667,19.0,0.059591769,0.015818159,0.10474758,0.035579569,7.666666667,0.019820628,0.01898598,236.4,681.8,172.4,770.8,11.571428571428571,9.289940828402367,5.411764706152249,7.929824563157894,9.833333329999999,241.83333330000002,-2.1666666670000003,23.25,6.159663865276322,1.3601162652444732,-0.005395454999999999,-0.005383299999999999,27.787004447999998,27.739586015558405
IRIS_313-10341,128.6666667,1346.333333,5.5,49.5,0.025387826000000002,0.07796977599999999,0.005831512,0.005488976,0.020523715,0.027691507,100.0,630.6666667000001,7.583333333,36.83333333,0.064923295,0.007904951,0.148573064,0.03436,6.0,0.018702373,0.018449333000000002,269.6,586.2,189.8,850.2,23.3939394,27.198653191919192,13.186813187392827,17.122171948155852,28.666666700000007,715.6666663,-2.0833333329999997,12.666666669999998,10.207126212607173,10.07648124376334,0.001821342,0.009242173999999999,29.995900896000006,28.34387281608119
IRIS_313-10537,75.66666667,799.0,6.5,61.16666667,0.041704202999999995,0.075994055,0.005789196999999999,0.005425492,0.020328027,0.02060804,72.0,500.0,7.416666667,49.66666667,0.11843124199999999,0.015824353,0.11755229,0.02508513,5.666666667,0.014807861,0.013867973,271.8,529.2,191.2,710.8,11.64102564153846,13.06267029901566,9.707865168103018,10.067114093284086,3.666666669999998,299.0,-0.9166666670000003,11.5,1.9331604734354428,2.9955562057315728,0.005520165999999998,0.006740067000000001,27.501550272000003,25.845815707476053
IRIS_313-10539,93.66666667,1044.333333,7.666666667,66.0,0.020398412,0.185154218,0.035209814,0.08483835,0.021776438999999998,0.02391074,64.0,375.0,7.0,38.93333333,0.037907263,0.010377183,0.13047078199999998,0.023898985,6.333333333,0.019188251,0.01929504,286.4,608.2,192.4,895.4,12.217391304251416,15.82323231818182,9.142857142857142,9.631849315893136,29.666666669999998,669.333333,0.6666666670000003,27.066666669999996,3.074534161394274,6.191383002288683,0.002588187999999998,0.0046157,33.513863552000004,26.717301591047544
IRIS_313-10587,98.0,930.0,9.5,48.125,0.020889016,0.04386845,0.003821587,0.0315589,0.021308739,0.02919203,69.66666667,344.0,9.083333332999999,36.5,0.061064257000000004,0.009717135,0.138301664,0.043375094,7.0,0.008857823,0.008455047,320.0,572.2,219.4,1012.4,10.31578947368421,19.324675324675326,7.669724771290633,9.424657534246576,28.333333330000002,586.0,0.4166666670000012,11.625,2.646064702393578,9.90001779042875,0.012450916,0.020736983,40.1730176,25.200994609874662
IRIS_313-10592,123.0,983.0,11.33333333,49.83333333,0.017613458000000002,0.002954032,0.00418769,0.037386969,0.019171008,0.018672207,82.0,297.6666667,8.916666667000001,36.16666667,0.049915413,0.01069976,0.171482653,0.031363491,8.333333332999999,0.00499646,0.005133493,308.2,609.2,211.4,1083.4,10.85294117966263,19.725752509680653,9.196261681899204,8.230414746706876,41.0,685.3333333,2.416666662999999,13.666666660000004,1.6566794977634256,11.495337762973778,0.014174547999999999,0.013538714,39.691500016,27.29551666133232
IRIS_313-10593,118.0,1129.333333,6.333333333,59.33333333,0.027470666,0.07267744400000001,0.005345765,0.008677072,0.018867585,0.019080246999999998,128.0,634.0,7.583333333,44.0,0.068589683,0.014846667,0.123094101,0.030390086,5.0,0.021353517000000002,0.02062622,243.4,570.2,182.8,778.4,18.63157894834903,19.03370786061987,16.879120879862818,14.409090909090908,-10.0,495.33333300000004,-1.25,15.333333330000002,1.752458068486213,4.624616951528962,-0.002485932000000003,-0.0015459730000000026,25.370205104000004,30.68165971891466
IRIS_313-10595,102.66666670000001,1193.0,6.666666667,46.66666667,0.031984192,0.114328626,0.004491164000000001,0.005024464,0.022202568,0.028764799999999997,35.0,210.33333330000002,7.916666667,34.16666667,0.08071505,0.009703125,0.18743584600000002,0.022855082999999998,7.666666667,0.012725334,0.01265631,262.4,616.2,188.6,847.4,15.40000000423,25.564285712459696,4.421052631392798,6.156097559399406,67.66666670000001,982.6666667,-1.25,12.5,10.978947372837201,19.40818815306029,0.009477234,0.016108489999999996,30.494899968,27.788253146894206
IRIS_313-10598,81.0,515.0,8.0,45.0,0.02257352,0.044797473,0.003661525,0.0029837109999999996,0.018068793,0.018816973,75.33333333,349.3333333,7.5,40.18333333,0.089605756,0.007436605,0.112182151,0.041663561,7.666666667,0.007437748,0.00747501,278.8,580.4,178.6,788.2,10.125,11.444444444444445,10.044444444,8.693488179070384,5.666666669999998,165.6666667,0.5,4.8166666699999965,0.0805555560000002,2.750956265374061,0.010631044999999999,0.011341963,28.900251872,27.27311870813304
IRIS_313-10600,103.33333329999999,855.6666667000002,7.333333333,48.16666667,0.02306737,0.127090301,0.004744277,0.005488976,0.015842307,0.01541058,61.0,394.0,7.666666667,35.75,0.10263165199999999,0.01597919,0.18852775600000002,0.034299791,7.333333333,0.014579558000000001,0.01151501,220.4,619.0,174.4,636.8,14.090909087004132,17.764705881815594,7.956521738784499,11.020979020979022,42.33333329999999,461.6666667000002,-0.33333333400000065,12.416666669999998,6.134387348219633,6.743726860836572,0.0012627489999999988,0.003895570000000001,23.79297344,26.76420421372941
IRIS_313-10602,44.5,379.0,5.5,44.0,NA,NA,NA,NA,0.020899318,0.02467834,25.0,175.66666669999998,4.666666667,29.25,NA,NA,NA,NA,8.0,0.006351038000000001,0.0062949930000000005,274.2,538.4,185.2,734.4,8.090909090909092,8.613636363636363,5.357142856760204,6.005698006837606,19.5,203.33333330000002,0.8333333329999997,14.75,2.733766234148888,2.6079383567987575,0.01454828,0.018383347,27.340942655999996,26.860814904596392
IRIS_313-10603,118.66666670000001,898.3333332999998,10.58333333,53.5,0.020106433,0.124321814,0.005201893,0.007399666,0.020420791,0.020269353,90.66666667,427.0,11.0,37.0,0.084379725,0.013496635,0.155081683,0.040528589,7.0,0.014860525,0.014231573,257.4,579.2,179.2,771.4,11.212598431877984,16.79127725794392,8.242424242727273,11.54054054054054,28.00000003000001,471.3333332999998,-0.4166666699999997,16.5,2.970174189150711,5.250736717403381,0.005560266000000001,0.0060377799999999995,26.716225536,28.87383919410853
IRIS_313-10604,86.33333333,734.0,7.666666667,48.83333333,0.030227645,0.145670755,0.0055063709999999995,0.00716741,0.017711101,0.016958573,63.0,355.3333333,8.083333332999999,38.33333333,0.062292235999999994,0.019474085,0.086743078,0.028443416000000003,6.333333333,0.012889477,0.01266742,280.4,609.2,182.6,885.8,11.260869564293005,15.030716724575475,7.793814433311086,9.269565217327788,23.333333330000002,378.6666667,-0.41666666599999846,10.5,3.467055130981919,5.761151507247687,0.004821624,0.004291153000000001,31.191673567999995,28.39860445669563
IRIS_313-10605,96.33333333,641.6666667000001,6.416666667,48.33333333,0.019148505,0.0036510590000000003,0.005412201,0.037969157,0.019491808,0.01897992,75.66666667,317.3333333,7.083333333,39.96666667,0.06024126900000001,0.021615261,0.11664606,0.035567117,7.666666667,0.011037658999999998,0.011114713,265.8,557.6,176.0,751.6,15.012987011687636,13.27586207057075,10.682352942149757,7.939949956802339,20.666666660000004,324.3333334000001,-0.6666666659999994,8.36666666,4.330634069537879,5.33591211376841,0.008454149000000001,0.007865207,26.084974080000002,28.813522976673013
IRIS_313-10606,71.66666667,618.6666667000001,6.833333333,45.16666667,0.024956574,0.104446922,0.006027943000000001,0.004728725,0.016924606000000002,0.01632362,36.66666667,164.33333330000002,4.333333333,22.75,0.083428753,0.013226186000000001,0.15483066,0.030759297,8.0,0.005848986,0.005820293000000001,251.8,562.8,160.6,640.8,10.487804879048186,13.697416973896871,8.46153846295858,7.223443221978023,35.0,454.3333334,2.5,22.416666669999998,2.026266416089605,6.473973751918848,0.011075620000000001,0.010503327,22.759114224,28.155753061965033
IRIS_313-10963,122.66666670000001,1167.666667,8.266666667,56.5,0.026282636,0.12554193,0.006106139,0.015787192,0.018892447,0.018392099999999998,50.66666667,367.6666667,7.166666667,38.83333333,0.103192647,0.01603906,0.132752762,0.028315629,7.333333333,0.013947848999999998,0.01505708,274.0,611.2,184.2,855.8,14.838709680853277,20.66666667256637,7.069767441996754,9.46781116046934,72.00000003000001,800.0000003,1.1000000000000005,17.666666669999998,7.768942238856523,11.198855512097031,0.0049445980000000014,0.0033350199999999976,30.84775296,27.742701424953317
IRIS_313-10964,98.66666667,552.3333332999999,7.5,46.0,0.019298318000000002,0.178186548,0.002760496,0.08528428099999999,0.014716433000000001,0.013991193,68.0,440.66666669999995,9.0,42.16666667,0.059558579,0.014240885,0.087933739,0.034109937,6.666666667,0.015810895,0.015225413,331.6,553.4,181.8,832.0,13.155555556,12.007246376086956,7.555555555555555,10.450592885339873,30.666666669999998,111.66666659999999,-1.5,3.833333330000002,5.600000000444444,1.5566534907470828,-0.0010944619999999974,-0.0012342199999999994,33.361652592,24.938812539505626
IRIS_313-10965,71.5,786.0,7.75,48.5,0.028061732000000002,0.154960981,0.004726119,0.0040319579999999995,0.012124369,0.01200688,95.5,446.5,8.625,38.25,0.072081167,0.01510178,0.166109778,0.026784851000000002,6.0,0.015366721000000002,0.01536614,236.0,571.6,169.4,653.2,9.225806451612904,16.20618556701031,11.072463768115941,11.673202614379084,-24.0,339.5,-0.875,10.25,-1.8466573165030375,4.532982952631224,-0.003242352000000002,-0.003359260000000001,22.85165344,28.58436487823789
IRIS_313-10971,126.33333329999999,1285.333333,7.0,67.75,0.025125612999999998,0.100111483,0.004662597,0.004637372,0.01899938,0.018730113,75.66666667,667.3333332999999,8.5,52.83333333,0.068266678,0.011643751,0.17571317,0.023654956,6.333333333,0.018221975,0.01769722,276.6,605.8,182.6,792.0,18.047619042857143,18.971709712177123,8.901960784705881,12.630914826664409,50.666666629999995,617.9999997000001,-1.5,14.916666669999998,9.145658258151261,6.3407948855127145,0.0007774049999999984,0.001032893,30.597237527999997,25.884689729758406
IRIS_313-10972,161.0,1119.333333,8.0,61.16666667,0.024798788999999998,0.164251208,0.005989255,0.024798712,0.016003509,0.01539644,101.33333329999999,475.66666669999995,9.166666667000001,49.83333333,0.343102113,0.131495933,0.045387462999999996,0.023913043,4.666666667,0.018399217,0.017844007,255.8,633.0,182.6,800.4,20.125,18.29972751398912,11.054545450507105,9.545150502979608,59.66666670000001,643.6666663000001,-1.1666666670000012,11.333333339999996,9.070454549492895,8.754577011009511,-0.002395708,-0.0024475669999999977,29.56684764,27.070860233241962
IRIS_313-10973,129.6666667,1396.666667,8.333333332999999,60.33333333,0.028734051,0.11625170300000001,0.005748868000000001,0.007902886,0.018300437,0.01744169,84.33333333,775.3333332999999,9.25,48.7,0.093142678,0.01254623,0.15516212199999999,0.032489392,3.0,0.019059797,0.018490407,283.6,593.2,190.6,863.6,15.560000004622403,23.14917127752205,9.117117116756758,15.920602326488703,45.333333370000005,621.3333337,-0.9166666670000012,11.63333333,6.442882887865645,7.228568951033347,-0.0007593600000000006,-0.001048717000000001,32.064927712,26.932853482679327
IRIS_313-10974,110.66666670000001,779.6666667000001,7.166666667,60.0,0.027200011,0.07363433700000001,0.004336396,0.053381643,0.017324537,0.017891813,84.33333333,551.3333332999999,7.666666667,47.33333333,0.050013039,0.013282958999999999,0.142215168,0.026614691,5.0,0.014619123000000001,0.013729267,264.2,590.8,195.2,815.2,15.441860469049216,12.994444445000001,10.999999999086956,11.647887324059708,26.333333370000005,228.33333340000013,-0.5,12.666666669999998,4.4418604699622595,1.3465571209402931,0.0027054139999999997,0.004162546,30.468643071999995,26.75537594744909
IRIS_313-10975,59.0,849.3333332999998,7.833333333,57.66666667,0.037285518999999996,0.18128329,0.003869312,0.006959928000000001,0.017955711,0.017086507,64.0,383.6666667,7.833333333,43.91666667,0.060195404,0.013614828,0.12151887300000001,0.037265236,7.0,0.009498353000000001,0.00938694,280.8,581.2,198.0,869.6,7.531914893937529,14.72832369799258,8.170212766305117,8.736242884346396,-5.0,465.6666665999998,0.0,13.75,-0.6382978723675876,5.992080813646185,0.008457357999999998,0.007699567000000001,32.313790080000004,26.911111257673923
IRIS_313-10976,89.66666667,943.6666667000002,6.833333333,55.4,0.021872283,0.15341261,0.005507245,0.025572897,0.018332116000000002,0.018002913,71.0,532.3333333,7.916666667,40.66666667,0.056188724,0.008791799,0.13188445599999998,0.034508053,4.666666667,0.017935126000000003,0.015591033,270.8,581.8,181.2,809.0,13.121951220640096,17.033694344765347,8.96842105225396,13.090163932533596,18.666666669999998,411.33333340000013,-1.0833333340000006,14.73333333,4.153530168386135,3.943530412231752,0.00039698999999999984,0.002411879999999998,28.548320928,28.337918788300374
IRIS_313-10977,96.66666667,1129.333333,7.166666667,64.0,0.015980904,0.164251208,0.00279684,0.007347021,0.019272861999999998,0.019106507,90.0,594.0,8.083333332999999,47.66666667,0.064514189,0.018111297,0.10402619699999999,0.040594912999999996,6.333333333,0.020645083999999998,0.020085533,289.2,542.6,187.8,770.0,13.488372092861004,17.645833328125,11.134020619015837,12.461538460667025,6.666666669999998,535.333333,-0.9166666659999985,16.333333330000002,2.354351473845167,5.184294867457975,-0.0013722219999999993,-0.000979026000000001,29.469560976000004,26.128655280174943
IRIS_313-10978,201.5,1393.0,8.5,68.375,0.021978692999999997,0.10893719800000001,0.004025169,0.007980305,0.021620316,0.02098275,102.0,643.5,9.125,52.25,0.053842608,0.010111896,0.11766096599999999,0.032983421,7.5,0.016319898,0.01585599,233.6,642.8,172.0,693.0,23.705882352941178,20.372943327239486,11.178082191780822,12.31578947368421,99.5,749.5,-0.625,16.125,12.527800161160355,8.057153853555276,0.005300418000000001,0.005126760000000001,25.82718976,26.83218756820719
IRIS_313-10979,84.33333333,845.6666667000002,9.666666667000001,52.33333333,0.040410865,0.14412238300000002,0.00782645,0.08409513199999999,0.017943146,0.016962613,79.0,423.33333330000005,9.333333332999999,41.0,0.043800480999999995,0.010787723,0.115016337,0.039216025,6.333333333,0.012373256000000001,0.011920693000000001,264.2,547.6,198.0,788.8,8.724137930388823,16.159235670456006,8.464285714588012,10.325203251219513,5.333333330000002,422.33333340000013,0.3333333340000024,11.333333330000002,0.2598522158008105,5.834032419236493,0.005569889999999999,0.00504192,28.64583216,27.53629203697743
IRIS_313-10980,119.5,1180.0,7.25,55.75,0.015690722,0.080818047,0.0048726920000000005,0.043290134,0.015178651999999999,0.01437129,94.66666667,526.6666667,10.06666667,44.66666667,0.059575174,0.013501796000000002,0.133323194,0.037293895,7.0,0.015831213,0.015635473,271.2,630.2,190.8,787.2,16.482758620689655,21.16591928251121,9.403973507151003,11.791044775985743,24.833333330000002,653.3333333,-2.81666667,11.083333330000002,7.078785113538652,9.374874506525469,-0.0006525610000000012,-0.0012641830000000003,32.609673792,24.140075887331342
IRIS_313-10981,89.66666667,909.3333332999998,8.166666667000001,57.66666667,0.015772561,0.215347455,0.005770091999999999,0.007748049,0.01723498,0.01639432,93.0,526.3333333,9.75,43.66666667,0.05124207099999999,0.007896693,0.12265698900000001,0.030845239,6.0,0.017221346000000002,0.016463,265.4,556.4,186.4,735.8,10.97959183669471,15.768786125678103,9.538461538461538,12.05343511282035,-3.333333330000002,382.9999999999998,-1.5833333329999988,14.0,1.4411302982331708,3.7153510128577523,1.363399999999848e-05,-6.867999999999805e-05,27.525419583999994,26.73165427159216
IRIS_313-10982,102.0,1117.333333,7.833333333,65.33333333,0.029988233,0.166573765,0.004238409,0.001783724,0.020983795,0.021348707,81.33333333,436.0,8.5,49.41666667,0.068136488,0.015786307,0.09603481800000001,0.031284685,7.0,0.016794415,0.017606993,273.0,551.0,182.8,761.2,13.021276596298778,17.102040812097044,9.568627450588236,8.82293423211987,20.666666669999998,681.333333,-0.6666666670000003,15.916666660000004,3.4526491457105415,8.279106579977174,0.0041893799999999995,0.003741714,27.497324400000004,27.682693375068883
IRIS_313-10983,88.0,645.0,7.25,56.16666667,0.042997013,0.131735414,0.004726119,0.006354515,0.016866595,0.01619838,71.66666667,382.3333333,10.58333333,44.16666667,0.070547469,0.017430235,0.108211639,0.034174763,6.666666667,0.015242812,0.014601233,230.6,623.2,166.4,679.4,12.137931034482758,11.483679524541028,6.771653545754851,8.65660377217686,16.333333330000002,262.6666667,-3.3333333300000003,12.0,5.366277488727907,2.827075752364168,0.001623783000000002,0.0015971469999999984,23.913330688000002,28.410931495248846
IRIS_313-10985,NA,NA,NA,NA,0.051671922,0.145670754,0.008052941999999999,0.005657748000000001,NA,NA,NA,NA,NA,NA,0.135864956,0.017300467,0.150496314,0.023402954,NA,NA,NA,196.2,563.8,156.0,480.2,NA,NA,NA,NA,NA,NA,NA,NA,NA,NA,NA,NA,17.256339359999995,27.827454594054768
IRIS_313-10986,110.0,1177.0,7.0,57.16666667,0.023903824,0.143001362,0.004391935,0.073978075,0.017722596,0.017976653000000002,94.33333333,466.66666669999995,10.25,46.16666667,0.08771573199999999,0.018180973,0.132905828,0.033411845,6.0,0.019157373999999998,0.01739018,281.6,617.4,182.4,895.2,15.714285714285714,20.588921281598314,9.203252032195122,10.108303249089653,15.666666669999998,710.3333333,-3.25,11.0,6.511033682090591,10.48061803250866,-0.0014347779999999977,0.0005864730000000005,31.712034816,28.229030561871596
IRIS_313-10987,80.0,622.6666667000001,6.666666667,47.16666667,0.020650099999999998,0.21070234100000002,0.006072444000000001,0.00716741,0.015540354,0.014603927,77.0,364.0,10.66666667,39.16666667,0.060423285,0.01141238,0.137504391,0.02233103,7.0,0.01322899,0.012696373,248.0,587.0,178.0,684.4,11.9999999994,13.201413427335591,7.2187499977441405,9.29361702048565,3.0,258.66666670000006,-4.000000002999999,8.0,4.7812500016558594,3.9077964068499416,0.0023113639999999998,0.0019075539999999988,25.912528,26.411934798488208
IRIS_313-11013,58.0,541.6666667000001,6.333333333,42.33333333,0.019277575,0.136380528,0.005280244,0.080639168,0.016271511000000002,0.015771487,96.33333333,555.0,8.0,44.16666667,0.049700666,0.006591838,0.147112512,0.028925986,5.333333333,0.014777651999999999,0.014051793,300.4,582.0,191.6,882.8,9.1578947373241,12.795275592346085,12.04166666625,12.566037734900677,-38.33333333,-13.333333299999936,-1.6666666670000003,-1.8333333399999958,-2.883771928925901,0.22923785744540837,0.0014938590000000036,0.0017196940000000008,33.49796448,26.35384011249629
IRIS_313-11014,75.0,699.3333332999999,7.5,47.83333333,0.040210477,0.12554193,0.006381151,0.004637372,0.016487917,0.01580549,99.0,434.66666669999995,10.08333333,43.41666667,0.054747483,0.007750114000000001,0.138664609,0.027870885,7.0,0.015017717,0.015288033000000001,269.0,593.0,183.6,730.4,10.0,14.620209059555414,9.818181821427498,10.011516314778385,-24.0,264.6666666,-2.5833333300000003,4.416666660000004,0.18181817857250238,4.608692744777029,0.0014702000000000014,0.0005174569999999972,29.2873212,24.939119389314442
IRIS_313-11015,81.33333333,680.3333332999999,8.0,51.5,0.068837123,0.117800074,0.008882919,0.005038399999999999,0.01773222,0.017360553,92.66666667,546.0,10.33333333,45.83333333,0.058211704,0.010482472,0.15050786800000002,0.02709109,6.0,0.016632143000000002,0.016151247,258.4,573.4,179.0,692.8,10.16666666625,13.210355986407766,8.967741938699271,11.912727273593653,-11.333333339999996,134.33333329999994,-2.3333333300000003,5.666666669999998,1.1989247275507289,1.297628712814113,0.001100076999999998,0.0012093060000000003,26.521814239999994,26.121893235913113
IRIS_313-11016,80.0,777.0,8.25,49.25,0.02610387,0.179734919,0.007912123,0.031843801,0.014864668999999999,0.01416828,92.33333333,506.66666669999995,7.833333333,42.66666667,0.044673698,0.006368967,0.175870107,0.019783366,6.333333333,0.014720977,0.01641856,243.4,620.0,167.8,667.0,9.696969696969697,15.776649746192893,11.787234042629244,11.874999999853515,-12.333333330000002,270.33333330000005,0.4166666670000003,6.583333330000002,-2.0902643456595467,3.9016497463393787,0.00014369199999999908,-0.0022502799999999986,25.322362400000003,26.340354405479953
IRIS_313-11017,112.33333329999999,1061.333333,9.0,59.66666667,0.017894679,0.127090301,0.003544056,0.13480119,0.014543201,0.01370772,56.5,275.5,7.75,37.5,0.06094839,0.010911888,0.096596495,0.038286352,8.0,0.007199153000000001,0.00736088,299.6,572.8,191.8,938.8,12.481481477777777,17.787709490626387,7.290322580645161,7.346666666666667,55.83333329999999,785.833333,1.25,22.166666669999998,5.191158897132616,10.44104282395972,0.007344048,0.006346839999999999,32.914966784,28.52197926131135
IRIS_313-11018,69.66666667,648.6666667000001,5.666666667,43.0,0.022561325,0.004347826,0.0035731129999999997,0.0033166109999999997,0.016184093,0.01744674,67.0,454.33333330000005,9.333333332999999,39.66666667,0.119938599,0.017094017,0.128235977,0.037997027,5.333333333,0.019112462,0.01893548,286.8,503.2,175.6,734.6,12.294117646923874,15.085271318604653,7.178571428827807,11.453781510802205,2.666666669999998,194.33333340000001,-3.6666666659999985,3.333333330000002,5.115546218096068,3.6314898078024473,-0.002928369,-0.0014887400000000023,25.342198656,28.987224430350548
IRIS_313-11019,113.33333329999999,654.0,10.5,51.16666667,NA,NA,NA,NA,0.015320606,0.014708293,93.0,583.6666667000001,11.33333333,49.16666667,NA,NA,NA,NA,5.666666667,0.018953131,0.018477613,259.4,565.6,175.4,732.2,10.793650790476189,12.781758956822035,8.205882355354671,11.871186440551108,20.333333299999993,70.33333329999994,-0.8333333300000003,2.0,2.587768435121518,0.9105725162709266,-0.003632525000000001,-0.0037693199999999996,25.734098656,28.452521682910582
IRIS_313-11047,NA,NA,NA,NA,0.07845170900000001,0.131735414,0.007442748000000001,0.003567447,NA,NA,NA,NA,NA,NA,0.063409749,0.014665286999999999,0.09127264199999999,0.042169599,NA,NA,NA,249.4,529.0,164.4,617.8,NA,NA,NA,NA,NA,NA,NA,NA,NA,NA,NA,NA,21.68971944,28.483540403047275
IRIS_313-11048,102.33333329999999,979.3333332999998,8.833333332999999,54.0,0.019964059,0.126802304,0.0035682709999999996,0.002945002,0.019289169,0.01832746,99.0,444.66666669999995,10.66666667,42.0,0.055531124,0.011569428999999999,0.18080848800000002,0.028506086,6.333333333,0.014681145,0.013860566999999999,277.2,620.0,175.6,792.6,11.58490565704094,18.135802468518516,9.281249997099609,10.587301588095237,3.3333332999999925,534.6666665999999,-1.833333337000001,12.0,2.303655659941331,7.54850088042328,0.004608023999999999,0.004466893000000001,30.1793184,26.263018584276576
IRIS_313-11049,82.0,745.6666667000001,6.666666667,57.73333333,0.030408025,0.17044469199999998,0.005841679000000001,0.006379289000000001,0.015986266000000002,0.015252347,79.33333333,399.6666667,8.833333332999999,40.33333333,0.071343227,0.013515953,0.158484806,0.036861407,6.666666667,0.013221237,0.0112817,262.4,593.2,185.8,737.0,12.299999999385,12.915704389313841,8.981132075433251,9.909090910736289,2.666666669999998,346.00000000000006,-2.1666666659999985,17.4,3.318867923951748,3.0066134785775525,0.002765029000000002,0.003970646999999999,28.920825344,25.483366786173
IRIS_313-11050,89.0,868.3333332999998,8.333333332999999,53.5,0.021052711,0.029542921,0.004088250999999999,0.19676700100000002,0.018320888,0.017714727,88.33333333,394.0,9.416666667000001,43.25,0.048227127,0.00802882,0.146682976,0.028218828999999997,6.0,0.017123502,0.022436812999999996,250.8,600.4,177.0,729.2,10.680000000427201,16.23052959439252,9.38053097276529,9.109826589595375,0.6666666699999979,474.3333332999998,-1.0833333340000024,10.25,1.2994690276619103,7.1207030047971465,0.0011973860000000017,-0.004722085999999997,26.65271664,27.359312367641635
IRIS_313-11052,87.0,723.0,7.75,58.25,0.025534489,0.165799579,0.005389552,0.0067416080000000005,0.018071466,0.01803052,79.0,286.3333333,9.083333332999999,40.33333333,0.067994708,0.007994756,0.19207187399999998,0.033670293,6.666666667,0.012915141000000002,0.012648567,263.4,516.4,180.0,637.8,11.225806451612904,12.412017167381974,8.697247706741184,7.09917355347927,8.0,436.6666667,-1.3333333329999988,17.916666669999998,2.52855874487172,5.312843613902704,0.005156325,0.005381953000000002,24.4835568,26.05013663701019
IRIS_313-11053,98.33333333,693.0,7.666666667,42.91666667,0.047230519000000006,0.068252199,0.009163022,0.003025517,0.017284169,0.017162593,38.0,141.0,6.5,21.83333333,0.086935779,0.013772761000000001,0.133259184,0.037808273999999996,8.333333332999999,0.006738805,0.00700031,271.2,545.2,179.0,677.8,12.8260869555293,16.1475728142798,5.846153846153846,6.458015268161529,60.33333333,552.0,1.1666666670000003,21.08333334,6.979933109375454,9.689557546118273,0.010545363999999998,0.010162283000000001,26.46662496,25.60961214451727
IRIS_313-11054,122.33333329999999,710.3333332999999,8.333333332999999,51.33333333,0.050402422999999995,0.054434535,0.00712469,0.003940604,0.016699244,0.015936453,66.66666667,248.33333330000002,7.5,36.75,0.054205234000000005,0.015183671000000001,0.118365996,0.030878042999999997,7.333333333,0.010370662,0.010581433000000001,261.4,568.4,174.8,740.4,14.6799999965872,13.837662337911535,8.888888889333334,6.757369613605443,55.666666629999995,461.9999999999999,0.8333333329999988,14.583333330000002,5.791111107253867,7.0802927243060925,0.006328581999999999,0.0053550199999999985,25.971742048,28.507906733080148
IRIS_313-11056,110.0,1103.5,9.0,58.5,0.018179555,0.145670754,0.003611612,0.002422427,0.02020639,0.02019495,61.66666667,430.66666669999995,10.33333333,44.83333333,0.052425600999999995,0.009956027,0.13662095,0.037333444,5.333333333,0.01699037,0.016442127,255.2,600.0,179.8,767.6,12.222222222222221,18.863247863247864,5.967741937731529,9.605947956848023,48.33333333,672.8333333,-1.3333333300000003,13.666666669999998,6.254480284490692,9.25729990639984,0.00321602,0.003752822999999999,27.530976,27.88132175190593
IRIS_313-11057,115.0,779.5,7.75,53.5,0.036340442,0.092251951,0.006145171,0.00449647,0.014152894,0.01348148,76.0,409.3333333,7.0,37.66666667,0.055468894000000005,0.015863578,0.088640129,0.028531922999999997,5.666666667,0.015415242,0.013593253000000001,254.4,542.4,179.4,721.2,14.838709677419354,14.570093457943925,10.857142857142858,10.867256635321482,39.0,370.1666667,0.75,15.833333330000002,3.9815668202764964,3.7028368226224426,-0.001262348,-0.00011177300000000077,24.754788864000002,29.133756864669333
IRIS_313-11058,98.5,866.5,8.0,49.25,0.037139064,0.06670382799999999,0.009851439,0.001941657,0.017267862,0.01648421,41.33333333,221.33333330000002,7.166666667,33.66666667,0.061383310999999996,0.00809024,0.063643947,0.029328576000000002,7.333333333,0.007932047,0.0080497,272.6,579.2,192.8,838.0,12.3125,17.593908629441625,5.767441859731747,6.574257424101559,57.16666667,645.1666667,0.8333333329999997,15.583333330000002,6.545058140268253,11.019651205340065,0.009335814999999999,0.00843451,30.441176576000004,27.52850232013318
IRIS_313-11059,108.66666670000001,696.0,9.833333332999999,50.5,0.050918242999999995,0.099219621,0.011452691000000001,0.005221107,0.015980651999999998,0.015615947,110.0,530.3333333,12.75,44.5,0.054906517,0.011703621,0.163946816,0.025399132,5.333333333,0.018698095,0.016755900000000004,252.8,603.2,185.0,793.8,11.050847461391557,13.782178217821782,8.627450980392156,11.91760299550562,-1.3333332999999925,165.66666669999995,-2.916666667000001,6.0,2.4233964809994006,1.8645752223161622,-0.0027174430000000034,-0.0011399530000000043,28.210457600000005,28.13850137617051
IRIS_313-11060,23.0,133.0,4.0,20.0,0.019094341,0.17121887800000002,0.00475988,0.006006132,0.00698542,0.00664984,46.0,337.0,9.0,33.0,0.090897776,0.00780379,0.149406336,0.028050491,6.0,0.015760904,0.01524898,250.6,576.6,171.4,628.2,5.75,6.65,5.111111111111111,10.212121212121213,-23.0,-204.0,-5.0,-13.0,0.6388888888888893,-3.5621212121212125,-0.008775484,-0.008599140000000002,24.766607544,25.364798100989365
IRIS_313-11061,62.5,478.0,7.5,39.5,0.027365674,0.125661183,0.004545846,0.031812833,0.015467372,0.0148975,42.66666667,177.0,8.25,28.25,0.055003319,0.008906231,0.16162188800000002,0.037794343,8.666666667000001,0.004613104,0.004992767,259.2,550.8,171.0,719.2,8.333333333333334,12.10126582278481,5.171717172121212,6.265486725663717,19.833333330000002,301.0,-0.75,11.25,3.1616161612121223,5.835779097121094,0.010854268,0.009904732999999999,24.413218559999994,29.459450347869257
IRIS_313-11062,47.0,520.5,7.75,56.25,0.11005089,0.029542921,0.013236732,0.002096494,0.018565498,0.01878095,33.0,199.0,9.625,40.0,0.084361286,0.012118585,0.186460417,0.02636986,8.5,0.0033780240000000003,0.00362691,235.0,360.0,171.6,366.2,6.064516129032258,9.253333333333334,3.4285714285714284,4.975,14.0,321.5,-1.875,16.25,2.6359447004608296,4.278333333333334,0.015187474,0.01515404,14.51736,25.224972033482672
IRIS_313-11063,93.66666667,741.0,4.833333333,50.5,0.030456563,0.087606838,0.005834535,0.187476775,0.013084897,0.01223918,47.0,260.0,8.666666667000001,41.66666667,0.079582227,0.022691378999999998,0.142677519,0.03725483,9.0,0.005775201999999999,0.00586507,245.2,532.8,187.2,643.6,19.379310346853746,14.673267326732674,5.423076922868343,6.2399999995008,46.66666667,481.0,-3.8333333340000015,8.833333330000002,13.956233423985402,8.433267327231874,0.007309695000000001,0.0063741100000000005,24.456287231999998,26.316341229337425
IRIS_313-11064,38.0,572.0,7.0,49.5,NA,NA,NA,NA,0.018606400000000002,0.01820222,35.0,192.0,8.5,41.0,NA,NA,NA,NA,9.0,0.00355286,0.00366428,256.2,542.0,169.6,651.8,5.428571428571429,11.555555555555555,4.117647058823529,4.682926829268292,3.0,380.0,-1.5,8.5,1.3109243697478998,6.872628726287263,0.015053540000000002,0.014537940000000003,23.55072384,27.6764317066528
IRIS_313-11065,55.0,342.5,5.25,44.25,0.027299953999999998,0.119348445,0.018802357,0.091174285,0.010480536,0.00988992,76.5,467.5,10.25,47.25,0.05236337,0.016288864,0.134637171,0.029417029,6.5,0.015460555,0.01453491,256.4,500.6,179.8,679.0,10.476190476190476,7.740112994350283,7.463414634146342,9.894179894179894,-21.5,-125.0,-5.0,-3.0,3.0127758420441344,-2.154066899829611,-0.0049800190000000005,-0.00464499,23.078020432,29.421934259946237
IRIS_313-11066,80.0,614.0,8.0,46.0,0.022370378,0.09767125,0.0069936469999999995,0.017056856000000002,0.015434757,0.014978973000000001,56.0,254.0,10.625,34.0,0.072353136,0.013331475,0.14603648800000002,0.031856138,8.5,0.006222718,0.00666297,295.8,552.0,200.0,721.2,10.0,13.347826086956522,5.270588235294118,7.470588235294118,24.0,360.0,-2.625,12.0,4.729411764705882,5.877237851662404,0.009212039,0.008316003000000002,32.65632,22.084545962312962
IRIS_313-11067,67.5,550.5,5.5,56.5,0.033725385,0.120122631,0.005797645,0.0042642140000000005,0.014691437,0.01698618,80.33333333,567.3333332999999,10.33333333,51.58333333,0.055925315999999996,0.012404665,0.15295761800000002,0.028291464,5.666666667,0.012441693,0.01167156,269.4,575.8,212.4,828.4,12.272727272727273,9.743362831858407,7.7741935505723205,10.998384491179216,-12.833333330000002,-16.833333299999936,-4.83333333,4.916666669999998,4.498533722154953,-1.2550216593208088,0.0022497439999999997,0.005314620000000001,32.947598447999994,25.14295545113656
IRIS_313-11068,64.33333333,510.33333330000005,6.666666667,52.5,0.030500701,0.119348445,0.005860153000000001,0.028824476,0.012105923000000001,0.01128372,46.66666667,281.0,7.0,41.0,0.066633477,0.01011396,0.152702637,0.028036721,7.666666667,0.013216559,0.01289265,258.0,528.2,187.4,680.4,9.6499999990175,9.72063492,6.666666667142857,6.853658536585366,17.666666660000004,229.33333330000005,-0.3333333329999997,11.5,2.9833333318746424,2.8669763834146345,-0.0011106359999999982,-0.0016089299999999997,25.53804744,26.642600676443884
IRIS_313-11069,82.33333333,896.6666667000002,8.5,54.56666667,0.040734595,0.08528428099999999,0.007852454,0.005890004,0.020180726,0.022594372999999997,93.66666667,435.66666669999995,11.66666667,45.91666667,0.072982354,0.016567571,0.18403815399999998,0.028709994,7.666666667,0.01131221,0.01099688,272.2,468.8,191.0,630.2,9.686274509411765,16.432498472423188,8.028571426563266,9.488203266824812,-11.333333339999996,461.0000000000002,-3.1666666699999997,8.649999999999999,1.6577030828484993,6.944295205598376,0.008868516,0.011597492999999997,24.373005759999998,25.856474421150757
IRIS_313-11070,43.5,498.0,6.25,38.0,0.033065051,0.071348941,0.003091913,0.002364363,0.021579012999999998,0.02282499,52.0,144.33333330000002,8.5,31.33333333,0.065651621,0.013783600000000002,0.12826968,0.040636424,8.666666667000001,0.0027128990000000004,0.003093967,268.2,494.2,195.2,667.2,6.96,13.105263157894736,6.117647058823529,4.606382978149616,-8.5,353.66666669999995,-2.25,6.6666666700000015,0.842352941176471,8.49888017974512,0.018866113999999996,0.019731023,25.872674687999996,25.787824724184933
IRIS_313-11111,128.3333333,678.6666667000001,10.33333333,54.0,0.016422759,0.06525455299999999,0.006255665,0.10576923099999999,0.016488585,0.015692033,115.0,504.33333330000005,10.66666667,43.16666667,0.060175252,0.01375396,0.11409115199999999,0.032439124,6.666666667,0.017370251,0.017639987,262.6,586.4,183.4,814.4,12.419354839490113,12.567901235185186,10.78124999663086,11.683397681723292,13.333333299999993,174.33333340000001,-0.33333333999999937,10.833333330000002,1.6381048428592528,0.8845035534618937,-0.0008816659999999997,-0.0019479539999999983,28.241516576000002,28.836978276587576
IRIS_313-11112,115.0,825.6666667000001,7.5,54.5,0.024702789,0.104651307,0.005095845,0.004830918,0.014385473999999999,0.013706373,81.66666667,486.33333330000005,8.333333332999999,45.0,0.051566821,0.012188777,0.124410437,0.037672257,5.0,0.016608885,0.014760813000000001,264.8,549.2,198.0,852.8,15.333333333333334,15.149847095412845,9.800000000792002,10.807407406666668,33.33333333,339.3333334,-0.8333333329999988,9.5,5.533333332541332,4.342439688746177,-0.0022234110000000015,-0.0010544400000000002,28.794775680000004,29.616483541225485
IRIS_313-11113,121.33333329999999,964.6666667000002,7.833333333,63.16666667,0.021417872999999997,0.095215533,0.0055156580000000005,0.04853679,0.016504358,0.015979547,144.0,630.6666667000001,9.166666667000001,46.66666667,0.052210757,0.012040796999999999,0.12901843400000002,0.024634472,5.0,0.019778924,0.02119586,262.0,581.0,181.0,828.0,15.489361698531463,15.271767809748194,15.709090908519668,13.514285714034695,-22.666666700000007,334.0000000000001,-1.3333333340000015,16.5,-0.21972920998820555,1.757482095713499,-0.0032745659999999996,-0.005216313,27.552182,30.052066293696814
IRIS_313-11114,133.0,1191.333333,7.5,41.16666667,0.026045699999999998,0.13947727,0.004522247,0.050470705,0.020125388,0.019999347,84.33333333,555.0,8.75,42.66666667,0.535911513,0.15436227800000002,0.131101142,0.026931111,6.666666667,0.016991706999999998,0.01546512,209.0,613.8,166.2,610.4,17.733333333333334,28.939271244620304,9.638095237714285,13.007812498983766,48.66666667,636.333333,-1.25,-1.5,8.095238095619049,15.931458745636538,0.0031336810000000027,0.004534227,21.320834039999994,28.629274016899583
IRIS_313-11115,79.66666667,771.0,7.0,58.73333333,0.02333045,0.061306205999999995,0.005158296,0.009373839,0.019803251,0.019441153,82.33333333,606.0,8.5,48.66666667,0.042794467999999995,0.008560281,0.10278524800000001,0.037322361,5.333333333,0.020093843,0.021295513,290.8,521.2,189.2,802.8,11.380952381428571,13.12712826408213,9.686274509411765,12.452054793667669,-2.666666660000004,165.0,-1.5,10.066666660000003,1.6946778720168059,0.6750734704144605,-0.00029059199999999924,-0.0018543599999999993,28.676090432000002,27.99544805118014
IRIS_313-11116,138.33333330000002,911.3333332999998,10.16666667,47.66666667,0.022072183,0.084958091,0.035099151,0.012232502,0.01657333,0.016072467,144.33333330000002,762.6666667000001,11.83333333,43.66666667,0.102341244,0.01885916,0.125229242,0.031959968,4.333333333,0.01998183,0.01915162,279.4,593.4,194.2,849.0,13.606557369309328,19.11888111684483,12.197183099210475,17.465648854391937,-6.0,148.66666659999976,-1.6666666600000006,4.0,1.4093742700988532,1.6532322624528923,-0.0034084999999999983,-0.003079153000000001,32.197575431999994,26.368445095906505
IRIS_313-11123,126.33333329999999,974.0,8.166666667000001,59.25,0.02248805,0.11147343,0.004910744,0.007283538000000001,0.012373523,0.011874233,74.0,448.66666669999995,7.833333333,42.83333333,0.057077663,0.007512697,0.129207429,0.028226267000000003,5.0,0.016254401,0.014142693000000001,258.4,571.2,173.2,728.6,15.469387750389002,16.438818565400844,9.44680851104029,10.474708172799586,52.33333329999999,525.3333333,0.33333333400000154,16.416666669999998,6.022579239348712,5.964110392601258,-0.003880878000000001,-0.0022684600000000017,25.563987455999996,28.501031040405785
IRIS_313-11124,95.33333333,694.0,7.833333333,49.5,0.042256702,0.124111235,0.008233184000000001,0.022476155,0.018062644,0.017734253000000002,65.66666667,380.0,9.833333332999999,40.0,0.064721393,0.01434411,0.081340633,0.037170435,6.666666667,0.014649599,0.01412384,264.4,577.2,176.6,724.4,12.170212766049797,14.02020202020202,6.677966102260271,9.5,29.666666660000004,314.0,-1.9999999999999991,9.5,5.492246663789526,4.520202020202021,0.003413045,0.0036104130000000016,26.951222687999998,26.878186878049814
IRIS_313-11154,115.0,862.5,8.75,52.0,0.03041888,0.127090301,0.005551611,0.002765391,0.019585241,0.01926171,117.66666670000001,602.0,10.16666667,43.58333333,0.064964782,0.018650646,0.14734988699999998,0.031738584,5.666666667,0.016806311,0.01601254,252.4,577.2,189.4,802.0,13.142857142857142,16.58653846153846,11.57377049128729,13.812619503924482,-2.6666667000000075,260.5,-1.4166666699999997,8.416666669999998,1.5690866515698527,2.7739189576139776,0.002778929999999999,0.0032491700000000026,27.592792032000002,29.065561726044322
IRIS_313-11163,76.0,606.3333332999999,9.0,42.16666667,0.035252794,0.136380528,0.0058920430000000005,0.007051282,0.014930032,0.014506966999999999,64.33333333,334.0,7.833333333,35.5,0.07377752,0.013754697,0.12485150699999999,0.032093243,6.333333333,0.012725334,0.012048627,245.2,533.2,184.6,650.8,8.444444444444445,14.379446638388975,8.212765957370756,9.408450704225352,11.666666669999998,272.33333329999994,1.1666666670000003,6.666666669999998,0.23167848707368854,4.970995934163623,0.0022046979999999997,0.00245834,24.134722143999998,26.965299045789585
IRIS_313-11203,99.0,1004.0,6.5,56.66666667,0.027834937999999997,0.21302489800000002,0.003755225,0.007262635,0.016635886000000003,0.016366713,74.33333333,465.33333330000005,9.75,45.83333333,0.06571062400000001,0.014915975,0.108153385,0.036805177,6.333333333,0.017610583,0.017223193,237.0,562.4,161.4,641.6,15.23076923076923,17.717647057781317,7.623931623589744,10.15272727273838,24.666666669999998,538.6666667,-3.25,10.833333339999996,7.606837607179486,7.564919785042937,-0.0009746969999999966,-0.0008564799999999997,21.512812320000002,29.824087639323576
IRIS_313-11204,109.0,1030.666667,8.333333332999999,56.41666667,0.026640016000000002,0.171993063,0.0068597269999999995,0.012885543999999999,0.017624752,0.017629213,87.66666667,637.3333332999999,10.5,45.66666667,0.102002434,0.019323671,0.134618735,0.029868147,5.0,0.021722705,0.022893333,247.2,576.0,173.6,745.6,13.080000000523201,18.26883309197821,8.34920634952381,13.956204377813416,21.333333330000002,393.3333337,-2.166666667000001,10.75,4.7307936509993915,4.312628714164793,-0.004097952999999998,-0.005264119999999997,24.718417919999997,30.16374277727238
IRIS_313-11205,122.33333329999999,1176.666667,7.0,59.0,0.027696899,0.17663817699999998,0.003141573,0.005939552,0.017322398,0.01675994,106.66666670000001,663.6666667000001,8.75,35.5,0.05490905099999999,0.011233432,0.103526218,0.035559446,5.666666667,0.017724735,0.01522272,275.2,579.8,191.6,860.0,17.47619047142857,19.943502830508475,12.190476194285715,18.694835681690144,15.666666599999985,513.0000002999999,-1.75,23.5,5.285714277142855,1.2486671488183312,-0.00040233699999999914,0.0015372200000000006,30.571879936,28.130425796527636
IRIS_313-11206,90.0,877.0,7.0,57.0,0.024393255,0.145670754,0.004131189,0.033477332,0.018311531000000002,0.01789114,75.0,429.5,9.125,48.0,0.056960118,0.132868822,0.10768788800000001,0.033059101,6.5,0.019189053,0.01916273,279.6,596.8,188.6,817.6,12.857142857142858,15.385964912280702,8.219178082191782,8.947916666666666,15.0,447.5,-2.125,9.0,4.637964774951076,6.438048245614036,-0.0008775219999999986,-0.0012715899999999995,31.470791807999998,25.979645030480704
IRIS_313-11207,130.0,1043.0,7.333333333,57.83333333,0.030631747,0.137928899,0.006195623000000001,0.018760064,0.018778295,0.01814566,92.66666667,527.6666667,8.666666667000001,49.83333333,0.047859572999999996,0.011111775,0.14810970699999998,0.03960677,5.666666667,0.02168207,0.021873907,266.8,574.6,189.2,716.6,17.727272728078514,18.0345821336043,10.692307692281064,10.58862876391897,37.33333333,515.3333333,-1.3333333340000015,8.0,7.03496503579745,7.445953369685329,-0.002903775000000001,-0.0037282470000000005,29.004980575999998,24.706101702855353
IRIS_313-11208,98.66666667,918.0,6.333333333,62.66666667,0.019644929,0.08638981800000001,0.0030017729999999997,0.00778521,0.019901363000000002,0.019899693,113.33333329999999,704.6666667000001,9.833333332999999,54.16666667,0.062546097,0.014002436000000002,0.128015595,0.032103928,5.333333333,0.018566299999999997,0.017942313,224.4,721.6,183.4,813.2,15.578947369767313,14.648936169433568,11.525423725814422,13.009230769045587,-14.666666629999995,213.33333329999994,-3.499999999999999,8.5,4.053523643952891,1.6397054003879816,0.0013350630000000044,0.001957379999999998,29.697419136,27.38285088936289
IRIS_313-11210,65.0,590.0,7.166666667,49.16666667,0.032894659,0.12941285800000002,0.008921827,0.004380342,0.017873105,0.01742654,52.0,224.33333330000002,6.5,33.5,0.111138769,0.01589661,0.148096673,0.032095521,7.333333333,0.007366905,0.005497767,282.8,585.8,195.0,760.4,9.069767441438614,11.999999999186441,8.0,6.696517411940299,13.0,365.66666669999995,0.6666666670000003,15.666666669999998,1.0697674414386142,5.303482587246142,0.0105062,0.011928773,32.3045268,23.538496778104797
IRIS_313-11211,148.0,1100.666667,8.166666667000001,64.16666667,0.035839142000000004,0.136380528,0.005699308,0.124533166,0.017693723999999997,0.018118053000000002,95.0,443.66666669999995,9.333333332999999,39.33333333,0.065249659,0.015612741999999999,0.163496468,0.023803038999999998,7.333333333,0.014714294,0.014417413,231.4,703.4,177.8,810.2,18.12244897885214,17.15324675755048,10.17857142893495,11.279661018752511,53.0,657.0000003,-1.1666666659999976,24.833333339999996,7.943877549917191,5.873585738797969,0.002979429999999998,0.0037006400000000016,28.939929928,27.99592127609522
IRIS_313-11212,64.0,666.0,5.566666667000001,52.33333333,0.036927642999999996,0.091905116,0.004853349,0.008831909,0.016807247,0.016532353,87.0,534.6666667,9.333333332999999,44.75,0.062413569,0.01114053,0.10212667800000001,0.024457469,5.666666667,0.015818381,0.01509344,259.8,598.4,165.8,668.4,11.497005987335507,12.726114650492109,9.32142857176148,11.947858473743016,-23.0,131.33333330000005,-3.766666665999998,7.583333330000002,2.1755774155740273,0.7782561767490925,0.0009888660000000014,0.001438913,25.775984256,25.931114535205896
IRIS_313-11213,113.66666670000001,950.6666667000002,8.0,53.33333333,0.032814056,0.11083240400000001,0.007018794,0.004031959,0.018898595,0.01842846,76.66666667,566.3333332999999,9.583333332999999,41.0,0.106319376,0.014043726000000001,0.140691467,0.022526302,5.666666667,0.015972097,0.015871813000000002,299.8,555.0,195.2,810.0,14.208333337500001,17.825000001739067,8.000000000626088,13.81300812926829,37.00000003000001,384.33333340000024,-1.5833333329999988,12.333333330000002,6.208333336873913,4.011991872470777,0.0029264979999999996,0.0025566469999999987,32.4791328,24.93908950672476
IRIS_313-11214,77.0,352.17,6.166666667,48.33333333,0.027062129,0.159606095,0.00696855,0.043311037000000004,0.019193197,0.018598813,75.33333333,379.0,9.0,39.66666667,0.058724298,0.009554335,0.082977531,0.032152482999999996,7.666666667,0.011300715,0.010961867,245.6,607.8,167.8,663.2,12.486486485811541,7.286275862571467,8.37037037,9.554621847936588,1.666666669999998,-26.829999999999984,-2.8333333329999997,8.666666660000004,4.116116115811542,-2.26834598536512,0.007892482,0.007636945999999999,25.048459104,26.47667855521274
IRIS_313-11216,94.33333333,1046.666667,7.166666667,66.0,0.024789899,0.18128329,0.005201347,0.004443825,0.015417648,0.01500456,118.0,676.0,9.166666667000001,48.5,0.043801068,0.009637947,0.093807714,0.10444942900000001,4.666666667,0.020844782,0.020319853,270.2,597.0,193.6,826.0,13.16279069659708,15.858585863636364,12.872727272259171,13.938144329896907,-23.666666669999998,370.66666699999996,-2.000000000000001,17.5,0.29006342433790877,1.9204415337394565,-0.005427133999999998,-0.005315292999999999,31.229499839999995,26.44935090961739
IRIS_313-11217,106.33333329999999,1231.333333,8.666666667000001,65.75,0.019090035,0.136857426,0.004045825,0.006921219,0.019472293,0.023796947000000002,96.33333333,786.0,9.833333332999999,50.83333333,0.057580480999999996,0.010080901,0.111032249,0.03566658,5.333333333,0.021992444,0.021952687000000002,276.2,512.0,191.6,753.6,12.26923076491272,18.7275031634981,9.796610169484632,15.462295082981134,9.99999996999999,445.33333300000004,-1.1666666659999976,14.916666669999998,2.472620595428088,3.265208080516965,-0.0025201509999999983,0.0018442600000000003,27.094999039999998,27.813250662510452
IRIS_313-11218,NA,NA,NA,NA,0.021121437000000003,0.173541434,0.003622324,0.002248235,NA,NA,NA,NA,NA,NA,0.10189871699999999,0.024201041,0.102028829,0.030412092999999998,NA,NA,NA,202.8,419.8,147.8,352.8,NA,NA,NA,NA,NA,NA,NA,NA,NA,NA,NA,NA,12.583018032000004,28.037788637256234
IRIS_313-11219,94.66666667,1076.0,7.666666667,60.66666667,0.01971569,0.052694165999999994,0.005926009,0.070856559,0.018277847,0.018872187,84.0,694.0,9.583333332999999,47.83333333,0.045952954000000004,0.011135885,0.06852689599999999,0.039955615,5.333333333,0.01954073,0.019045907,278.6,627.8,187.8,908.2,12.347826086854441,17.736263735289217,8.765217391609227,14.508710802404787,10.666666669999998,382.0,-1.9166666659999985,12.833333339999996,3.5826086952452147,3.2275529328844303,-0.0012628829999999994,-0.0001737200000000022,32.847174024,27.649258329998737
IRIS_313-11220,102.0,1020.5,6.25,48.5,NA,NA,NA,NA,0.017509264,0.01786084,65.0,345.6666667,9.0,36.91666667,NA,NA,NA,NA,7.333333333,0.007194475,0.00713464,246.2,608.2,175.4,615.0,16.32,21.04123711340206,7.222222222222222,9.363431151299014,37.0,674.8333333,-2.75,11.583333330000002,9.097777777777779,11.677805962103047,0.010314789000000001,0.010726199999999998,26.264192536000003,23.415911193806057
IRIS_313-11221,74.0,801.5,5.5,56.25,0.020650099999999998,0.141025641,0.005091718,0.007980305,0.019359879,0.01911829,74.33333333,378.6666667,7.166666667,43.66666667,0.052073884,0.009969445,0.083956171,0.037612022,7.0,0.011116788999999998,0.01554592,227.2,670.8,173.6,790.6,13.454545454545455,14.248888888888889,10.372093022308274,8.671755725292233,-0.3333333300000021,422.8333333,-1.6666666670000003,12.583333330000002,3.082452432237181,5.577133163596656,0.008243090000000002,0.00357237,26.457639935999996,29.88172799661764
IRIS_313-11222,54.33333333,701.0,4.666666667,52.33333333,0.09919515400000001,0.052768487999999995,0.019083969,0.017094017,0.016442336999999998,0.015652307,78.0,622.3333332999999,7.666666667,46.83333333,0.067410204,0.01057331,0.09897499400000001,0.030897534,6.0,0.017996613,0.017292547,240.6,644.0,180.6,788.4,11.642857141311223,13.394904459451904,10.173913043035917,13.288256227992045,-23.666666669999998,78.66666670000006,-3.0,5.5,1.4689440982753066,0.10664823145985913,-0.0015542760000000037,-0.0016402399999999977,27.983319839999997,28.173926628714117
IRIS_313-11223,65.0,691.3333332999999,7.166666667,52.0,0.049107570999999996,0.075994054,0.015802849,0.037077295,0.017999553,0.017202993,66.66666667,359.0,9.166666667000001,36.66666667,0.10133172900000001,0.013857922,0.143463148,0.026709402,6.666666667,0.014975746000000002,0.01309162,277.4,440.4,203.0,641.8,9.069767441438614,13.294871794230769,7.272727272826445,9.790909090019008,-1.666666669999998,332.33333329999994,-2.000000000000001,15.333333330000002,1.7970401686121695,3.5039627042117605,0.003023807,0.004111373,24.799892879999998,25.879144039270543
IRIS_313-11224,130.0,1151.666667,5.666666667,67.83333333,0.022283293,0.091477766,0.003725278,0.064663075,0.017349933,0.01678418,95.66666667,687.0,8.75,50.66666667,0.07074206200000001,0.008183141,0.13825532699999998,0.034033515,3.333333333,0.019546611000000002,0.019386613,242.2,782.6,182.8,983.4,22.94117646923875,16.977886983635276,10.933333333714286,13.559210525423737,34.33333333,464.66666699999996,-3.0833333329999997,17.166666660000004,12.007843135524466,3.4186764582115394,-0.0021966780000000005,-0.0026024330000000012,34.648957616,28.381806197421973
IRIS_313-11225,NA,NA,NA,NA,0.034268171,0.127090301,0.007001711,0.007515793000000001,NA,NA,NA,NA,NA,NA,0.072499263,0.015249391000000001,0.119249995,0.037803367000000004,6.0,0.019701932,0.01921626,201.4,619.8,164.6,595.8,NA,NA,NA,NA,NA,NA,NA,NA,NA,NA,NA,NA,20.546642711999997,28.997438090069615
IRIS_313-11226,80.0,713.5,7.5,53.5,0.024960357000000002,0.13483215699999998,0.00646124,0.017159048,0.015323413000000001,0.01468944,44.66666667,220.0,8.583333332999999,37.16666667,0.063992145,0.008828812,0.11457193,0.020682961,8.333333332999999,0.008002891,0.009218607,NA,NA,NA,NA,10.666666666666666,13.336448598130842,5.203883495736074,5.919282510679885,35.33333333,493.5,-1.0833333329999988,16.333333330000002,5.462783170930592,7.417166087450957,0.007320522000000001,0.005470833,NA,NA
IRIS_313-11227,86.0,952.3333332999998,5.833333333,61.5,0.022587701,0.107292828,0.002011365,0.123778336,0.017556582,0.01770934,64.33333333,324.0,6.583333333,43.91666667,0.077846001,0.014734299999999999,0.15002058199999999,0.030330405,8.0,0.010151716,0.00869206,232.4,615.0,180.4,730.4,14.742857143699593,15.485094850406501,9.772151898722642,7.377609107599423,21.666666669999998,628.3333332999998,-0.75,17.583333330000002,4.970705244976951,8.107485742807079,0.007404866000000001,0.00901728,25.783850400000002,28.327809410498283
IRIS_313-11228,115.33333329999999,1092.0,7.333333333,61.0,0.030928016000000003,0.10541310599999999,0.006361713000000001,0.069611668,0.018456693,0.01809314,91.5,449.0,10.375,44.5,0.063869067,0.015445002,0.107350993,0.024281122999999998,5.5,0.018364196,0.01828403,233.0,642.8,170.2,747.0,15.727272723442148,17.901639344262296,8.819277108433734,10.089887640449438,23.833333299999993,643.0,-3.0416666670000003,16.5,6.907995615008414,7.811751703812858,9.249700000000041e-05,-0.00019088999999999912,25.491262479999996,29.30415865381651
IRIS_313-11229,116.33333329999999,832.0,5.75,59.0,0.023534591,0.18128329,0.006296419,0.061372786,0.015272486000000002,0.014528513,98.0,540.0,7.0,47.0,0.07706743,0.014774556999999999,0.143820595,0.033043287000000005,6.0,0.013947315,0.013504373,260.0,586.8,191.4,773.4,20.23188405217391,14.101694915254237,14.0,11.48936170212766,18.333333299999993,292.0,-1.25,12.0,6.2318840521739105,2.6123332131265773,0.0013251710000000017,0.0010241399999999998,29.201515199999996,26.484927056113857
IRIS_313-11230,55.0,564.0,6.333333333,51.83333333,0.276928855,0.148885173,0.003160895,0.004894401,0.015733636000000002,0.01471368,NA,NA,NA,NA,0.070299535,0.015865643000000002,0.12064576,0.037421033,6.5,0.014237505,0.01091204,231.6,603.2,163.8,717.2,8.684210526772853,10.881028939606496,NA,NA,NA,NA,NA,NA,NA,NA,0.001496131000000003,0.0038016400000000002,22.883043456000003,31.341984792322197
IRIS_313-11231,78.0,800.0,5.166666667,42.16666667,0.070154331,0.057413600999999995,0.010414548000000001,0.003567447,0.013882219,0.01341785,47.66666667,472.66666669999995,8.5,50.58333333,0.064129776,0.011761131999999999,0.102897986,0.033705792000000005,7.333333333,0.016211628,0.016039473000000002,244.4,682.6,177.4,826.6,15.0967741925744,18.97233201431049,5.607843137647059,9.344316310994682,30.333333330000002,327.33333330000005,-3.3333333329999997,-8.416666660000004,9.488931054927342,9.628015703315807,-0.0023294089999999993,-0.0026216230000000017,29.595187856000003,27.930216358887503
IRIS_313-11241,71.0,685.0,6.333333333,54.83333333,0.031380684,0.099219621,0.0066601640000000005,0.00449647,0.018942973000000002,0.019146907,55.66666667,300.0,7.5,40.83333333,0.074678707,0.018317231,0.130321971,0.028457836,7.666666667,0.011746893999999999,0.01155036,216.6,559.8,165.8,572.8,11.210526316379502,12.492401216564888,7.422222222666666,7.346938776109954,15.333333330000002,385.0,-1.1666666670000003,14.0,3.788304093712836,5.145462440454934,0.007196079000000003,0.007596547,20.103694344,28.492275608585025
IRIS_313-11321,76.33333333,571.0,6.0,49.33333333,0.02933864,0.075994055,0.010595221,0.004148086,0.019592058,0.01940614,52.66666667,271.6666667,7.5,29.16666667,0.054906517,0.010877823,0.13361516699999998,0.038592009,8.333333332999999,0.016512778999999998,0.02106658,232.6,587.6,167.4,603.0,12.722222221666668,11.574324325106373,7.022222222666667,9.31428571436408,23.666666660000004,299.3333333,-1.5,20.16666666,5.699999999000001,2.260038610742292,0.0030792790000000007,-0.0016604400000000026,22.879522224,26.355445454515188
IRIS_313-11322,54.0,368.3333333,7.333333333,36.66666667,0.026187908,0.120704819,0.005421553000000001,0.0067416080000000005,0.017358755,0.017833907,81.5,397.0,9.25,36.75,0.07097024,0.010234733000000001,0.12336121300000001,0.028363845,7.5,0.011205143,0.01199779,286.8,529.0,181.2,802.6,7.363636363971075,10.045454543632232,8.81081081081081,10.802721088435375,-27.5,-28.666666700000007,-1.9166666670000003,-0.08333333000000209,-1.4471744468397354,-0.7572665448031426,0.006153611999999999,0.005836117,27.491156639999996,29.194842927496417
IRIS_313-11323,81.0,760.3333332999999,6.75,49.83333333,0.031238245,0.108509848,0.048441597,0.053477642,0.017288981000000002,0.016582853,77.66666667,406.6666667,6.916666667,39.5,0.063993528,0.009599901,0.175005532,0.031586771,7.333333333,0.006841862,0.006818173,253.2,574.2,180.4,706.2,12.0,15.257525083963712,11.228915662591376,10.295358650632911,3.333333330000002,353.6666665999999,-0.16666666700000032,10.333333330000002,0.7710843374086238,4.9621664333308,0.010447119000000001,0.009764680000000001,26.227894176,26.92553185021666
IRIS_313-11324,84.0,774.6666667000001,8.333333332999999,49.83333333,0.01683009,0.001881256,0.030846132000000002,0.032738759,0.017589197,0.017145087,84.66666667,293.6666667,9.5,42.83333333,0.40437963299999996,0.016428218,0.18561482199999998,0.026865322999999997,8.333333332999999,0.008153131999999999,0.010686473,286.4,544.8,187.8,825.2,10.080000000403201,15.545150503380947,8.912280702105264,6.856031129716422,-0.6666666699999979,481.00000000000006,-1.1666666670000012,7.0,1.1677192982979374,8.689119373664525,0.009436065000000002,0.006458614,29.302569216,28.161353153614204
IRIS_313-11326,102.33333329999999,949.3333332999998,7.333333333,58.66666667,0.026854463999999998,0.12941285800000002,0.005045335,0.006702899,0.018803959,0.018577266999999998,110.0,624.6666667000001,9.166666667000001,45.75,0.040148378,0.010355801,0.09032187400000001,0.03189553,6.0,0.019967661,0.019643153,233.6,574.0,160.2,593.0,13.954545450634297,16.181818180330577,11.999999999563634,13.653916212021858,-7.6666667000000075,324.66666659999976,-1.8333333340000015,12.916666669999998,1.954545451070663,2.5279019683087185,-0.0011637020000000026,-0.001065886000000002,21.480641279999997,27.606252172374628
IRIS_313-11399,102.66666670000001,863.3333332999998,6.333333333,57.5,0.029444234,0.134832156,0.005695199000000001,0.029753499,0.019709685,0.019654599999999998,81.66666667,608.3333332999999,8.416666667000001,49.33333333,0.048424914000000006,0.010278971999999999,0.08042733099999999,0.038830401,6.666666667,0.018579667,0.018655373,267.6,586.0,194.6,821.0,16.21052632190582,15.014492753043475,9.702970297041466,12.331081081238585,21.00000003000001,254.9999999999999,-2.0833333340000015,8.166666669999998,6.507556024864355,2.6834116718048904,0.001130018,0.0009992269999999984,30.515926559999997,26.903984002771832
IRIS_313-11400,94.66666667,714.6666667000001,7.333333333,49.83333333,0.020920456,0.096395392,0.004651105,0.031442772,0.017438153,0.01683872,61.66666667,175.0,9.166666667000001,32.66666667,0.054279077,0.014885598,0.162618173,0.046519579000000005,9.0,0.004315295,0.0062593069999999995,222.8,674.8,167.2,758.0,12.909090910132232,14.34113712537399,6.7272727273917345,5.3571428565962105,33.0,539.6666667000001,-1.8333333340000015,17.166666660000004,6.181818182740497,8.98399426877778,0.013122858000000001,0.010579413000000003,25.137757567999998,30.153843195819626
IRIS_313-11401,115.33333329999999,807.0,7.666666667,57.33333333,0.028036149,0.039241918,0.037286973,0.09227053199999999,0.019192662,0.029106853,87.66666667,503.66666669999995,10.16666667,44.66666667,0.09512943900000001,0.018972708,0.08619341400000001,0.036308833,6.0,0.01910364,0.018522053,292.8,482.6,215.4,762.8,15.043478255867674,14.075581396167184,8.622950817172804,11.276119402889842,27.666666629999995,303.33333330000005,-2.5000000029999994,12.666666660000004,6.4205274386948705,2.799461993277342,8.902199999999763e-05,0.010584799999999998,30.437157312000004,25.061473125785707
IRIS_313-11402,129.5,1178.5,7.75,63.0,0.016180579,0.201412115,0.00496822,0.008677072,0.018218232,0.017498587,106.0,733.6666667000001,8.666666667000001,50.83333333,0.10833017199999999,0.020637575,0.09559556,0.033596362000000005,5.0,0.018919715,0.017708667,238.4,599.6,180.0,700.0,16.70967741935484,18.706349206349206,12.230769230298815,14.432786886848053,23.5,444.83333329999994,-0.9166666670000012,12.166666669999998,4.478908189056025,4.273562319501153,-0.0007014829999999993,-0.00021008000000000138,25.7300352,27.20555936122466
IRIS_313-11404,69.66666667,617.3333332999999,7.666666667,41.16666667,0.022171443,0.09289297699999999,0.003643351,0.008793200000000001,0.018491714,0.017694526999999998,81.66666667,408.3333333,7.083333333,33.16666667,0.101712026,0.017847558,0.156500237,0.031480839,6.333333333,0.020011905,0.01977479,228.0,605.6,168.8,663.4,9.086956521778827,14.995951414980084,11.529411765719031,12.311557786702357,-12.0,208.99999999999994,0.5833333340000006,8.0,-2.442455243940204,2.6843936282777268,-0.0015201910000000006,-0.0020802630000000023,23.307363840000004,28.463107391899705
IRIS_313-11481,91.66666667,673.6666667000001,7.5,51.0,0.023081577000000002,0.119620959,0.005415418000000001,0.007748049,0.014951686,0.014212047,76.5,429.5,8.5,37.0,0.073943467,0.012660514,0.093826484,0.032030148,7.0,0.013580266,0.01318454,258.0,723.6,187.4,884.2,12.222222222666666,13.209150327450981,9.0,11.608108108108109,15.166666669999998,244.16666670000006,-1.0,14.0,3.222222222666666,1.6010422193428724,0.00137142,0.0010275070000000004,34.98548112,25.273341160214404
IRIS_313-11482,70.33333333,528.6666667,8.066666667,42.33333333,0.030236452,0.130187043,0.006635871999999999,0.0049083370000000005,0.015278367,0.014520433000000001,55.66666667,313.6666667,7.166666667,31.91666667,0.10284139099999999,0.012799868,0.159472898,0.035859582,6.666666667,0.008122655999999999,0.008072593000000001,301.6,580.6,190.4,852.8,8.719008263689298,12.488188978148674,7.7674418605689555,9.827676240226875,14.666666660000004,214.99999999999994,0.8999999999999995,10.41666666,0.951566403120343,2.660512737921799,0.007155711,0.00644784,33.340745984,25.578311907275648
IRIS_313-11483,96.33333333,821.3333332999999,8.333333332999999,51.5,0.024982986000000002,0.06387959900000001,0.030421609,0.035470085,0.01762796,0.01697002,68.0,437.66666669999995,8.833333332999999,38.33333333,0.10491688800000001,0.012023101999999999,0.168996335,0.022371495,7.666666667,0.013248238,0.014644999999999998,323.4,521.6,202.0,964.4,11.560000000062402,15.948220064077669,7.6981132078376655,11.417391306210206,28.333333330000002,383.6666666,-0.5,13.166666669999998,3.8618867922247366,4.530828757867463,0.004379722000000001,0.0023250200000000006,34.07445888,28.30272384944767
IRIS_313-11484,117.66666670000001,871.6666667000002,9.75,50.66666667,0.019511976,0.001751208,0.005023361,0.008096433,0.018218232,0.0194829,100.66666670000001,634.3333332999999,11.08333333,45.25,0.035755476,0.0064474169999999996,0.096479639,0.028978712,6.666666667,0.01630065,0.010216487,261.4,576.6,194.0,827.8,12.068376071794873,17.203947367947112,9.082706772656454,14.018416205524861,17.0,237.33333340000024,-1.3333333300000003,5.416666669999998,2.9856692991384186,3.185531162422251,0.001917582000000001,0.009266413000000001,29.24030856,28.3102347672353
IRIS_313-11486,58.33333333,457.33333330000005,5.833333333,45.16666667,0.023761616,0.173541434,0.005875854,0.0040319579999999995,0.016977003,0.016528313,57.33333333,292.3333333,7.0,38.33333333,0.068355183,0.017267433999999998,0.104082225,0.020798529,7.333333333,0.011438391000000001,0.010959173000000001,273.4,536.0,195.6,772.0,10.000000000000002,10.125461253127273,8.19047619,7.626086956315311,1.0,165.00000000000006,-1.1666666670000003,6.833333339999996,1.8095238100000017,2.499374296811962,0.005538612,0.0055691399999999985,28.663693439999992,26.933025976431885
IRIS_313-11487,116.0,1185.0,9.25,57.75,0.016767816,0.004347826,0.004659808,0.08100613200000001,0.019434866000000002,0.01928898,103.66666670000001,623.3333332999999,10.25,44.66666667,0.054939837000000005,0.008657606,0.08949683300000001,0.023518509,4.333333333,0.020238737,0.020773007,257.2,597.4,185.0,838.6,12.54054054054054,20.51948051948052,10.113821141463415,13.955223878809312,12.333333299999993,561.6666667000001,-1.0,13.083333330000002,2.4267193990771254,6.564256640671209,-0.0008038709999999977,-0.0014840269999999989,28.425486799999998,29.501693529484253
IRIS_313-11557,37.0,182.0,4.0,27.0,0.023945116000000002,0.061674717999999996,0.005185495,0.006224451999999999,0.00601099,0.00584992,78.0,446.66666669999995,10.0,38.16666667,0.246038003,0.012944383,0.12247792,0.031487568,6.0,0.011914512,0.010535646999999999,249.4,616.6,182.2,775.4,9.25,6.7407407407407405,7.8,11.703056768410212,-41.0,-264.66666669999995,-6.0,-11.166666669999998,1.4500000000000002,-4.9623160276694716,-0.0059035220000000005,-0.004685726999999999,28.018723288000004,27.674351612305337
IRIS_313-11558,137.33333330000002,1230.666667,7.916666667,60.5,0.034322105,0.082961725,0.009858506,0.0037997029999999998,0.018594103,0.02562168,83.0,443.0,11.0,43.5,0.075433307,0.014356497,0.143059399,0.024457021000000002,7.0,0.013330577,0.01290578,231.4,706.8,171.4,823.8,17.347368416111692,20.34159780165289,7.545454545454546,10.183908045977011,54.33333330000002,787.666667,-3.0833333329999997,17.0,9.801913870657145,10.15768975567588,0.005263526000000001,0.0127159,28.033073327999997,29.386717266464395
IRIS_313-11722,58.33333333,489.66666669999995,4.0,33.66666667,0.038823432000000005,0.133283785,0.005407861,0.00417286,0.018976121999999998,0.01900012,49.0,259.3333333,5.0,28.83333333,0.051558524,0.017704076000000003,0.078637445,0.02272077,6.666666667,0.015108076000000002,0.0148066,230.4,563.2,165.2,604.2,14.5833333325,14.544554454995588,9.8,8.994219653062915,9.333333330000002,230.33333339999996,-1.0,4.833333339999999,4.7833333325,5.550334801932673,0.0038680459999999965,0.004193519999999999,21.436563456000002,28.185487904353767
IRIS_313-11945,113.5,1079.0,8.5,57.75,0.084966648,0.638424377,0.009523001,0.038224638,0.016280199,0.01548936,95.66666667,616.6666667000001,8.666666667000001,45.58333333,0.30342820000000004,0.020686238,0.149116594,0.036866255,4.666666667,0.019433528999999998,0.019144887,255.2,502.4,173.8,628.2,13.352941176470589,18.683982683982684,11.038461538421595,13.528336381976478,17.833333330000002,462.33333329999994,-0.1666666670000012,12.166666669999998,2.3144796380489936,5.155646302006206,-0.0031533299999999993,-0.0036555269999999987,22.283329023999997,28.191478899916824
IRIS_313-11964,76.5,479.5,5.5,46.0,0.045993749,0.09612287900000001,0.007364552,0.024024526,0.017120293999999998,0.01644482,51.66666667,281.0,8.0,41.0,2.077538998,0.480970519,0.08667462199999999,0.019339421000000002,8.0,0.019955364,0.01953744,237.0,584.6,164.0,608.8,13.909090909090908,10.423913043478262,6.45833333375,6.853658536585366,24.833333330000002,198.5,-2.5,5.0,7.4507575753409085,3.570254506892896,-0.002835070000000002,-0.003092620000000001,22.7222328,26.793141561334586
IRIS_313-12002,56.66666667,426.66666669999995,6.333333333,37.33333333,0.028702705,0.11160659,0.008135600000000002,0.00363093,0.007111869,0.006764307,44.66666667,248.33333330000002,5.583333333,31.0,0.072625106,0.015045006000000001,0.152331272,0.034704375,8.0,0.009467209,0.00956268,239.8,497.4,172.6,603.2,8.94736842204986,11.428571430484691,8.000000001074627,8.010752687096774,12.0,178.33333339999993,0.75,6.333333330000002,0.9473684209752342,3.417818743387917,-0.002355340000000001,-0.0027983730000000007,20.587127352,29.299862466795318
IRIS_313-12055,38.0,367.5,4.75,41.0,0.047925656,0.10154217800000001,0.003382456,0.012142326,0.01322899,0.0126048,28.0,95.5,3.75,23.375,0.06402464299999999,0.009336678000000001,0.14833306400000001,0.028514751,9.0,0.001654927,0.00171296,256.4,397.4,161.8,461.8,8.0,8.963414634146341,7.466666666666667,4.0855614973262036,10.0,272.0,1.0,17.625,0.5333333333333332,4.877853136820137,0.011574062999999999,0.01089184,16.486345647999997,28.011058961148386
IRIS_313-12094,46.0,343.3333333,7.333333333,43.83333333,0.033945496,0.045800818,0.006911984,0.002617522,0.017302883,0.020397287,41.33333333,160.33333330000002,8.666666667000001,33.33333333,0.055284507999999996,0.010186217,0.10884434,0.031314233,8.333333332999999,0.004152220999999999,0.004667547,216.6,360.8,161.2,371.6,6.272727273012397,7.832699619607049,4.769230768662721,4.8099999994810005,4.666666669999998,182.99999999999997,-1.3333333340000015,10.5,1.503496504349676,3.0226996201260485,0.013150662000000002,0.01572974,12.597663935999998,29.497532390754518
IRIS_313-12141,62.66666667,777.0,7.0,49.0,0.019687636,0.033649201000000004,0.00454139,0.004792208,0.016073149,0.015176933,74.33333333,481.33333330000005,7.583333333,41.83333333,0.058033838,0.012685731,0.102812965,0.03054076,5.666666667,0.015841103999999998,0.015512253,254.0,583.4,171.2,750.8,8.952380952857142,15.857142857142858,9.802197802189108,11.505976095737529,-11.666666660000004,295.66666669999995,-0.5833333329999997,7.166666669999998,-0.8498168493319653,4.351166761405329,0.00023204500000000017,-0.00033532000000000006,25.369032319999995,29.595137509762143
IRIS_313-8244,145.0,1342.333333,6.916666667,64.33333333,NA,NA,NA,NA,0.018942438,0.01862339,130.8,753.4,8.3,51.1,NA,NA,NA,NA,3.6,0.017733983999999998,0.016788624,NA,NA,NA,NA,20.96385542067644,20.86528496999302,15.759036144578314,14.743639921722112,14.199999999999989,588.9333330000001,-1.3833333330000004,13.23333333,5.2048192760981244,6.121645048270908,0.0012084540000000012,0.0018347660000000016,NA,NA
IRIS_313-8252,51.5,587.0,5.25,47.25,NA,NA,NA,NA,0.018227054,0.01732756,57.5,349.0,8.75,37.25,NA,NA,NA,NA,6.5,0.017770315,0.017553799999999998,244.6,566.4,182.6,678.4,9.80952380952381,12.423280423280424,6.571428571428571,9.369127516778523,-6.0,238.0,-3.5,10.0,3.238095238095239,3.0541529065019013,0.00045673900000000114,-0.00022623999999999908,25.297666944,26.816702168691496
IRIS_313-8283,106.66666670000001,773.3333332999999,7.333333333,52.96666667,0.025605661000000002,0.040330594,0.037438157,0.026430109,0.016272847,0.015395093,55.66666667,251.0,8.25,34.0,0.058823965,0.019240724,0.115919875,0.032752789,7.666666667,0.007736091999999999,0.006381853000000001,257.6,538.2,187.4,774.4,14.545454550661159,14.60037759442414,6.747474747878788,7.382352941176471,51.00000003000001,522.3333332999999,-0.9166666670000003,18.966666670000002,7.797979802782371,7.218024653247669,0.008536755,0.009013239999999999,25.981195968000005,29.806172162120532
IRIS_313-8321,152.33333330000002,1423.333333,7.75,64.91666667,0.029230626000000003,0.127090301,0.004420645999999999,0.005520717,0.021144463,0.021179027000000003,97.66666667,643.0,11.83333333,49.66666667,0.07686691,0.016926793,0.124638935,0.030941147000000002,6.666666667,0.017109333,0.016634027,255.2,585.2,177.6,685.6,19.655913974193552,21.925545564984567,8.253521129367188,12.946308723963336,54.66666663000002,780.333333,-4.08333333,15.25,11.402392844826364,8.979236841021232,0.004035129999999998,0.004545000000000004,26.523323903999998,25.848947231557364
IRIS_313-8349,58.5,543.5,4.666666667,36.0,0.033882689,0.06670382799999999,0.01158844,0.00287068,0.017187261000000002,0.01826181,69.0,354.5,6.875,42.875,0.05461512,0.01834687,0.12228047800000001,0.020024137,8.0,0.011839124,0.011625100000000001,288.2,599.0,186.6,862.4,12.535714284818877,15.097222222222221,10.036363636363637,8.268221574344023,-10.5,189.0,-2.2083333329999997,-6.875,2.4993506484552395,6.829000647878198,0.005348137000000003,0.006636709999999999,32.213093879999995,26.771722182681575
IRIS_313-8410,89.33333333,742.3333332999999,8.833333332999999,52.66666667,0.032230967,0.161154466,0.007228648000000001,0.019271027,0.015865163999999998,0.015120373000000001,80.0,555.3333332999999,9.833333332999999,43.0,0.068002545,0.015873901,0.099880764,0.038170176,4.666666667,0.017589999,0.015359407,269.0,524.6,179.4,701.6,10.113207547174085,14.094936707335762,8.135593220614767,12.914728681395347,9.333333330000002,187.0,-1.0,9.666666669999998,1.9776143265593173,1.1802080259404146,-0.001724835000000001,-0.00023903399999999908,25.316461560000004,27.7131935810701
IRIS_313-8437,114.33333329999999,1229.0,7.166666667,65.96666667,0.025493694,0.164251208,0.005176862,0.030992196,0.019090808,0.019017627,113.0,858.0,6.916666667,49.16666667,0.054914814000000006,0.011426978999999999,0.09547110199999999,0.033224357999999996,5.666666667,0.020953052,0.021886027000000002,284.8,569.0,199.8,866.0,15.953488366699837,18.63062152508183,16.337349396803017,17.450847456444013,1.3333332999999925,371.0,0.25,16.799999999999997,-0.38386103010317996,1.1797740686378155,-0.001862243999999999,-0.0028684000000000036,32.377829760000004,26.74669693488437
IRIS_313-8509,64.33333333,555.0,4.666666667,34.83333333,0.020442369,0.20141211399999998,0.005569342,0.008444815999999999,0.016095338,0.01583074,111.0,647.0,7.0,37.66666667,0.073421424,0.010745695,0.117542323,0.031564346,4.666666667,0.019083323,0.018998773,199.4,617.4,164.2,547.6,13.785714284015306,15.933014355591675,15.857142857142858,17.17699114892239,-46.66666667,-92.0,-2.3333333329999997,-2.833333339999996,-2.0714285731275517,-1.2439767933307149,-0.0029879849999999986,-0.0031680330000000007,20.214589751999995,27.08934520651459
IRIS_313-8632,59.0,565.6666667000001,5.5,45.16666667,0.03348453,0.12863867199999998,0.010496274,0.061005822,0.01427961,0.014216086999999999,33.33333333,202.0,6.416666667,33.08333333,0.100619537,0.016484991,0.167685979,0.027268491000000002,7.333333333,0.007517948000000001,0.0059361069999999995,252.2,626.2,169.0,706.4,10.727272727272727,12.523985239666128,5.194805194015855,6.105793451496805,25.666666669999998,363.66666670000006,-0.9166666670000003,12.083333339999996,5.532467533256872,6.418191788169324,0.006761661999999999,0.00827998,26.68977116,26.46706844226086
IRIS_313-8641,47.0,531.3333333,5.166666667,31.0,0.033756653,0.103864734,0.006097883,0.044664313,0.011458976000000001,0.010969273,39.0,149.33333330000002,7.166666667,31.0,0.068183704,0.01389405,0.167985818,0.071637937,9.0,0.002377128,0.002759993,222.0,556.6,162.2,554.8,9.096774192961497,17.139784945161292,5.441860464863169,4.817204300000001,8.0,382.0,-2.0,0.0,3.654913728098328,12.322580645161292,0.009081848,0.00820928,20.04227544,27.68148764649449
IRIS_313-8683,114.33333329999999,1343.666667,6.5,62.83333333,0.024655725,0.141025641,0.00506519,0.007283538000000001,0.016784791,0.016081893,65.66666667,502.0,9.166666667000001,45.16666667,0.050258404000000007,0.015011827,0.10539424300000001,0.038723899,6.666666667,0.01455229,0.01411172,230.2,607.0,176.2,615.2,17.589743584615384,21.384615391054886,7.163636363739503,11.11439114309119,48.666666629999995,841.666667,-2.666666667000001,17.666666660000004,10.426107220875881,10.270224247963696,0.0022325009999999996,0.0019701730000000004,24.620672679999995,24.98713207376104
IRIS_313-8703,95.66666667,1301.666667,7.583333333,59.66666667,0.03517994,0.145670754,0.00606717,0.008289979,0.016482971000000003,0.01583276,92.66666667,634.3333332999999,10.16666667,52.91666667,0.047252185,0.012444258,0.090330721,0.036993159,6.666666667,0.015630713,0.014916353,282.8,601.8,205.8,900.2,12.615384616378698,21.8156424624684,9.11475409570008,11.987401573418115,3.0,667.3333337,-2.583333337,6.75,3.5006305206786177,9.828240889050285,0.0008522580000000016,0.000916407000000001,35.02490443200001,25.701711813310332
IRIS_313-8717,91.33333333,938.3333332999998,7.833333333,62.83333333,0.014445735,0.136380528,0.0034167259999999997,0.034903382000000004,0.017409549,0.01694982,69.33333333,430.33333330000005,8.083333332999999,47.5,0.048621845,0.015343916,0.096211536,0.035833457,7.333333333,0.013245831999999999,0.01433998,291.0,518.4,186.4,778.6,11.659574468155727,14.933687002914251,8.5773195875702,9.059649122105265,22.0,507.9999999999998,-0.2499999999999991,15.333333330000002,3.082254880585527,5.874037880808986,0.004163717000000001,0.0026098400000000004,28.11926016,27.689206457414848
IRIS_313-8721,66.5,636.0,5.75,49.75,0.030335214,0.131735415,0.003517899,0.026820885,0.019124492,0.01863551,37.33333333,192.33333330000002,4.5,25.66666667,0.069093057,0.017280707,0.084440103,0.036187416,7.333333333,0.014426376000000001,0.01139078,252.8,582.6,176.2,705.8,11.565217391304348,12.78391959798995,8.296296295555557,7.49350649123461,29.166666669999998,443.66666669999995,1.25,24.08333333,3.268921095748791,5.29041310675534,0.004698115999999999,0.007244730000000001,25.950961535999998,27.197450815874078
IRIS_313-8733,61.0,699.6666667000001,8.15,49.5,0.023267336,0.104292085,0.00661532,0.007593211999999999,0.014863198999999999,0.014321127,55.5,338.0,9.0,38.2,0.065256958,0.012142326,0.114251226,0.03697187,7.0,0.008732577,0.0060802,280.0,537.0,181.0,768.6,7.484662576687116,14.134680135353536,6.166666666666667,8.848167539267015,5.5,361.66666670000006,-0.8499999999999996,11.299999999999997,1.317995910020449,5.286512596086521,0.006130621999999999,0.008240926999999999,27.21516,28.241612395444303
IRIS_313-8737,64.0,748.0,6.666666667,53.91666667,0.025025794,0.14412238300000002,0.004265918,0.048844915,0.019722784,0.019548887,83.33333333,570.6666667000001,10.5,47.0,0.057291321,0.012221293999999999,0.160086569,0.030908537000000003,5.333333333,0.020283382,0.020241073000000002,239.8,636.2,174.0,702.2,9.59999999952,13.873261204706445,7.936507936190476,12.141843972340427,-19.333333330000002,177.33333329999994,-3.8333333329999997,6.916666669999998,1.6634920633295236,1.7314172323660184,-0.000560597999999999,-0.0006921860000000009,26.545572240000002,26.45262244307151
IRIS_313-8789,59.66666667,627.0,4.166666667,36.08333333,0.015731829,0.06438127099999999,0.006265267,0.012258453999999998,0.018558013,0.0181093,68.66666667,417.0,7.583333333,34.91666667,0.075956503,0.012126843,0.207593307,0.038499122999999996,6.333333333,0.015452134,0.015151346999999999,269.6,563.6,174.2,767.0,14.319999999654398,17.37644341961907,9.054945055782635,11.942720762583034,-9.0,210.0,-3.4166666659999994,1.1666666600000042,5.265054943871762,5.433722657036034,0.0031058790000000024,0.0029579529999999993,26.469090752,28.97719484157368
IRIS_313-8822,115.66666670000001,1124.0,6.333333333,59.16666667,0.09103386599999999,0.931066518,0.003306075,0.055914778,0.02053521,0.021249052999999997,102.66666670000001,629.6666667000001,10.5,43.0,0.057919847,0.011897683999999999,0.11891496300000001,0.032079987000000004,5.666666667,0.016487249,0.013952813,245.2,702.0,174.4,859.0,18.26315790096122,18.997183097521287,9.777777780952382,14.643410853488374,13.0,494.33333329999994,-4.166666667,16.166666669999998,8.48538012000884,4.353772244032912,0.004047961000000003,0.007296239999999997,30.01954176,28.614693950611457
IRIS_313-8850,69.33333333,956.6666667000002,6.9,52.5,0.019217913,0.106459804,0.0046027870000000005,0.005876068000000001,0.016486714,0.015574200000000002,57.66666667,269.0,8.166666667000001,30.75,0.053297747,0.009061068,0.155264562,0.019718286,8.0,0.006223787,0.005943513,254.8,546.4,171.2,682.8,10.048309178260869,18.222222222857145,7.061224489915867,8.747967479674797,11.666666660000004,687.6666667000002,-1.2666666670000009,21.75,2.9870846883450017,9.474254743182348,0.010262927,0.009630687000000002,23.834929664,28.64703230197877
IRIS_313-8854,101.33333329999999,879.0,9.333333332999999,55.66666667,0.041893769,0.075182708,0.007183229,0.006044841,0.01663348,0.016213193,104.33333329999999,487.33333330000005,10.83333333,44.3,0.057204099999999994,0.011181598999999999,0.067645287,0.041217011,5.666666667,0.019320715,0.01961824,269.6,599.0,204.8,881.6,10.857142853959184,15.790419160731114,9.63076923065562,11.000752444695262,-3.0,391.66666669999995,-1.4999999970000015,11.36666667,1.226373623303564,4.7896667160358515,-0.0026872349999999996,-0.003405046999999998,33.07323392000001,26.6559962697473
IRIS_313-8864,139.0,1285.333333,9.0,56.0,0.022478431,0.10356744699999999,0.005374225,0.00767063,0.014676199,0.01380569,106.33333329999999,638.6666667000001,9.666666667000001,44.0,0.049408812,0.006879413000000001,0.12861994300000001,0.024220949,5.666666667,0.015383428999999999,0.014770913,313.6,566.4,203.8,957.4,15.444444444444445,22.952380946428573,10.999999996172411,14.515151515909093,32.66666670000001,646.6666663,-0.6666666670000012,12.0,4.4444444482720336,8.43722943051948,-0.0007072299999999997,-0.0009652229999999994,36.199575552000006,26.447823915081905
IRIS_313-8930,72.33333333,799.3333332999999,5.5,55.33333333,0.025459122,0.078316611,0.005341011,0.027819583999999998,0.015399468999999999,0.01454198,70.0,377.0,6.666666667,39.0,0.074415035,0.024739874,0.140566636,0.043153948,6.666666667,0.013503808999999999,0.011555747,276.8,615.4,183.8,842.2,13.151515150909091,14.445783132797937,10.499999999475,9.666666666666666,2.333333330000002,422.33333329999994,-1.1666666670000003,16.333333330000002,2.6515151514340918,4.779116466131271,0.0018956600000000004,0.0029862329999999996,31.308991936,26.899620457968616
IRIS_313-8932,73.0,587.0,7.5,44.5,0.042306257,0.080639168,0.010521942,0.002522297,0.014372909,0.014110373,53.33333333,281.3333333,9.666666667000001,35.66666667,0.05236337,0.012417936000000001,0.144228976,0.024922582000000002,7.666666667,0.014800375,0.014585747,222.2,524.0,146.0,499.8,9.733333333333333,13.191011235955056,5.517241378775267,7.887850465617958,19.666666669999998,305.6666667,-2.166666667000001,8.833333330000002,4.216091954558065,5.303160770337098,-0.0004274659999999996,-0.0004753739999999989,16.999188800000002,29.40140296576975
IRIS_313-8963,157.33333330000002,1120.333333,9.833333332999999,55.66666667,0.017189451,0.004038152,0.0032852529999999997,0.038797535,0.018248708,0.017462227,100.33333329999999,610.0,9.333333332999999,42.66666667,0.054244274,0.009938699,0.121220944,0.037021156,6.0,0.020578785,0.01943038,272.8,578.4,185.8,856.6,15.999999997152546,20.125748495800856,10.7499999968125,14.296874998883057,57.00000000000003,510.33333300000004,0.5,13.0,5.250000000340046,5.828873496917799,-0.002330077,-0.0019681530000000003,29.316921216,29.218620662407826
IRIS_313-9049,134.66666669999998,1328.0,8.0,62.66666667,0.023508546,0.185928404,0.01120122,0.058289979000000006,0.01576331,0.014890093,66.33333333,492.33333330000005,10.0,49.83333333,0.122126341,0.017923944,0.127644898,0.021965187,7.666666667,0.010644946,0.0102414,220.6,792.4,181.2,895.4,16.833333337499997,21.19148936057492,6.633333333,9.879598662199305,68.33333336999998,835.6666667,-2.0,12.833333339999996,10.200000004499998,11.311890698375615,0.0051183639999999985,0.004648693000000001,31.674383327999994,28.26890079367294
IRIS_313-9066,70.33333333,598.3333332999999,8.833333332999999,50.33333333,0.023686863,0.046537842,0.006962357,0.0030502909999999997,0.017777934,0.016943087,47.0,176.66666669999998,6.5,31.5,0.126853081,0.034126099,0.16854279600000002,0.036305921,7.666666667,0.012220876,0.01759622,238.8,674.8,170.0,767.8,7.962264150866502,11.88741721866804,7.230769230769231,5.608465609523809,23.333333330000002,421.6666666,2.333333332999999,18.833333330000002,0.7314949200972709,6.27895160914423,0.005557057999999998,-0.0006531330000000002,27.394180799999997,28.027850352801938
IRIS_313-9067,119.0,1023.666667,8.166666667000001,54.16666667,0.02263033,0.074445683,0.006759441,0.05601697,0.01957281,0.019424993,80.66666667,617.0,9.5,48.83333333,0.04570011400000001,0.006952186,0.154447049,0.0222713,5.666666667,0.01784049,0.017369307,260.2,693.4,186.8,899.4,14.571428570833817,18.898461543452402,8.491228070526315,12.634812287551863,38.33333333,406.66666699999996,-1.3333333329999988,5.333333339999996,6.080200500307502,6.263649255900539,0.001732319999999999,0.002055686000000001,33.702956623999995,26.686086031975428
IRIS_313-9072,82.66666667,666.6666667000001,6.0,51.66666667,0.01797869,0.09118047800000001,0.004933145999999999,0.006456707,0.019231693,0.018740887,61.33333333,319.6666667,7.75,41.5,0.084988199,0.01794046,0.15965975300000002,0.030723703999999998,7.666666667,0.013806831,0.01359763,236.4,583.2,171.6,664.2,13.777777778333332,12.90322580626431,7.9139784941935485,7.702811245783133,21.333333339999996,347.00000000000006,-1.75,10.166666669999998,5.863799284139784,5.2004145604811765,0.005424862000000001,0.005143257000000002,23.658231168,28.074795418281038
IRIS_313-9108,73.33333333,673.3333332999999,7.0,45.83333333,0.062358254,0.087606838,0.009208228,0.0026175210000000003,0.018614686999999998,0.019380553000000002,90.33333333,568.0,8.333333332999999,48.0,0.044236988,0.015070321000000001,0.0704848,0.031698832999999996,4.666666667,0.016563706,0.016023313,248.4,585.2,184.6,798.8,10.476190475714287,14.690909091250246,10.840000000033601,11.833333333333334,-17.0,105.33333329999994,-1.3333333329999988,-2.166666669999998,-0.3638095243193149,2.857575757916912,0.002050980999999997,0.003357240000000001,26.834135328000002,29.768054391769216
IRIS_313-9139,62.0,723.0,6.166666667,51.5,0.021792142,0.079189892,0.004746758,0.002480491,0.014477704,0.013978399999999998,50.0,204.33333330000002,7.5,35.33333333,0.052560202,0.016596474,0.135339544,0.035894106,8.666666667000001,0.008776821,0.009010546999999999,236.2,571.0,164.0,648.4,10.05405405351059,14.03883495145631,6.666666666666667,5.7830188675267005,12.0,518.6666667,-1.3333333329999997,16.166666669999998,3.3873873868439235,8.25581608392961,0.005700882999999999,0.0049678529999999995,22.1187128,29.314544922342858
IRIS_313-9148,84.0,1036.333333,7.833333333,52.66666667,0.031581665,0.158057723,0.007767087,0.027818036,0.015768657,0.01722454,100.33333329999999,526.3333333,11.16666667,49.5,0.045304672000000004,0.010031233,0.10703022599999999,0.02359372,7.0,0.020714056,0.020793207,278.0,592.6,196.6,860.4,10.723404255775465,19.677215182298912,8.985074621198486,10.632996632323234,-16.333333299999993,509.9999997,-3.333333337,3.166666669999998,1.7383296345769796,9.044218549975678,-0.004945399000000003,-0.003568667000000001,32.38843448,26.565038224718787
IRIS_313-9156,94.33333333,709.6666667000001,7.166666667,52.75,0.024921021,0.071466617,0.0056819819999999995,0.008367397,0.019752458,0.01958592,55.0,403.0,9.166666667000001,39.0,0.088214957,0.013295346999999999,0.16921044899999999,0.024246655,8.333333332999999,0.012283432,0.011757746999999999,209.4,677.8,169.8,731.2,13.16279069659708,13.453396525118485,5.999999999781817,10.333333333333334,39.33333333,306.66666670000006,-2.000000000000001,13.75,7.162790696815263,3.1200631917851513,0.007469026,0.007828173,24.099938136,30.340326845393363
IRIS_313-9170,66.33333333,881.0,6.0,60.0,0.031807768,0.07656179,0.003222246,0.073565406,0.017489749,0.01705486,65.0,594.3333332999999,7.166666667,48.16666667,0.049668698,0.011152696,0.096348319,0.034816556,5.666666667,0.017645604,0.015779566999999998,299.2,646.4,191.8,1082.8,11.055555555,14.683333333333334,9.069767441438614,12.339100344474803,1.333333330000002,286.66666670000006,-1.1666666670000003,11.833333330000002,1.9857881135613855,2.344232988858531,-0.00015585499999999988,0.0012752930000000037,37.094672384000006,29.190175580767296
IRIS_313-9174,137.0,1034.666667,9.0,53.83333333,0.033664691000000004,0.718939675,0.0060410690000000005,0.005682522,0.019285427,0.019653253,88.33333333,615.6666667000001,11.16666667,43.66666667,0.10012745699999999,0.021264297,0.135454292,0.031771489,6.333333333,0.015886016,0.0156752,285.2,564.4,209.4,864.6,15.222222222222221,19.219814248868097,7.910447758534195,14.099236640908458,48.66666667,419.0000002999999,-2.1666666699999997,10.166666660000004,7.311774463688026,5.120577607959639,0.0033994110000000015,0.003978052999999999,33.706464671999996,25.650865743811583
IRIS_313-9218,88.0,807.3333332999999,6.916666667,55.25,0.047956770999999995,0.12941285800000002,0.006245469,0.0029078409999999996,0.018651847,0.018497813000000002,81.0,407.0,9.583333332999999,43.0,0.07552853,0.010405054,0.158878864,0.035261106,7.0,0.014527161,0.01433594,259.2,576.4,181.0,827.4,12.722891565651908,14.612368023529411,8.452173913337468,9.465116279069768,7.0,400.33333329999994,-2.6666666659999985,12.25,4.27071765231444,5.147251744459643,0.004124685999999999,0.004161873000000002,27.041921279999997,30.596938413985356
IRIS_313-9262,157.0,1055.0,7.25,53.5,0.027403177999999997,0.076421405,0.006452424,0.030759941000000002,0.019963384,0.02037372,92.0,583.6666667000001,9.666666667000001,41.33333333,0.060660748,0.016934018999999998,0.15247698699999998,0.034584332,5.0,0.019346913,0.01768308,231.6,605.2,169.6,735.4,21.655172413793103,19.7196261682243,9.517241378982163,14.120967743880724,65.0,471.33333329999994,-2.416666667000001,12.166666669999998,12.13793103481094,5.598658424343574,0.0006164710000000004,0.002690640000000001,23.771868672,30.935725337663516
IRIS_313-9271,117.66666670000001,810.6666667000001,8.166666667000001,54.0,0.022395545,0.065582807,0.004998379,0.02174842,0.01690616,0.017690487,72.0,365.6666667,8.666666667000001,44.66666667,0.047787234000000005,0.014167743,0.124313644,0.037607174,7.333333333,0.016617707,0.016643453,234.2,541.8,173.4,630.4,14.408163268799665,15.01234567962963,8.307692307372779,8.186567164314436,45.66666670000001,445.00000000000006,-0.5,9.333333330000002,6.100470961426886,6.825778515315195,0.000288453000000001,0.0010470340000000022,22.002649703999996,28.651094685445806
IRIS_313-9325,59.66666667,842.3333332999998,4.666666667,42.66666667,0.024893286,0.198315372,0.005057586,0.008599653,0.016090259,0.016049573,34.33333333,186.33333330000002,5.833333333,27.5,1.0407193829999999,0.249860647,0.095570713,0.016980183,8.333333332999999,0.010089962,0.01025655,248.0,680.4,167.8,815.2,12.785714285515304,19.742187497676387,5.885714285479184,6.775757574545455,25.333333339999996,655.9999999999998,-1.1666666659999994,15.166666669999998,6.90000000003612,12.966429923130931,0.006000297,0.005793023000000001,28.31443776,28.79096547527561
IRIS_313-9368,61.5,619.0,8.5,42.75,0.033348811,0.11203394,0.004514511,0.065030038,0.01480492,0.01436927,71.0,348.6666667,8.5,33.0,0.46526994200000005,0.0070419919999999995,0.119028223,0.030906292000000002,6.0,0.013600583000000001,0.011769193,290.6,593.6,193.4,831.4,7.235294117647059,14.47953216374269,8.352941176470589,10.565656566666666,-9.5,270.3333333,0.0,9.75,-1.1176470588235299,3.9138755970760233,0.001204336999999998,0.0026000769999999992,33.36153094400001,24.920918689120448
IRIS_313-9391,78.33333333,779.0,6.166666667,52.0,0.024402589,0.17586399100000003,0.004555957,0.042962654,0.012748325,0.01222908,99.0,570.6666667000001,11.41666667,46.75,0.045639035999999994,0.014006565,0.087621048,0.039500258999999996,5.0,0.013712596,0.013158953000000001,282.6,592.0,192.0,952.2,12.702702701475529,14.98076923076923,8.671532844183494,12.206773619251338,-20.666666669999998,208.33333329999994,-5.250000002999999,5.25,4.031169857292035,2.7739956115178916,-0.0009642710000000009,-0.0009298730000000012,32.1214464,29.64374605497217
IRIS_313-9397,95.66666667,1010.0,7.5,61.41666667,0.027910536,0.110058219,0.013097349,0.01365044,0.014695581000000001,0.014144713,75.33333333,483.33333330000005,8.0,46.08333333,0.047136515999999996,0.011818496000000001,0.125582792,0.03974616,6.333333333,0.015510145,0.013326613000000001,230.4,663.0,178.8,758.8,12.755555556,16.44504748893107,9.41666666625,10.488245931319224,20.333333339999996,526.6666667,-0.5,15.333333339999996,3.338888889749999,5.956801557611847,-0.0008145639999999985,0.0008180999999999987,27.31262976,27.782019039092336
IRIS_313-9422,101.33333329999999,838.3333332999999,8.666666667000001,50.16666667,0.029696316,0.08528428099999999,0.007339432,0.0031029359999999997,0.018560953,0.018215013000000002,57.66666667,344.3333333,9.333333332999999,40.0,0.078135948,0.00993022,0.14931197599999999,0.026724885,6.666666667,0.014939121000000001,0.01417232,255.4,525.4,182.0,632.2,11.692307688011832,16.710963453374685,6.178571429149235,8.608333332499999,43.666666629999995,493.99999999999994,-0.6666666659999976,10.166666669999998,5.513736258862597,8.102630120874686,0.003621832,0.004042693000000002,24.42206312,25.88642887759435
IRIS_313-9445,NA,NA,NA,NA,0.018066504,0.04179673,0.003727438,0.078836864,0.012992400000000001,0.012367787,NA,NA,NA,NA,0.061136200999999994,0.01907667,0.161659128,0.033456091,5.666666667,0.016907764,0.014807273000000001,258.8,509.6,202.2,715.6,NA,NA,NA,NA,NA,NA,NA,NA,NA,NA,-0.003915363999999998,-0.002439486000000001,26.667041855999997,26.834622447596015
IRIS_313-9594,121.33333329999999,1537.0,9.5,57.08333333,0.02821316,0.15341261,0.00667529,0.034166357,0.018343077,0.018316013,106.0,697.0,11.91666667,44.5,0.078584132,0.018744674,0.119356245,0.029536375,5.666666667,0.021177077000000002,0.021344667,269.0,553.0,190.8,802.2,12.77192982105263,26.925547446827768,8.895104892616754,15.662921348314606,15.333333299999993,840.0,-2.4166666699999997,12.583333330000002,3.8768249284358767,11.262626098513161,-0.002834000000000003,-0.003028654000000002,28.3828356,28.263560812084613
IRIS_313-9606,89.66666667,715.6666667000001,7.833333333,58.16666667,0.053895619000000006,0.7895763659999999,0.003548847,0.034903382000000004,0.018410445,0.01816182,45.66666667,277.3333333,8.833333332999999,39.33333333,0.102986595,0.023700400000000003,0.127927936,0.035215252,6.666666667,0.010828603999999999,0.009362700000000002,210.8,594.0,166.8,587.0,11.446808511550929,12.303724928234745,5.169811321327163,7.0508474573771895,44.0,438.3333334000001,-0.9999999999999991,18.833333339999996,6.276997190223765,5.252877470857555,0.007581841000000002,0.008799119999999997,20.885895360000003,28.105091492711562
IRIS_313-9617,89.33333333,829.3333332999999,6.333333333,55.83333333,0.036409817000000004,0.100489285,0.085805458,0.020757463,0.01938434,0.0208565,82.66666667,423.33333330000005,10.25,47.16666667,0.061006472,0.010288926,0.09961108699999999,0.027060762999999998,7.666666667,0.014600143000000001,0.014358833,NA,NA,NA,NA,14.105263158110805,14.853731343573356,8.065040650731707,8.975265016326837,6.666666660000004,405.9999999999999,-3.9166666670000003,8.666666660000004,6.040222507379099,5.878466327246519,0.004784196999999999,0.006497667,NA,NA
IRIS_313-9626,112.66666670000001,852.6666667000002,7.333333333,53.33333333,0.024648053,0.0487644,0.00689327,0.006935154000000001,0.016924339,0.016366713,86.0,392.3333333,8.0,35.0,0.04956968900000001,0.016880342,0.08938065199999999,0.035668833999999996,6.666666667,0.010247955999999999,0.00965156,265.4,592.0,182.8,767.2,15.363636368880167,15.987500001624221,10.75,11.209523808571427,26.666666700000007,460.3333334000002,-0.6666666670000003,18.333333330000002,4.613636368880167,4.777976193052794,0.006676383000000001,0.0067151530000000015,28.72095104,26.712207368464636
IRIS_313-9661,111.33333329999999,855.3333332999998,10.06666667,53.3,0.024798788999999998,0.17121887800000002,0.005588632,0.030536975,0.017734358999999998,0.0173518,66.0,303.6666667,9.833333332999999,38.66666667,0.075806031,0.011042983000000001,0.134226672,0.035708789,7.0,0.013551394,0.01349562,260.6,518.0,178.4,653.6,11.059602642033243,16.047529705440898,6.711864407007183,7.853448276047117,45.33333329999999,551.6666665999999,0.23333333700000125,14.63333333,4.34773823502606,8.19408142939378,0.0041829649999999986,0.0038561800000000007,24.082358720000002,27.14019866572272
IRIS_313-9682,108.0,1381.666667,8.666666667000001,60.33333333,0.025162458999999998,0.03101697,0.007195414,0.038501796,0.018297095,0.017841313,109.33333329999999,740.6666667000001,9.333333332999999,45.83333333,0.05509628,0.010858038,0.09391250699999999,0.032333796,6.666666667,0.020469981,0.020255887,291.0,568.2,204.4,902.2,12.46153846105917,22.90055249297793,11.714285711132653,16.160000001902546,-1.3333332999999925,641.0000002999999,-0.6666666659999976,14.5,0.7472527499265169,6.740552491075384,-0.0021728860000000023,-0.002414573999999999,33.79676328,26.69486401775928
IRIS_313-9696,110.0,979.0,5.083333333,56.0,0.025756598,0.113154961,0.005863711,0.006199678,0.022993741,0.02465713,77.33333333,522.6666667,7.333333333,46.66666667,0.060660748,0.010869566,0.11330120199999999,0.029616512,5.666666667,0.017775528,0.017250799999999997,229.2,574.2,168.2,609.4,21.639344263714058,17.482142857142858,10.54545454547934,11.199999999914285,32.66666667,456.33333330000005,-2.25,9.333333330000002,11.093889718234719,6.282142857228573,0.005218213000000003,0.007406330000000003,22.136236848000003,27.52952112793548
