accession_name,Root_weight,Shoot_weight,Root_length,Shoot_length,Root_Na+,Root_K+,Shoot_Na+,Shoot_K+,Chlorophyll_A,Chlorophyll_B,Stress_Root_weight,Stress_Shoot_weight,Stress_Root_length,Stress_Shoot_length,Stress_Root_Na+,Stress_Root_K+,Stress_Shoot_Na+,Stress_Shoot_K+,SES,Stress_Chlorophyll_A,Stress_Chlorophyll_B,Root_thickness,Shoot_thickness,Stress_Root_thickness,Stress_Shoot_thickness,Lost_Root_weight,Lost_Shoot_weight,Lost_Root_length,Lost_Shoot_length,Lost_Root_thickness,Lost_Shoot_thickness,Lost_Chlorophyll_A,Lost_Chlorophyll_B,"pca$x[, 1]"
IRIS_313-10340,40.5,392.5,3.5,42.25,0.018481372,0.143348198,0.005188677,0.007748049,0.014425173,0.01360268,30.66666667,150.666666699999,5.666666667,19.0,0.059591769,0.015818159,0.10474758,0.035579569,7.666666667,0.019820628,0.01898598,11.5714285714285,9.28994082840236,5.41176470615224,7.92982456315789,9.83333332999999,241.8333333,-2.166666667,23.25,6.15966386527632,1.36011626524447,-0.00539545499999999,-0.00538329999999999,-2.6260569983436235
IRIS_313-10341,128.6666667,1346.333333,5.5,49.5,0.025387826,0.0779697759999999,0.005831512,0.005488976,0.020523715,0.027691507,100.0,630.6666667,7.583333333,36.83333333,0.064923295,0.007904951,0.148573064,0.03436,6.0,0.018702373,0.018449333,23.3939394,27.1986531919191,13.1868131873928,17.1221719481558,28.6666667,715.6666663,-2.08333333299999,12.6666666699999,10.2071262126071,10.0764812437633,0.001821342,0.00924217399999999,1.2744625887608954
IRIS_313-10537,75.66666667,799.0,6.5,61.16666667,0.0417042029999999,0.075994055,0.00578919699999999,0.005425492,0.020328027,0.02060804,72.0,500.0,7.416666667,49.66666667,0.118431241999999,0.015824353,0.11755229,0.02508513,5.666666667,0.014807861,0.013867973,11.6410256415384,13.0626702990156,9.70786516810301,10.067114093284,3.66666666999999,299.0,-0.916666667,11.5,1.93316047343544,2.99555620573157,0.00552016599999999,0.006740067,0.3792780839984832
IRIS_313-10539,93.66666667,1044.333333,7.666666667,66.0,0.020398412,0.185154218,0.035209814,0.08483835,0.0217764389999999,0.02391074,64.0,375.0,7.0,38.93333333,0.037907263,0.010377183,0.130470781999999,0.023898985,6.333333333,0.019188251,0.01929504,12.2173913042514,15.8232323181818,9.14285714285714,9.63184931589313,29.6666666699999,669.333333,0.666666667,27.0666666699999,3.07453416139427,6.19138300228868,0.00258818799999999,0.0046157,0.034987735045897465
IRIS_313-10587,98.0,930.0,9.5,48.125,0.020889016,0.04386845,0.003821587,0.0315589,0.021308739,0.02919203,69.66666667,344.0,9.08333333299999,36.5,0.061064257,0.009717135,0.138301664,0.043375094,7.0,0.008857823,0.008455047,10.3157894736842,19.3246753246753,7.66972477129063,9.42465753424657,28.33333333,586.0,0.416666667000001,11.625,2.64606470239357,9.90001779042875,0.012450916,0.020736983,-1.5901606489778242
IRIS_313-10592,123.0,983.0,11.33333333,49.83333333,0.017613458,0.002954032,0.00418769,0.037386969,0.019171008,0.018672207,82.0,297.6666667,8.916666667,36.16666667,0.049915413,0.01069976,0.171482653,0.031363491,8.33333333299999,0.00499646,0.005133493,10.8529411796626,19.7257525096806,9.1962616818992,8.23041474670687,41.0,685.3333333,2.41666666299999,13.66666666,1.65667949776342,11.4953377629737,0.0141745479999999,0.013538714,-2.19022097448988
IRIS_313-10593,118.0,1129.333333,6.333333333,59.33333333,0.027470666,0.072677444,0.005345765,0.008677072,0.018867585,0.0190802469999999,128.0,634.0,7.583333333,44.0,0.068589683,0.014846667,0.123094101,0.030390086,5.0,0.021353517,0.02062622,18.631578948349,19.0337078606198,16.8791208798628,14.4090909090909,-10.0,495.333333,-1.25,15.33333333,1.75245806848621,4.62461695152896,-0.002485932,-0.001545973,2.6597657281632907
IRIS_313-10595,102.6666667,1193.0,6.666666667,46.66666667,0.031984192,0.114328626,0.004491164,0.005024464,0.022202568,0.0287647999999999,35.0,210.3333333,7.916666667,34.16666667,0.08071505,0.009703125,0.187435846,0.0228550829999999,7.666666667,0.012725334,0.01265631,15.40000000423,25.5642857124596,4.42105263139279,6.1560975593994,67.6666667,982.6666667,-1.25,12.5,10.9789473728372,19.4081881530602,0.009477234,0.0161084899999999,-2.2394449760410797
IRIS_313-10598,81.0,515.0,8.0,45.0,0.02257352,0.044797473,0.003661525,0.00298371099999999,0.018068793,0.018816973,75.33333333,349.3333333,7.5,40.18333333,0.089605756,0.007436605,0.112182151,0.041663561,7.666666667,0.007437748,0.00747501,10.125,11.4444444444444,10.044444444,8.69348817907038,5.66666666999999,165.6666667,0.5,4.81666666999999,0.0805555560000002,2.75095626537406,0.0106310449999999,0.011341963,-1.7692929833193731
IRIS_313-10600,103.333333299999,855.6666667,7.333333333,48.16666667,0.02306737,0.127090301,0.004744277,0.005488976,0.015842307,0.01541058,61.0,394.0,7.666666667,35.75,0.102631651999999,0.01597919,0.188527756,0.034299791,7.333333333,0.014579558,0.01151501,14.0909090870041,17.7647058818155,7.95652173878449,11.020979020979,42.3333332999999,461.6666667,-0.333333334,12.4166666699999,6.13438734821963,6.74372686083657,0.00126274899999999,0.00389557,-1.1356907703759502
IRIS_313-10602,44.5,379.0,5.5,44.0,,,,,0.020899318,0.02467834,25.0,175.666666699999,4.666666667,29.25,,,,,8.0,0.006351038,0.006294993,8.09090909090909,8.61363636363636,5.3571428567602,6.0056980068376,19.5,203.3333333,0.833333332999999,14.75,2.73376623414888,2.60793835679875,0.01454828,0.018383347,-4.578840899418363
IRIS_313-10603,118.6666667,898.333333299999,10.58333333,53.5,0.020106433,0.124321814,0.005201893,0.007399666,0.020420791,0.020269353,90.66666667,427.0,11.0,37.0,0.084379725,0.013496635,0.155081683,0.040528589,7.0,0.014860525,0.014231573,11.2125984318779,16.7912772579439,8.24242424272727,11.5405405405405,28.00000003,471.333333299999,-0.416666669999999,16.5,2.97017418915071,5.25073671740338,0.005560266,0.00603777999999999,0.4786189734655144
IRIS_313-10604,86.33333333,734.0,7.666666667,48.83333333,0.030227645,0.145670755,0.00550637099999999,0.00716741,0.017711101,0.016958573,63.0,355.3333333,8.08333333299999,38.33333333,0.0622922359999999,0.019474085,0.086743078,0.028443416,6.333333333,0.012889477,0.01266742,11.260869564293,15.0307167245754,7.79381443331108,9.26956521732778,23.33333333,378.6666667,-0.416666665999998,10.5,3.46705513098191,5.76115150724768,0.004821624,0.004291153,-1.0237897947692298
IRIS_313-10605,96.33333333,641.6666667,6.416666667,48.33333333,0.019148505,0.003651059,0.005412201,0.037969157,0.019491808,0.01897992,75.66666667,317.3333333,7.083333333,39.96666667,0.060241269,0.021615261,0.11664606,0.035567117,7.666666667,0.0110376589999999,0.011114713,15.0129870116876,13.2758620705707,10.6823529421497,7.93994995680233,20.66666666,324.3333334,-0.666666665999999,8.36666666,4.33063406953787,5.33591211376841,0.008454149,0.007865207,-1.2972872755813951
IRIS_313-10606,71.66666667,618.6666667,6.833333333,45.16666667,0.024956574,0.104446922,0.006027943,0.004728725,0.016924606,0.01632362,36.66666667,164.3333333,4.333333333,22.75,0.083428753,0.013226186,0.15483066,0.030759297,8.0,0.005848986,0.005820293,10.4878048790481,13.6974169738968,8.46153846295858,7.22344322197802,35.0,454.3333334,2.5,22.4166666699999,2.0262664160896,6.47397375191884,0.01107562,0.010503327,-4.939715616175642
IRIS_313-10963,122.6666667,1167.666667,8.266666667,56.5,0.026282636,0.12554193,0.006106139,0.015787192,0.018892447,0.0183920999999999,50.66666667,367.6666667,7.166666667,38.83333333,0.103192647,0.01603906,0.132752762,0.028315629,7.333333333,0.0139478489999999,0.01505708,14.8387096808532,20.6666666725663,7.06976744199675,9.46781116046934,72.00000003,800.0000003,1.1,17.6666666699999,7.76894223885652,11.198855512097,0.004944598,0.00333501999999999,-1.053472674004157
IRIS_313-10964,98.66666667,552.333333299999,7.5,46.0,0.019298318,0.178186548,0.002760496,0.0852842809999999,0.014716433,0.013991193,68.0,440.666666699999,9.0,42.16666667,0.059558579,0.014240885,0.087933739,0.034109937,6.666666667,0.015810895,0.015225413,13.155555556,12.0072463760869,7.55555555555555,10.4505928853398,30.6666666699999,111.666666599999,-1.5,3.83333333,5.60000000044444,1.55665349074708,-0.00109446199999999,-0.00123421999999999,0.20374307360386265
IRIS_313-10965,71.5,786.0,7.75,48.5,0.028061732,0.154960981,0.004726119,0.00403195799999999,0.012124369,0.01200688,95.5,446.5,8.625,38.25,0.072081167,0.01510178,0.166109778,0.026784851,6.0,0.015366721,0.01536614,9.2258064516129,16.2061855670103,11.0724637681159,11.673202614379,-24.0,339.5,-0.875,10.25,-1.84665731650303,4.53298295263122,-0.003242352,-0.00335926,0.3872666337729146
IRIS_313-10971,126.333333299999,1285.333333,7.0,67.75,0.0251256129999999,0.100111483,0.004662597,0.004637372,0.01899938,0.018730113,75.66666667,667.333333299999,8.5,52.83333333,0.068266678,0.011643751,0.17571317,0.023654956,6.333333333,0.018221975,0.01769722,18.0476190428571,18.9717097121771,8.90196078470588,12.6309148266644,50.6666666299999,617.9999997,-1.5,14.9166666699999,9.14565825815126,6.34079488551271,0.000777404999999998,0.001032893,1.9604416385785068
IRIS_313-10972,161.0,1119.333333,8.0,61.16666667,0.0247987889999999,0.164251208,0.005989255,0.024798712,0.016003509,0.01539644,101.333333299999,475.666666699999,9.166666667,49.83333333,0.343102113,0.131495933,0.0453874629999999,0.023913043,4.666666667,0.018399217,0.017844007,20.125,18.2997275139891,11.0545454505071,9.5451505029796,59.6666667,643.6666663,-1.166666667,11.3333333399999,9.07045454949289,8.75457701100951,-0.002395708,-0.00244756699999999,1.8703627898438595
IRIS_313-10973,129.6666667,1396.666667,8.33333333299999,60.33333333,0.028734051,0.116251703,0.005748868,0.007902886,0.018300437,0.01744169,84.33333333,775.333333299999,9.25,48.7,0.093142678,0.01254623,0.155162121999999,0.032489392,3.0,0.019059797,0.018490407,15.5600000046224,23.149171277522,9.11711711675675,15.9206023264887,45.33333337,621.3333337,-0.916666667000001,11.63333333,6.44288288786564,7.22856895103334,-0.00075936,-0.001048717,2.4620649146826072
IRIS_313-10974,110.6666667,779.6666667,7.166666667,60.0,0.027200011,0.073634337,0.004336396,0.053381643,0.017324537,0.017891813,84.33333333,551.333333299999,7.666666667,47.33333333,0.050013039,0.0132829589999999,0.142215168,0.026614691,5.0,0.014619123,0.013729267,15.4418604690492,12.994444445,10.9999999990869,11.6478873240597,26.33333337,228.3333334,-0.5,12.6666666699999,4.44186046996225,1.34655712094029,0.00270541399999999,0.004162546,0.6264072424514671
IRIS_313-10975,59.0,849.333333299999,7.833333333,57.66666667,0.0372855189999999,0.18128329,0.003869312,0.006959928,0.017955711,0.017086507,64.0,383.6666667,7.833333333,43.91666667,0.060195404,0.013614828,0.121518873,0.037265236,7.0,0.009498353,0.00938694,7.53191489393752,14.7283236979925,8.17021276630511,8.73624288434639,-5.0,465.666666599999,0.0,13.75,-0.638297872367587,5.99208081364618,0.00845735799999999,0.007699567,-1.2360201513068638
IRIS_313-10976,89.66666667,943.6666667,6.833333333,55.4,0.021872283,0.15341261,0.005507245,0.025572897,0.018332116,0.018002913,71.0,532.3333333,7.916666667,40.66666667,0.056188724,0.008791799,0.131884455999999,0.034508053,4.666666667,0.017935126,0.015591033,13.12195122064,17.0336943447653,8.96842105225396,13.0901639325335,18.6666666699999,411.3333334,-1.083333334,14.73333333,4.15353016838613,3.94353041223175,0.000396989999999999,0.00241187999999999,0.4420884939872752
IRIS_313-10977,96.66666667,1129.333333,7.166666667,64.0,0.015980904,0.164251208,0.00279684,0.007347021,0.0192728619999999,0.019106507,90.0,594.0,8.08333333299999,47.66666667,0.064514189,0.018111297,0.104026196999999,0.0405949129999999,6.333333333,0.0206450839999999,0.020085533,13.488372092861,17.645833328125,11.1340206190158,12.461538460667,6.66666666999999,535.333333,-0.916666665999998,16.33333333,2.35435147384516,5.18429486745797,-0.00137222199999999,-0.000979026000000001,2.0576988075278075
IRIS_313-10978,201.5,1393.0,8.5,68.375,0.0219786929999999,0.108937198,0.004025169,0.007980305,0.021620316,0.02098275,102.0,643.5,9.125,52.25,0.053842608,0.010111896,0.117660965999999,0.032983421,7.5,0.016319898,0.01585599,23.7058823529411,20.3729433272394,11.1780821917808,12.3157894736842,99.5,749.5,-0.625,16.125,12.5278001611603,8.05715385355527,0.005300418,0.00512676,2.1246687260778945
IRIS_313-10979,84.33333333,845.6666667,9.666666667,52.33333333,0.040410865,0.144122383,0.00782645,0.0840951319999999,0.017943146,0.016962613,79.0,423.3333333,9.33333333299999,41.0,0.0438004809999999,0.010787723,0.115016337,0.039216025,6.333333333,0.012373256,0.011920693,8.72413793038882,16.159235670456,8.46428571458801,10.3252032512195,5.33333333,422.3333334,0.333333334000002,11.33333333,0.25985221580081,5.83403241923649,0.00556988999999999,0.00504192,-0.2538734125869949
IRIS_313-10980,119.5,1180.0,7.25,55.75,0.015690722,0.080818047,0.004872692,0.043290134,0.0151786519999999,0.01437129,94.66666667,526.6666667,10.06666667,44.66666667,0.059575174,0.013501796,0.133323194,0.037293895,7.0,0.015831213,0.015635473,16.4827586206896,21.1659192825112,9.403973507151,11.7910447759857,24.83333333,653.3333333,-2.81666667,11.08333333,7.07878511353865,9.37487450652546,-0.000652561000000001,-0.001264183,1.3246016229565492
IRIS_313-10981,89.66666667,909.333333299999,8.166666667,57.66666667,0.015772561,0.215347455,0.00577009199999999,0.007748049,0.01723498,0.01639432,93.0,526.3333333,9.75,43.66666667,0.0512420709999999,0.007896693,0.122656989,0.030845239,6.0,0.017221346,0.016463,10.9795918366947,15.7687861256781,9.53846153846153,12.0534351128203,-3.33333333,382.999999999999,-1.58333333299999,14.0,1.44113029823317,3.71535101285775,1.36339999999984e-05,-6.8679999999998e-05,1.3716589996466162
IRIS_313-10982,102.0,1117.333333,7.833333333,65.33333333,0.029988233,0.166573765,0.004238409,0.001783724,0.020983795,0.021348707,81.33333333,436.0,8.5,49.41666667,0.068136488,0.015786307,0.096034818,0.031284685,7.0,0.016794415,0.017606993,13.0212765962987,17.102040812097,9.56862745058823,8.82293423211987,20.6666666699999,681.333333,-0.666666667,15.91666666,3.45264914571054,8.27910657997717,0.00418937999999999,0.003741714,1.0742009908007175
IRIS_313-10983,88.0,645.0,7.25,56.16666667,0.042997013,0.131735414,0.004726119,0.006354515,0.016866595,0.01619838,71.66666667,382.3333333,10.58333333,44.16666667,0.070547469,0.017430235,0.108211639,0.034174763,6.666666667,0.015242812,0.014601233,12.1379310344827,11.483679524541,6.77165354575485,8.65660377217686,16.33333333,262.6666667,-3.33333333,12.0,5.3662774887279,2.82707575236416,0.001623783,0.00159714699999999,0.4250176278593345
IRIS_313-10986,110.0,1177.0,7.0,57.16666667,0.023903824,0.143001362,0.004391935,0.073978075,0.017722596,0.017976653,94.33333333,466.666666699999,10.25,46.16666667,0.0877157319999999,0.018180973,0.132905828,0.033411845,6.0,0.0191573739999999,0.01739018,15.7142857142857,20.5889212815983,9.20325203219512,10.1083032490896,15.6666666699999,710.3333333,-3.25,11.0,6.51103368209059,10.4806180325086,-0.00143477799999999,0.000586473,1.7333039410054687
IRIS_313-10987,80.0,622.6666667,6.666666667,47.16666667,0.0206500999999999,0.210702341,0.006072444,0.00716741,0.015540354,0.014603927,77.0,364.0,10.66666667,39.16666667,0.060423285,0.01141238,0.137504391,0.02233103,7.0,0.01322899,0.012696373,11.9999999994,13.2014134273355,7.21874999774414,9.29361702048565,3.0,258.6666667,-4.00000000299999,8.0,4.78125000165585,3.90779640684994,0.00231136399999999,0.00190755399999999,-0.16462381751056812
IRIS_313-11013,58.0,541.6666667,6.333333333,42.33333333,0.019277575,0.136380528,0.005280244,0.080639168,0.016271511,0.015771487,96.33333333,555.0,8.0,44.16666667,0.049700666,0.006591838,0.147112512,0.028925986,5.333333333,0.0147776519999999,0.014051793,9.1578947373241,12.795275592346,12.04166666625,12.5660377349006,-38.33333333,-13.3333332999999,-1.666666667,-1.83333333999999,-2.8837719289259,0.229237857445408,0.001493859,0.001719694,0.7723186357938836
IRIS_313-11014,75.0,699.333333299999,7.5,47.83333333,0.040210477,0.12554193,0.006381151,0.004637372,0.016487917,0.01580549,99.0,434.666666699999,10.08333333,43.41666667,0.054747483,0.007750114,0.138664609,0.027870885,7.0,0.015017717,0.015288033,10.0,14.6202090595554,9.81818182142749,10.0115163147783,-24.0,264.6666666,-2.58333333,4.41666666,0.181818178572502,4.60869274477702,0.0014702,0.000517456999999997,0.9700827608054262
IRIS_313-11015,81.33333333,680.333333299999,8.0,51.5,0.068837123,0.117800074,0.008882919,0.00503839999999999,0.01773222,0.017360553,92.66666667,546.0,10.33333333,45.83333333,0.058211704,0.010482472,0.150507868,0.02709109,6.0,0.016632143,0.016151247,10.16666666625,13.2103559864077,8.96774193869927,11.9127272735936,-11.3333333399999,134.333333299999,-2.33333333,5.66666666999999,1.19892472755072,1.29762871281411,0.00110007699999999,0.001209306,1.5817056760072237
IRIS_313-11016,80.0,777.0,8.25,49.25,0.02610387,0.179734919,0.007912123,0.031843801,0.0148646689999999,0.01416828,92.33333333,506.666666699999,7.833333333,42.66666667,0.044673698,0.006368967,0.175870107,0.019783366,6.333333333,0.014720977,0.01641856,9.69696969696969,15.7766497461928,11.7872340426292,11.8749999998535,-12.33333333,270.3333333,0.416666667,6.58333333,-2.09026434565954,3.90164974633937,0.000143691999999999,-0.00225027999999999,0.6455838896851723
IRIS_313-11017,112.333333299999,1061.333333,9.0,59.66666667,0.017894679,0.127090301,0.003544056,0.13480119,0.014543201,0.01370772,56.5,275.5,7.75,37.5,0.06094839,0.010911888,0.096596495,0.038286352,8.0,0.007199153,0.00736088,12.4814814777777,17.7877094906263,7.29032258064516,7.34666666666666,55.8333332999999,785.833333,1.25,22.1666666699999,5.19115889713261,10.4410428239597,0.007344048,0.00634683999999999,-2.4651686221849363
IRIS_313-11018,69.66666667,648.6666667,5.666666667,43.0,0.022561325,0.004347826,0.00357311299999999,0.00331661099999999,0.016184093,0.01744674,67.0,454.3333333,9.33333333299999,39.66666667,0.119938599,0.017094017,0.128235977,0.037997027,5.333333333,0.019112462,0.01893548,12.2941176469238,15.0852713186046,7.1785714288278,11.4537815108022,2.66666666999999,194.3333334,-3.66666666599999,3.33333333,5.11554621809606,3.63148980780244,-0.002928369,-0.00148874,0.7646022676393861
IRIS_313-11019,113.333333299999,654.0,10.5,51.16666667,,,,,0.015320606,0.014708293,93.0,583.6666667,11.33333333,49.16666667,,,,,5.666666667,0.018953131,0.018477613,10.7936507904761,12.781758956822,8.20588235535467,11.8711864405511,20.3333332999999,70.3333332999999,-0.83333333,2.0,2.58776843512151,0.910572516270926,-0.003632525,-0.00376931999999999,2.5015990566028528
IRIS_313-11048,102.333333299999,979.333333299999,8.83333333299999,54.0,0.019964059,0.126802304,0.00356827099999999,0.002945002,0.019289169,0.01832746,99.0,444.666666699999,10.66666667,42.0,0.055531124,0.0115694289999999,0.180808488,0.028506086,6.333333333,0.014681145,0.0138605669999999,11.5849056570409,18.1358024685185,9.2812499970996,10.5873015880952,3.33333329999999,534.666666599999,-1.833333337,12.0,2.30365565994133,7.54850088042328,0.00460802399999999,0.004466893,0.8681513221616728
IRIS_313-11049,82.0,745.6666667,6.666666667,57.73333333,0.030408025,0.170444691999999,0.005841679,0.006379289,0.015986266,0.015252347,79.33333333,399.6666667,8.83333333299999,40.33333333,0.071343227,0.013515953,0.158484806,0.036861407,6.666666667,0.013221237,0.0112817,12.299999999385,12.9157043893138,8.98113207543325,9.90909091073628,2.66666666999999,346.0,-2.16666666599999,17.4,3.31886792395174,3.00661347857755,0.002765029,0.00397064699999999,-0.4292545526092999
IRIS_313-11050,89.0,868.333333299999,8.33333333299999,53.5,0.021052711,0.029542921,0.00408825099999999,0.196767001,0.018320888,0.017714727,88.33333333,394.0,9.416666667,43.25,0.048227127,0.00802882,0.146682976,0.0282188289999999,6.0,0.017123502,0.0224368129999999,10.6800000004272,16.2305295943925,9.38053097276529,9.10982658959537,0.666666669999997,474.333333299999,-1.083333334,10.25,1.29946902766191,7.12070300479714,0.001197386,-0.00472208599999999,1.3456861182843056
IRIS_313-11052,87.0,723.0,7.75,58.25,0.025534489,0.165799579,0.005389552,0.006741608,0.018071466,0.01803052,79.0,286.3333333,9.08333333299999,40.33333333,0.067994708,0.007994756,0.192071873999999,0.033670293,6.666666667,0.012915141,0.012648567,11.2258064516129,12.4120171673819,8.69724770674118,7.09917355347927,8.0,436.6666667,-1.33333333299999,17.9166666699999,2.52855874487172,5.3128436139027,0.005156325,0.005381953,-0.6113846731330832
IRIS_313-11053,98.33333333,693.0,7.666666667,42.91666667,0.047230519,0.068252199,0.009163022,0.003025517,0.017284169,0.017162593,38.0,141.0,6.5,21.83333333,0.086935779,0.013772761,0.133259184,0.0378082739999999,8.33333333299999,0.006738805,0.00700031,12.8260869555293,16.1475728142798,5.84615384615384,6.45801526816152,60.33333333,552.0,1.166666667,21.08333334,6.97993310937545,9.68955754611827,0.0105453639999999,0.010162283,-4.435157844868281
IRIS_313-11054,122.333333299999,710.333333299999,8.33333333299999,51.33333333,0.0504024229999999,0.054434535,0.00712469,0.003940604,0.016699244,0.015936453,66.66666667,248.3333333,7.5,36.75,0.054205234,0.015183671,0.118365996,0.0308780429999999,7.333333333,0.010370662,0.010581433,14.6799999965872,13.8376623379115,8.88888888933333,6.75736961360544,55.6666666299999,461.999999999999,0.833333332999998,14.58333333,5.79111110725386,7.08029272430609,0.00632858199999999,0.00535501999999999,-1.8759311974337536
IRIS_313-11056,110.0,1103.5,9.0,58.5,0.018179555,0.145670754,0.003611612,0.002422427,0.02020639,0.02019495,61.66666667,430.666666699999,10.33333333,44.83333333,0.0524256009999999,0.009956027,0.13662095,0.037333444,5.333333333,0.01699037,0.016442127,12.2222222222222,18.8632478632478,5.96774193773152,9.60594795684802,48.33333333,672.8333333,-1.33333333,13.6666666699999,6.25448028449069,9.25729990639984,0.00321602,0.00375282299999999,0.6907135937308431
IRIS_313-11057,115.0,779.5,7.75,53.5,0.036340442,0.092251951,0.006145171,0.00449647,0.014152894,0.01348148,76.0,409.3333333,7.0,37.66666667,0.055468894,0.015863578,0.088640129,0.0285319229999999,5.666666667,0.015415242,0.013593253,14.8387096774193,14.5700934579439,10.8571428571428,10.8672566353214,39.0,370.1666667,0.75,15.83333333,3.98156682027649,3.70283682262244,-0.001262348,-0.000111773,-0.5718703472472888
IRIS_313-11058,98.5,866.5,8.0,49.25,0.037139064,0.0667038279999999,0.009851439,0.001941657,0.017267862,0.01648421,41.33333333,221.3333333,7.166666667,33.66666667,0.0613833109999999,0.00809024,0.063643947,0.029328576,7.333333333,0.007932047,0.0080497,12.3125,17.5939086294416,5.76744185973174,6.57425742410155,57.16666667,645.1666667,0.833333332999999,15.58333333,6.54505814026825,11.01965120534,0.00933581499999999,0.00843451,-3.1089233246885217
IRIS_313-11059,108.6666667,696.0,9.83333333299999,50.5,0.0509182429999999,0.099219621,0.011452691,0.005221107,0.0159806519999999,0.015615947,110.0,530.3333333,12.75,44.5,0.054906517,0.011703621,0.163946816,0.025399132,5.333333333,0.018698095,0.0167559,11.0508474613915,13.7821782178217,8.62745098039215,11.9176029955056,-1.33333329999999,165.666666699999,-2.916666667,6.0,2.4233964809994,1.86457522231616,-0.002717443,-0.001139953,2.4791766249274705
IRIS_313-11060,23.0,133.0,4.0,20.0,0.019094341,0.171218878,0.00475988,0.006006132,0.00698542,0.00664984,46.0,337.0,9.0,33.0,0.090897776,0.00780379,0.149406336,0.028050491,6.0,0.015760904,0.01524898,5.75,6.65,5.11111111111111,10.2121212121212,-23.0,-204.0,-5.0,-13.0,0.638888888888889,-3.56212121212121,-0.008775484,-0.00859914,-1.0420874418243753
IRIS_313-11061,62.5,478.0,7.5,39.5,0.027365674,0.125661183,0.004545846,0.031812833,0.015467372,0.0148975,42.66666667,177.0,8.25,28.25,0.055003319,0.008906231,0.161621888,0.037794343,8.666666667,0.004613104,0.004992767,8.33333333333333,12.1012658227848,5.17171717212121,6.26548672566371,19.83333333,301.0,-0.75,11.25,3.16161616121212,5.83577909712109,0.010854268,0.00990473299999999,-3.8978866854957515
IRIS_313-11062,47.0,520.5,7.75,56.25,0.11005089,0.029542921,0.013236732,0.002096494,0.018565498,0.01878095,33.0,199.0,9.625,40.0,0.084361286,0.012118585,0.186460417,0.02636986,8.5,0.003378024,0.00362691,6.06451612903225,9.25333333333333,3.42857142857142,4.975,14.0,321.5,-1.875,16.25,2.63594470046082,4.27833333333333,0.015187474,0.01515404,-3.2752912790971744
IRIS_313-11063,93.66666667,741.0,4.833333333,50.5,0.030456563,0.087606838,0.005834535,0.187476775,0.013084897,0.01223918,47.0,260.0,8.666666667,41.66666667,0.079582227,0.0226913789999999,0.142677519,0.03725483,9.0,0.00577520199999999,0.00586507,19.3793103468537,14.6732673267326,5.42307692286834,6.2399999995008,46.66666667,481.0,-3.833333334,8.83333333,13.9562334239854,8.43326732723187,0.007309695,0.00637411,-2.5170743183246183
IRIS_313-11064,38.0,572.0,7.0,49.5,,,,,0.0186064,0.01820222,35.0,192.0,8.5,41.0,,,,,9.0,0.00355286,0.00366428,5.42857142857142,11.5555555555555,4.11764705882352,4.68292682926829,3.0,380.0,-1.5,8.5,1.31092436974789,6.87262872628726,0.01505354,0.01453794,-3.3947254870975065
IRIS_313-11065,55.0,342.5,5.25,44.25,0.0272999539999999,0.119348445,0.018802357,0.091174285,0.010480536,0.00988992,76.5,467.5,10.25,47.25,0.05236337,0.016288864,0.134637171,0.029417029,6.5,0.015460555,0.01453491,10.4761904761904,7.74011299435028,7.46341463414634,9.89417989417989,-21.5,-125.0,-5.0,-3.0,3.01277584204413,-2.15406689982961,-0.004980019,-0.00464499,0.8869092224915468
IRIS_313-11066,80.0,614.0,8.0,46.0,0.022370378,0.09767125,0.00699364699999999,0.017056856,0.015434757,0.014978973,56.0,254.0,10.625,34.0,0.072353136,0.013331475,0.146036488,0.031856138,8.5,0.006222718,0.00666297,10.0,13.3478260869565,5.27058823529411,7.47058823529411,24.0,360.0,-2.625,12.0,4.72941176470588,5.8772378516624,0.009212039,0.008316003,-2.3438521702626054
IRIS_313-11067,67.5,550.5,5.5,56.5,0.033725385,0.120122631,0.005797645,0.004264214,0.014691437,0.01698618,80.33333333,567.333333299999,10.33333333,51.58333333,0.0559253159999999,0.012404665,0.152957618,0.028291464,5.666666667,0.012441693,0.01167156,12.2727272727272,9.7433628318584,7.77419355057232,10.9983844911792,-12.83333333,-16.8333332999999,-4.83333333,4.91666666999999,4.49853372215495,-1.2550216593208,0.00224974399999999,0.00531462,0.9856938337714896
IRIS_313-11068,64.33333333,510.3333333,6.666666667,52.5,0.030500701,0.119348445,0.005860153,0.028824476,0.012105923,0.01128372,46.66666667,281.0,7.0,41.0,0.066633477,0.01011396,0.152702637,0.028036721,7.666666667,0.013216559,0.01289265,9.6499999990175,9.72063492,6.66666666714285,6.85365853658536,17.66666666,229.3333333,-0.333333332999999,11.5,2.98333333187464,2.86697638341463,-0.00111063599999999,-0.00160892999999999,-1.5278992994590546
IRIS_313-11069,82.33333333,896.6666667,8.5,54.56666667,0.040734595,0.0852842809999999,0.007852454,0.005890004,0.020180726,0.0225943729999999,93.66666667,435.666666699999,11.66666667,45.91666667,0.072982354,0.016567571,0.184038153999999,0.028709994,7.666666667,0.01131221,0.01099688,9.68627450941176,16.4324984724231,8.02857142656326,9.48820326682481,-11.3333333399999,461.0,-3.16666666999999,8.64999999999999,1.65770308284849,6.94429520559837,0.008868516,0.0115974929999999,0.6140737048438549
IRIS_313-11070,43.5,498.0,6.25,38.0,0.033065051,0.071348941,0.003091913,0.002364363,0.0215790129999999,0.02282499,52.0,144.3333333,8.5,31.33333333,0.065651621,0.0137836,0.12826968,0.040636424,8.666666667,0.002712899,0.003093967,6.96,13.1052631578947,6.11764705882352,4.60638297814961,-8.5,353.666666699999,-2.25,6.66666667,0.842352941176471,8.49888017974512,0.0188661139999999,0.019731023,-3.92537095449799
IRIS_313-11111,128.3333333,678.6666667,10.33333333,54.0,0.016422759,0.0652545529999999,0.006255665,0.105769230999999,0.016488585,0.015692033,115.0,504.3333333,10.66666667,43.16666667,0.060175252,0.01375396,0.114091151999999,0.032439124,6.666666667,0.017370251,0.017639987,12.4193548394901,12.5679012351851,10.7812499966308,11.6833976817232,13.3333332999999,174.3333334,-0.333333339999999,10.83333333,1.63810484285925,0.884503553461893,-0.000881665999999999,-0.00194795399999999,1.975454704612246
IRIS_313-11112,115.0,825.6666667,7.5,54.5,0.024702789,0.104651307,0.005095845,0.004830918,0.0143854739999999,0.013706373,81.66666667,486.3333333,8.33333333299999,45.0,0.051566821,0.012188777,0.124410437,0.037672257,5.0,0.016608885,0.014760813,15.3333333333333,15.1498470954128,9.800000000792,10.8074074066666,33.33333333,339.3333334,-0.833333332999998,9.5,5.53333333254133,4.34243968874617,-0.002223411,-0.00105444,0.6553213189966558
IRIS_313-11113,121.333333299999,964.6666667,7.833333333,63.16666667,0.0214178729999999,0.095215533,0.005515658,0.04853679,0.016504358,0.015979547,144.0,630.6666667,9.166666667,46.66666667,0.052210756999999997,0.0120407969999999,0.129018434,0.024634472,5.0,0.019778924,0.02119586,15.4893616985314,15.2717678097481,15.7090909085196,13.5142857140346,-22.6666667,334.0,-1.333333334,16.5,-0.219729209988205,1.75748209571349,-0.00327456599999999,-0.005216313,3.314201456319082
IRIS_313-11114,133.0,1191.333333,7.5,41.16666667,0.0260456999999999,0.13947727,0.004522247,0.050470705,0.020125388,0.019999347,84.33333333,555.0,8.75,42.66666667,0.535911513,0.154362278,0.131101142,0.026931111,6.666666667,0.0169917069999999,0.01546512,17.7333333333333,28.9392712446203,9.63809523771428,13.0078124989837,48.66666667,636.333333,-1.25,-1.5,8.09523809561904,15.9314587456365,0.003133681,0.004534227,0.9324819089875253
IRIS_313-11115,79.66666667,771.0,7.0,58.73333333,0.02333045,0.0613062059999999,0.005158296,0.009373839,0.019803251,0.019441153,82.33333333,606.0,8.5,48.66666667,0.0427944679999999,0.008560281,0.102785248,0.037322361,5.333333333,0.020093843,0.021295513,11.3809523814285,13.1271282640821,9.68627450941176,12.4520547936676,-2.66666666,165.0,-1.5,10.06666666,1.6946778720168,0.67507347041446,-0.000290591999999999,-0.00185435999999999,2.1478333262094726
IRIS_313-11116,138.3333333,911.333333299999,10.16666667,47.66666667,0.022072183,0.084958091,0.035099151,0.012232502,0.01657333,0.016072467,144.3333333,762.6666667,11.83333333,43.66666667,0.102341244,0.01885916,0.125229242,0.031959968,4.333333333,0.01998183,0.01915162,13.6065573693093,19.1188811168448,12.1971830992104,17.4656488543919,-6.0,148.666666599999,-1.66666666,4.0,1.40937427009885,1.65323226245289,-0.00340849999999999,-0.003079153,3.8582980984832913
IRIS_313-11123,126.333333299999,974.0,8.166666667,59.25,0.02248805,0.11147343,0.004910744,0.007283538,0.012373523,0.011874233,74.0,448.666666699999,7.833333333,42.83333333,0.057077663,0.007512697,0.129207429,0.028226267,5.0,0.016254401,0.014142693,15.469387750389,16.4388185654008,9.44680851104029,10.4747081727995,52.3333332999999,525.3333333,0.333333334000001,16.4166666699999,6.02257923934871,5.96411039260125,-0.003880878,-0.00226846,0.0968954445658254
IRIS_313-11124,95.33333333,694.0,7.833333333,49.5,0.042256702,0.124111235,0.008233184,0.022476155,0.018062644,0.017734253,65.66666667,380.0,9.83333333299999,40.0,0.064721393,0.01434411,0.081340633,0.037170435,6.666666667,0.014649599,0.01412384,12.1702127660497,14.020202020202,6.67796610226027,9.5,29.66666666,314.0,-1.99999999999999,9.5,5.49224666378952,4.52020202020202,0.003413045,0.003610413,-0.18172352820747215
IRIS_313-11154,115.0,862.5,8.75,52.0,0.03041888,0.127090301,0.005551611,0.002765391,0.019585241,0.01926171,117.6666667,602.0,10.16666667,43.58333333,0.064964782,0.018650646,0.147349886999999,0.031738584,5.666666667,0.016806311,0.01601254,13.1428571428571,16.5865384615384,11.5737704912872,13.8126195039244,-2.6666667,260.5,-1.41666666999999,8.41666666999999,1.56908665156985,2.77391895761397,0.00277892999999999,0.00324917,2.031506033802462
IRIS_313-11163,76.0,606.333333299999,9.0,42.16666667,0.035252794,0.136380528,0.005892043,0.007051282,0.014930032,0.0145069669999999,64.33333333,334.0,7.833333333,35.5,0.07377752,0.013754697,0.124851506999999,0.032093243,6.333333333,0.012725334,0.012048627,8.44444444444444,14.3794466383889,8.21276595737075,9.40845070422535,11.6666666699999,272.333333299999,1.166666667,6.66666666999999,0.231678487073688,4.97099593416362,0.00220469799999999,0.00245834,-1.3469571940497815
IRIS_313-11203,99.0,1004.0,6.5,56.66666667,0.0278349379999999,0.213024898,0.003755225,0.007262635,0.016635886,0.016366713,74.33333333,465.3333333,9.75,45.83333333,0.065710624,0.014915975,0.108153385,0.036805177,6.333333333,0.017610583,0.017223193,15.2307692307692,17.7176470577813,7.62393162358974,10.1527272727383,24.6666666699999,538.6666667,-3.25,10.8333333399999,7.60683760717948,7.56491978504293,-0.000974696999999996,-0.000856479999999999,1.0927174086392295
IRIS_313-11204,109.0,1030.666667,8.33333333299999,56.41666667,0.026640016,0.171993063,0.00685972699999999,0.0128855439999999,0.017624752,0.017629213,87.66666667,637.333333299999,10.5,45.66666667,0.102002434,0.019323671,0.134618735,0.029868147,5.0,0.021722705,0.022893333,13.0800000005232,18.2688330919782,8.34920634952381,13.9562043778134,21.33333333,393.3333337,-2.166666667,10.75,4.73079365099939,4.31262871416479,-0.00409795299999999,-0.00526411999999999,2.82504373588145
IRIS_313-11205,122.333333299999,1176.666667,7.0,59.0,0.027696899,0.176638176999999,0.003141573,0.005939552,0.017322398,0.01675994,106.6666667,663.6666667,8.75,35.5,0.0549090509999999,0.011233432,0.103526218,0.035559446,5.666666667,0.017724735,0.01522272,17.4761904714285,19.9435028305084,12.1904761942857,18.6948356816901,15.6666665999999,513.000000299999,-1.75,23.5,5.28571427714285,1.24866714881833,-0.000402336999999999,0.00153722,1.2585731547692205
IRIS_313-11206,90.0,877.0,7.0,57.0,0.024393255,0.145670754,0.004131189,0.033477332,0.018311531,0.01789114,75.0,429.5,9.125,48.0,0.056960118,0.132868822,0.107687888,0.033059101,6.5,0.019189053,0.01916273,12.8571428571428,15.3859649122807,8.21917808219178,8.94791666666666,15.0,447.5,-2.125,9.0,4.63796477495107,6.43804824561403,-0.000877521999999998,-0.00127158999999999,1.3297995289719386
IRIS_313-11207,130.0,1043.0,7.333333333,57.83333333,0.030631747,0.137928899,0.006195623,0.018760064,0.018778295,0.01814566,92.66666667,527.6666667,8.666666667,49.83333333,0.0478595729999999,0.011111775,0.148109706999999,0.03960677,5.666666667,0.02168207,0.021873907,17.7272727280785,18.0345821336043,10.692307692281,10.5886287639189,37.33333333,515.3333333,-1.333333334,8.0,7.03496503579745,7.44595336968532,-0.002903775,-0.003728247,2.4153004300632888
IRIS_313-11208,98.66666667,918.0,6.333333333,62.66666667,0.019644929,0.086389818,0.00300177299999999,0.00778521,0.019901363,0.019899693,113.333333299999,704.6666667,9.83333333299999,54.16666667,0.062546097,0.014002436,0.128015595,0.032103928,5.333333333,0.0185662999999999,0.017942313,15.5789473697673,14.6489361694335,11.5254237258144,13.0092307690455,-14.6666666299999,213.333333299999,-3.49999999999999,8.5,4.05352364395289,1.63970540038798,0.001335063,0.00195737999999999,3.1422069598009124
IRIS_313-11210,65.0,590.0,7.166666667,49.16666667,0.032894659,0.129412858,0.008921827,0.004380342,0.017873105,0.01742654,52.0,224.3333333,6.5,33.5,0.111138769,0.01589661,0.148096673,0.032095521,7.333333333,0.007366905,0.005497767,9.06976744143861,11.9999999991864,8.0,6.69651741194029,13.0,365.666666699999,0.666666667,15.6666666699999,1.06976744143861,5.30348258724614,0.0105062,0.011928773,-3.3199720977317355
IRIS_313-11211,148.0,1100.666667,8.166666667,64.16666667,0.035839142,0.136380528,0.005699308,0.124533166,0.0176937239999999,0.018118053,95.0,443.666666699999,9.33333333299999,39.33333333,0.065249659,0.0156127419999999,0.163496468,0.0238030389999999,7.333333333,0.014714294,0.014417413,18.1224489788521,17.1532467575504,10.1785714289349,11.2796610187525,53.0,657.0000003,-1.16666666599999,24.8333333399999,7.94387754991719,5.87358573879796,0.00297942999999999,0.00370064,0.428231319456288
IRIS_313-11212,64.0,666.0,5.566666667,52.33333333,0.0369276429999999,0.091905116,0.004853349,0.008831909,0.016807247,0.016532353,87.0,534.6666667,9.33333333299999,44.75,0.062413569,0.01114053,0.102126678,0.024457469,5.666666667,0.015818381,0.01509344,11.4970059873355,12.7261146504921,9.32142857176148,11.947858473743,-23.0,131.3333333,-3.76666666599999,7.58333333,2.17557741557402,0.778256176749092,0.000988866000000001,0.001438913,1.0221815478355616
IRIS_313-11213,113.6666667,950.6666667,8.0,53.33333333,0.032814056,0.110832404,0.007018794,0.004031959,0.018898595,0.01842846,76.66666667,566.333333299999,9.58333333299999,41.0,0.106319376,0.014043726,0.140691467,0.022526302,5.666666667,0.015972097,0.015871813,14.2083333375,17.825000001739,8.00000000062608,13.8130081292682,37.00000003,384.3333334,-1.58333333299999,12.33333333,6.20833333687391,4.01199187247077,0.00292649799999999,0.00255664699999999,0.8268056075188169
IRIS_313-11214,77.0,352.17,6.166666667,48.33333333,0.027062129,0.159606095,0.00696855,0.043311037,0.019193197,0.018598813,75.33333333,379.0,9.0,39.66666667,0.058724298,0.009554335,0.082977531,0.0321524829999999,7.666666667,0.011300715,0.010961867,12.4864864858115,7.28627586257146,8.37037037,9.55462184793658,1.66666666999999,-26.8299999999999,-2.83333333299999,8.66666666,4.11611611581154,-2.26834598536512,0.007892482,0.00763694599999999,-0.7710323436196583
IRIS_313-11216,94.33333333,1046.666667,7.166666667,66.0,0.024789899,0.18128329,0.005201347,0.004443825,0.015417648,0.01500456,118.0,676.0,9.166666667,48.5,0.043801068,0.009637947,0.093807714,0.104449429,4.666666667,0.020844782,0.020319853,13.162790696597,15.8585858636363,12.8727272722591,13.9381443298969,-23.6666666699999,370.666666999999,-2.0,17.5,0.290063424337908,1.92044153373945,-0.00542713399999999,-0.00531529299999999,3.09547983350343
IRIS_313-11217,106.333333299999,1231.333333,8.666666667,65.75,0.019090035,0.136857426,0.004045825,0.006921219,0.019472293,0.023796947,96.33333333,786.0,9.83333333299999,50.83333333,0.0575804809999999,0.010080901,0.111032249,0.03566658,5.333333333,0.021992444,0.021952687,12.2692307649127,18.7275031634981,9.79661016948463,15.4622950829811,9.99999996999999,445.333333,-1.16666666599999,14.9166666699999,2.47262059542808,3.26520808051696,-0.00252015099999999,0.00184426,3.523471229283316
IRIS_313-11219,94.66666667,1076.0,7.666666667,60.66666667,0.01971569,0.0526941659999999,0.005926009,0.070856559,0.018277847,0.018872187,84.0,694.0,9.58333333299999,47.83333333,0.045952954,0.011135885,0.0685268959999999,0.039955615,5.333333333,0.01954073,0.019045907,12.3478260868544,17.7362637352892,8.76521739160922,14.5087108024047,10.6666666699999,382.0,-1.91666666599999,12.8333333399999,3.58260869524521,3.22755293288443,-0.00126288299999999,-0.000173720000000002,2.333155198599431
IRIS_313-11220,102.0,1020.5,6.25,48.5,,,,,0.017509264,0.01786084,65.0,345.6666667,9.0,36.91666667,,,,,7.333333333,0.007194475,0.00713464,16.32,21.041237113402,7.22222222222222,9.36343115129901,37.0,674.8333333,-2.75,11.58333333,9.09777777777777,11.677805962103,0.010314789,0.0107261999999999,-1.9293964539676995
IRIS_313-11221,74.0,801.5,5.5,56.25,0.0206500999999999,0.141025641,0.005091718,0.007980305,0.019359879,0.01911829,74.33333333,378.6666667,7.166666667,43.66666667,0.052073884,0.009969445,0.083956171,0.037612022,7.0,0.0111167889999999,0.01554592,13.4545454545454,14.2488888888888,10.3720930223082,8.67175572529223,-0.333333330000002,422.8333333,-1.666666667,12.58333333,3.08245243223718,5.57713316359665,0.00824309,0.00357237,-0.5134779348002161
IRIS_313-11222,54.33333333,701.0,4.666666667,52.33333333,0.099195154,0.0527684879999999,0.019083969,0.017094017,0.0164423369999999,0.015652307,78.0,622.333333299999,7.666666667,46.83333333,0.067410204,0.01057331,0.098974994,0.030897534,6.0,0.017996613,0.017292547,11.6428571413112,13.3949044594519,10.1739130430359,13.288256227992,-23.6666666699999,78.6666667,-3.0,5.5,1.4689440982753,0.106648231459859,-0.001554276,-0.00164023999999999,1.3003532100293764
IRIS_313-11223,65.0,691.333333299999,7.166666667,52.0,0.0491075709999999,0.075994054,0.015802849,0.037077295,0.017999553,0.017202993,66.66666667,359.0,9.166666667,36.66666667,0.101331729,0.013857922,0.143463148,0.026709402,6.666666667,0.014975746,0.01309162,9.06976744143861,13.2948717942307,7.27272727282644,9.790909090019,-1.66666666999999,332.333333299999,-2.0,15.33333333,1.79704016861216,3.50396270421176,0.003023807,0.004111373,-0.6119702831074431
IRIS_313-11224,130.0,1151.666667,5.666666667,67.83333333,0.022283293,0.091477766,0.003725278,0.064663075,0.017349933,0.01678418,95.66666667,687.0,8.75,50.66666667,0.070742062,0.008183141,0.138255326999999,0.034033515,3.333333333,0.019546611,0.019386613,22.9411764692387,16.9778869836352,10.9333333337142,13.5592105254237,34.33333333,464.666666999999,-3.08333333299999,17.16666666,12.0078431355244,3.41867645821153,-0.002196678,-0.002602433,2.568071261745722
IRIS_313-11226,80.0,713.5,7.5,53.5,0.024960357,0.134832156999999,0.00646124,0.017159048,0.015323413,0.01468944,44.66666667,220.0,8.58333333299999,37.16666667,0.063992145,0.008828812,0.11457193,0.020682961,8.33333333299999,0.008002891,0.009218607,10.6666666666666,13.3364485981308,5.20388349573607,5.91928251067988,35.33333333,493.5,-1.08333333299999,16.33333333,5.46278317093059,7.41716608745095,0.007320522,0.005470833,-2.459872670457938
IRIS_313-11227,86.0,952.333333299999,5.833333333,61.5,0.022587701,0.107292828,0.002011365,0.123778336,0.017556582,0.01770934,64.33333333,324.0,6.583333333,43.91666667,0.077846001,0.0147342999999999,0.150020581999999,0.030330405,8.0,0.010151716,0.00869206,14.7428571436995,15.4850948504065,9.77215189872264,7.37760910759942,21.6666666699999,628.333333299999,-0.75,17.58333333,4.97070524497695,8.10748574280707,0.007404866,0.00901728,-1.6383855319583491
IRIS_313-11228,115.333333299999,1092.0,7.333333333,61.0,0.030928016,0.105413105999999,0.006361713,0.069611668,0.018456693,0.01809314,91.5,449.0,10.375,44.5,0.063869067,0.015445002,0.107350993,0.0242811229999999,5.5,0.018364196,0.01828403,15.7272727234421,17.9016393442622,8.81927710843373,10.0898876404494,23.8333332999999,643.0,-3.041666667,16.5,6.90799561500841,7.81175170381285,9.24970000000004e-05,-0.000190889999999999,1.5626305429256608
IRIS_313-11229,116.333333299999,832.0,5.75,59.0,0.023534591,0.18128329,0.006296419,0.061372786,0.015272486,0.014528513,98.0,540.0,7.0,47.0,0.07706743,0.0147745569999999,0.143820595,0.033043287,6.0,0.013947315,0.013504373,20.2318840521739,14.1016949152542,14.0,11.4893617021276,18.3333332999999,292.0,-1.25,12.0,6.23188405217391,2.61233321312657,0.001325171,0.00102413999999999,0.6157464290626864
IRIS_313-11231,78.0,800.0,5.166666667,42.16666667,0.070154331,0.0574136009999999,0.010414548,0.003567447,0.013882219,0.01341785,47.66666667,472.666666699999,8.5,50.58333333,0.064129776,0.0117611319999999,0.102897986,0.033705792,7.333333333,0.016211628,0.016039473,15.0967741925744,18.9723320143104,5.60784313764705,9.34431631099468,30.33333333,327.3333333,-3.33333333299999,-8.41666666,9.48893105492734,9.6280157033158,-0.00232940899999999,-0.002621623,0.4401603033060477
IRIS_313-11241,71.0,685.0,6.333333333,54.83333333,0.031380684,0.099219621,0.006660164,0.00449647,0.018942973,0.019146907,55.66666667,300.0,7.5,40.83333333,0.074678707,0.018317231,0.130321971,0.028457836,7.666666667,0.0117468939999999,0.01155036,11.2105263163795,12.4924012165648,7.42222222266666,7.34693877610995,15.33333333,385.0,-1.166666667,14.0,3.78830409371283,5.14546244045493,0.007196079,0.007596547,-1.4763955691133732
IRIS_313-11321,76.33333333,571.0,6.0,49.33333333,0.02933864,0.075994055,0.010595221,0.004148086,0.019592058,0.01940614,52.66666667,271.6666667,7.5,29.16666667,0.054906517,0.010877823,0.133615166999999,0.038592009,8.33333333299999,0.0165127789999999,0.02106658,12.7222222216666,11.5743243251063,7.02222222266666,9.31428571436408,23.66666666,299.3333333,-1.5,20.16666666,5.699999999,2.26003861074229,0.003079279,-0.00166044,-1.0394785751929776
IRIS_313-11322,54.0,368.3333333,7.333333333,36.66666667,0.026187908,0.120704819,0.005421553,0.006741608,0.017358755,0.017833907,81.5,397.0,9.25,36.75,0.07097024,0.010234733,0.123361213,0.028363845,7.5,0.011205143,0.01199779,7.36363636397107,10.0454545436322,8.81081081081081,10.8027210884353,-27.5,-28.6666667,-1.916666667,-0.083333330000002,-1.44717444683973,-0.757266544803142,0.00615361199999999,0.005836117,-0.6527812000712255
IRIS_313-11323,81.0,760.333333299999,6.75,49.83333333,0.031238245,0.108509848,0.048441597,0.053477642,0.017288981,0.016582853,77.66666667,406.6666667,6.916666667,39.5,0.063993528,0.009599901,0.175005532,0.031586771,7.333333333,0.006841862,0.006818173,12.0,15.2575250839637,11.2289156625913,10.2953586506329,3.33333333,353.666666599999,-0.166666667,10.33333333,0.771084337408623,4.9621664333308,0.010447119,0.00976468,-1.831486552645282
IRIS_313-11324,84.0,774.6666667,8.33333333299999,49.83333333,0.01683009,0.001881256,0.030846132,0.032738759,0.017589197,0.017145087,84.66666667,293.6666667,9.5,42.83333333,0.404379632999999,0.016428218,0.185614821999999,0.0268653229999999,8.33333333299999,0.00815313199999999,0.010686473,10.0800000004032,15.5451505033809,8.91228070210526,6.85603112971642,-0.666666669999997,481.0,-1.166666667,7.0,1.16771929829793,8.68911937366452,0.009436065,0.006458614,-0.8628766595041094
IRIS_313-11326,102.333333299999,949.333333299999,7.333333333,58.66666667,0.0268544639999999,0.129412858,0.005045335,0.006702899,0.018803959,0.0185772669999999,110.0,624.6666667,9.166666667,45.75,0.040148378,0.010355801,0.090321874,0.03189553,6.0,0.019967661,0.019643153,13.9545454506342,16.1818181803305,11.9999999995636,13.6539162120218,-7.6666667,324.666666599999,-1.833333334,12.9166666699999,1.95454545107066,2.52790196830871,-0.001163702,-0.001065886,2.5009033635271165
IRIS_313-11399,102.6666667,863.333333299999,6.333333333,57.5,0.029444234,0.134832156,0.005695199,0.029753499,0.019709685,0.0196545999999999,81.66666667,608.333333299999,8.416666667,49.33333333,0.048424914,0.0102789719999999,0.0804273309999999,0.038830401,6.666666667,0.018579667,0.018655373,16.2105263219058,15.0144927530434,9.70297029704146,12.3310810812385,21.00000003,254.999999999999,-2.083333334,8.16666666999999,6.50755602486435,2.68341167180489,0.001130018,0.000999226999999998,1.7957291492724283
IRIS_313-11400,94.66666667,714.6666667,7.333333333,49.83333333,0.020920456,0.096395392,0.004651105,0.031442772,0.017438153,0.01683872,61.66666667,175.0,9.166666667,32.66666667,0.054279077,0.014885598,0.162618173,0.046519579,9.0,0.004315295,0.00625930699999999,12.9090909101322,14.3411371253739,6.72727272739173,5.35714285659621,33.0,539.6666667,-1.833333334,17.16666666,6.18181818274049,8.98399426877778,0.013122858,0.010579413,-3.0299503089673387
IRIS_313-11401,115.333333299999,807.0,7.666666667,57.33333333,0.028036149,0.039241918,0.037286973,0.0922705319999999,0.019192662,0.029106853,87.66666667,503.666666699999,10.16666667,44.66666667,0.095129439,0.018972708,0.086193414,0.036308833,6.0,0.01910364,0.018522053,15.0434782558676,14.0755813961671,8.6229508171728,11.2761194028898,27.6666666299999,303.3333333,-2.50000000299999,12.66666666,6.42052743869487,2.79946199327734,8.90219999999976e-05,0.0105847999999999,1.7036235715517218
IRIS_313-11402,129.5,1178.5,7.75,63.0,0.016180579,0.201412115,0.00496822,0.008677072,0.018218232,0.017498587,106.0,733.6666667,8.666666667,50.83333333,0.108330171999999,0.020637575,0.09559556,0.033596362,5.0,0.018919715,0.017708667,16.7096774193548,18.7063492063492,12.2307692302988,14.432786886848,23.5,444.833333299999,-0.916666667000001,12.1666666699999,4.47890818905602,4.27356231950115,-0.000701482999999999,-0.000210080000000001,2.67642131005978
IRIS_313-11404,69.66666667,617.333333299999,7.666666667,41.16666667,0.022171443,0.0928929769999999,0.003643351,0.0087932,0.018491714,0.0176945269999999,81.66666667,408.3333333,7.083333333,33.16666667,0.101712026,0.017847558,0.156500237,0.031480839,6.333333333,0.020011905,0.01977479,9.08695652177882,14.99595141498,11.529411765719,12.3115577867023,-12.0,208.999999999999,0.583333334,8.0,-2.4424552439402,2.68439362827772,-0.001520191,-0.002080263,0.23736717399417195
IRIS_313-11481,91.66666667,673.6666667,7.5,51.0,0.023081577,0.119620959,0.005415418,0.007748049,0.014951686,0.014212047,76.5,429.5,8.5,37.0,0.073943467,0.012660514,0.093826484,0.032030148,7.0,0.013580266,0.01318454,12.2222222226666,13.2091503274509,9.0,11.6081081081081,15.1666666699999,244.1666667,-1.0,14.0,3.22222222266666,1.60104221934287,0.00137142,0.001027507,-0.4615918510745671
IRIS_313-11482,70.33333333,528.6666667,8.066666667,42.33333333,0.030236452,0.130187043,0.00663587199999999,0.004908337,0.015278367,0.014520433,55.66666667,313.6666667,7.166666667,31.91666667,0.102841390999999,0.012799868,0.159472898,0.035859582,6.666666667,0.00812265599999999,0.008072593,8.71900826368929,12.4881889781486,7.76744186056895,9.82767624022687,14.66666666,214.999999999999,0.899999999999999,10.41666666,0.951566403120343,2.66051273792179,0.007155711,0.00644784,-2.6747596781662204
IRIS_313-11483,96.33333333,821.333333299999,8.33333333299999,51.5,0.024982986,0.063879599,0.030421609,0.035470085,0.01762796,0.01697002,68.0,437.666666699999,8.83333333299999,38.33333333,0.104916888,0.0120231019999999,0.168996335,0.022371495,7.666666667,0.013248238,0.0146449999999999,11.5600000000624,15.9482200640776,7.69811320783766,11.4173913062102,28.33333333,383.6666666,-0.5,13.1666666699999,3.86188679222473,4.53082875786746,0.004379722,0.00232502,-0.3513131090483485
IRIS_313-11484,117.6666667,871.6666667,9.75,50.66666667,0.019511976,0.001751208,0.005023361,0.008096433,0.018218232,0.0194829,100.6666667,634.333333299999,11.08333333,45.25,0.035755476,0.00644741699999999,0.096479639,0.028978712,6.666666667,0.01630065,0.010216487,12.0683760717948,17.2039473679471,9.08270677265645,14.0184162055248,17.0,237.3333334,-1.33333333,5.41666666999999,2.98566929913841,3.18553116242225,0.001917582,0.009266413,1.529816254966481
IRIS_313-11486,58.33333333,457.3333333,5.833333333,45.16666667,0.023761616,0.173541434,0.005875854,0.00403195799999999,0.016977003,0.016528313,57.33333333,292.3333333,7.0,38.33333333,0.068355183,0.0172674339999999,0.104082225,0.020798529,7.333333333,0.011438391,0.010959173,10.0,10.1254612531272,8.19047619,7.62608695631531,1.0,165.0,-1.166666667,6.83333333999999,1.80952381,2.49937429681196,0.005538612,0.00556913999999999,-1.7938502053087153
IRIS_313-11487,116.0,1185.0,9.25,57.75,0.016767816,0.004347826,0.004659808,0.081006132,0.019434866,0.01928898,103.6666667,623.333333299999,10.25,44.66666667,0.054939837,0.008657606,0.089496833,0.023518509,4.333333333,0.020238737,0.020773007,12.5405405405405,20.5194805194805,10.1138211414634,13.9552238788093,12.3333332999999,561.6666667,-1.0,13.08333333,2.42671939907712,6.5642566406712,-0.000803870999999997,-0.00148402699999999,2.648340962571524
IRIS_313-11557,37.0,182.0,4.0,27.0,0.023945116,0.0616747179999999,0.005185495,0.00622445199999999,0.00601099,0.00584992,78.0,446.666666699999,10.0,38.16666667,0.246038003,0.012944383,0.12247792,0.031487568,6.0,0.011914512,0.0105356469999999,9.25,6.74074074074074,7.8,11.7030567684102,-41.0,-264.666666699999,-6.0,-11.1666666699999,1.45,-4.96231602766947,-0.005903522,-0.00468572699999999,-0.4134168757348117
IRIS_313-11558,137.3333333,1230.666667,7.916666667,60.5,0.034322105,0.082961725,0.009858506,0.00379970299999999,0.018594103,0.02562168,83.0,443.0,11.0,43.5,0.075433307,0.014356497,0.143059399,0.024457021,7.0,0.013330577,0.01290578,17.3473684161116,20.3415978016528,7.54545454545454,10.183908045977,54.3333333,787.666667,-3.08333333299999,17.0,9.80191387065714,10.1576897556758,0.005263526,0.0127159,0.5181939907451097
IRIS_313-11722,58.33333333,489.666666699999,4.0,33.66666667,0.038823432,0.133283785,0.005407861,0.00417286,0.0189761219999999,0.01900012,49.0,259.3333333,5.0,28.83333333,0.051558524,0.017704076,0.078637445,0.02272077,6.666666667,0.015108076,0.0148066,14.5833333325,14.5445544549955,9.8,8.99421965306291,9.33333333,230.333333399999,-1.0,4.83333333999999,4.7833333325,5.55033480193267,0.00386804599999999,0.00419351999999999,-2.320540683445456
IRIS_313-11945,113.5,1079.0,8.5,57.75,0.084966648,0.638424377,0.009523001,0.038224638,0.016280199,0.01548936,95.66666667,616.6666667,8.666666667,45.58333333,0.3034282,0.020686238,0.149116594,0.036866255,4.666666667,0.0194335289999999,0.019144887,13.3529411764705,18.6839826839826,11.0384615384215,13.5283363819764,17.83333333,462.333333299999,-0.166666667000001,12.1666666699999,2.31447963804899,5.1556463020062,-0.00315332999999999,-0.00365552699999999,2.0180942971058013
IRIS_313-11964,76.5,479.5,5.5,46.0,0.045993749,0.096122879,0.007364552,0.024024526,0.0171202939999999,0.01644482,51.66666667,281.0,8.0,41.0,2.077538998,0.480970519,0.0866746219999999,0.019339421,8.0,0.019955364,0.01953744,13.9090909090909,10.4239130434782,6.45833333375,6.85365853658536,24.83333333,198.5,-2.5,5.0,7.4507575753409,3.57025450689289,-0.00283507,-0.00309262,-0.045982302065687534
IRIS_313-12002,56.66666667,426.666666699999,6.333333333,37.33333333,0.028702705,0.11160659,0.0081356,0.00363093,0.007111869,0.006764307,44.66666667,248.3333333,5.583333333,31.0,0.072625106,0.015045006,0.152331272,0.034704375,8.0,0.009467209,0.00956268,8.94736842204986,11.4285714304846,8.00000000107462,8.01075268709677,12.0,178.333333399999,0.75,6.33333333,0.947368420975234,3.41781874338791,-0.00235534,-0.002798373,-3.163610075996373
IRIS_313-12055,38.0,367.5,4.75,41.0,0.047925656,0.101542178,0.003382456,0.012142326,0.01322899,0.0126048,28.0,95.5,3.75,23.375,0.0640246429999999,0.009336678,0.148333064,0.028514751,9.0,0.001654927,0.00171296,8.0,8.96341463414634,7.46666666666666,4.0855614973262,10.0,272.0,1.0,17.625,0.533333333333333,4.87785313682013,0.0115740629999999,0.01089184,-6.108385231001531
IRIS_313-12094,46.0,343.3333333,7.333333333,43.83333333,0.033945496,0.045800818,0.006911984,0.002617522,0.017302883,0.020397287,41.33333333,160.3333333,8.666666667,33.33333333,0.0552845079999999,0.010186217,0.10884434,0.031314233,8.33333333299999,0.00415222099999999,0.004667547,6.27272727301239,7.83269961960704,4.76923076866272,4.809999999481,4.66666666999999,182.999999999999,-1.333333334,10.5,1.50349650434967,3.02269962012604,0.013150662,0.01572974,-3.6537091218691673
IRIS_313-12141,62.66666667,777.0,7.0,49.0,0.019687636,0.033649201,0.00454139,0.004792208,0.016073149,0.015176933,74.33333333,481.3333333,7.583333333,41.83333333,0.058033838,0.012685731,0.102812965,0.03054076,5.666666667,0.0158411039999999,0.015512253,8.95238095285714,15.8571428571428,9.8021978021891,11.5059760957375,-11.66666666,295.666666699999,-0.583333332999999,7.16666666999999,-0.849816849331965,4.35116676140532,0.000232045,-0.00033532,0.16947398035635644
IRIS_313-8244,145.0,1342.333333,6.916666667,64.33333333,,,,,0.018942438,0.01862339,130.8,753.4,8.3,51.1,,,,,3.6,0.0177339839999999,0.016788624,20.9638554206764,20.865284969993,15.7590361445783,14.7436399217221,14.1999999999999,588.933333,-1.383333333,13.23333333,5.20481927609812,6.1216450482709,0.001208454,0.001834766,2.9417074275064907
IRIS_313-8252,51.5,587.0,5.25,47.25,,,,,0.018227054,0.01732756,57.5,349.0,8.75,37.25,,,,,6.5,0.017770315,0.0175537999999999,9.80952380952381,12.4232804232804,6.57142857142857,9.36912751677852,-6.0,238.0,-3.5,10.0,3.23809523809523,3.0541529065019,0.000456739000000001,-0.000226239999999999,-0.2046242590299012
IRIS_313-8283,106.6666667,773.333333299999,7.333333333,52.96666667,0.025605661,0.040330594,0.037438157,0.026430109,0.016272847,0.015395093,55.66666667,251.0,8.25,34.0,0.058823965,0.019240724,0.115919875,0.032752789,7.666666667,0.00773609199999999,0.006381853,14.5454545506611,14.6003775944241,6.74747474787878,7.38235294117647,51.00000003,522.333333299999,-0.916666667,18.96666667,7.79797980278237,7.21802465324766,0.008536755,0.00901323999999999,-2.7011242762956487
IRIS_313-8321,152.3333333,1423.333333,7.75,64.91666667,0.029230626,0.127090301,0.00442064599999999,0.005520717,0.021144463,0.021179027,97.66666667,643.0,11.83333333,49.66666667,0.07686691,0.016926793,0.124638935,0.030941147,6.666666667,0.017109333,0.016634027,19.6559139741935,21.9255455649845,8.25352112936718,12.9463087239633,54.66666663,780.333333,-4.08333333,15.25,11.4023928448263,8.97923684102123,0.00403512999999999,0.004545,2.548495546103021
IRIS_313-8349,58.5,543.5,4.666666667,36.0,0.033882689,0.0667038279999999,0.01158844,0.00287068,0.017187261,0.01826181,69.0,354.5,6.875,42.875,0.05461512,0.01834687,0.122280478,0.020024137,8.0,0.011839124,0.0116251,12.5357142848188,15.0972222222222,10.0363636363636,8.26822157434402,-10.5,189.0,-2.20833333299999,-6.875,2.49935064845523,6.82900064787819,0.005348137,0.00663670999999999,-1.0624019957930078
IRIS_313-8410,89.33333333,742.333333299999,8.83333333299999,52.66666667,0.032230967,0.161154466,0.007228648,0.019271027,0.0158651639999999,0.015120373,80.0,555.333333299999,9.83333333299999,43.0,0.068002545,0.015873901,0.099880764,0.038170176,4.666666667,0.017589999,0.015359407,10.113207547174,14.0949367073357,8.13559322061476,12.9147286813953,9.33333333,187.0,-1.0,9.66666666999999,1.97761432655931,1.18020802594041,-0.001724835,-0.000239033999999999,1.1270760183722972
IRIS_313-8437,114.333333299999,1229.0,7.166666667,65.96666667,0.025493694,0.164251208,0.005176862,0.030992196,0.019090808,0.019017627,113.0,858.0,6.916666667,49.16666667,0.054914814,0.0114269789999999,0.0954711019999999,0.0332243579999999,5.666666667,0.020953052,0.021886027,15.9534883666998,18.6306215250818,16.337349396803,17.450847456444,1.33333329999999,371.0,0.25,16.7999999999999,-0.383861030103179,1.17977406863781,-0.00186224399999999,-0.0028684,3.269376938681073
IRIS_313-8509,64.33333333,555.0,4.666666667,34.83333333,0.020442369,0.201412113999999,0.005569342,0.00844481599999999,0.016095338,0.01583074,111.0,647.0,7.0,37.66666667,0.073421424,0.010745695,0.117542323,0.031564346,4.666666667,0.019083323,0.018998773,13.7857142840153,15.9330143555916,15.8571428571428,17.1769911489223,-46.66666667,-92.0,-2.33333333299999,-2.83333333999999,-2.07142857312755,-1.24397679333071,-0.00298798499999999,-0.003168033,1.5425483032122504
IRIS_313-8632,59.0,565.6666667,5.5,45.16666667,0.03348453,0.128638671999999,0.010496274,0.061005822,0.01427961,0.0142160869999999,33.33333333,202.0,6.416666667,33.08333333,0.100619537,0.016484991,0.167685979,0.027268491,7.333333333,0.007517948,0.00593610699999999,10.7272727272727,12.5239852396661,5.19480519401585,6.1057934514968,25.6666666699999,363.6666667,-0.916666667,12.0833333399999,5.53246753325687,6.41819178816932,0.00676166199999999,0.00827998,-3.712272505186113
IRIS_313-8641,47.0,531.3333333,5.166666667,31.0,0.033756653,0.103864734,0.006097883,0.044664313,0.011458976,0.010969273,39.0,149.3333333,7.166666667,31.0,0.068183704,0.01389405,0.167985818,0.071637937,9.0,0.002377128,0.002759993,9.09677419296149,17.1397849451612,5.44186046486316,4.8172043,8.0,382.0,-2.0,0.0,3.65491372809832,12.3225806451612,0.009081848,0.00820928,-4.4848049340454255
IRIS_313-8683,114.333333299999,1343.666667,6.5,62.83333333,0.024655725,0.141025641,0.00506519,0.007283538,0.016784791,0.016081893,65.66666667,502.0,9.166666667,45.16666667,0.050258404,0.015011827,0.105394243,0.038723899,6.666666667,0.01455229,0.01411172,17.5897435846153,21.3846153910548,7.1636363637395,11.1143911430911,48.6666666299999,841.666667,-2.666666667,17.66666666,10.4261072208758,10.2702242479636,0.00223250099999999,0.001970173,0.3323127054260417
IRIS_313-8703,95.66666667,1301.666667,7.583333333,59.66666667,0.03517994,0.145670754,0.00606717,0.008289979,0.016482971,0.01583276,92.66666667,634.333333299999,10.16666667,52.91666667,0.047252185,0.012444258,0.090330721,0.036993159,6.666666667,0.015630713,0.014916353,12.6153846163786,21.8156424624684,9.11475409570008,11.9874015734181,3.0,667.3333337,-2.583333337,6.75,3.50063052067861,9.82824088905028,0.000852258000000001,0.000916407000000001,2.0227839676359545
IRIS_313-8717,91.33333333,938.333333299999,7.833333333,62.83333333,0.014445735,0.136380528,0.00341672599999999,0.034903382,0.017409549,0.01694982,69.33333333,430.3333333,8.08333333299999,47.5,0.048621845,0.015343916,0.096211536,0.035833457,7.333333333,0.0132458319999999,0.01433998,11.6595744681557,14.9336870029142,8.5773195875702,9.05964912210526,22.0,507.999999999999,-0.249999999999999,15.33333333,3.08225488058552,5.87403788080898,0.004163717,0.00260984,0.033025598022715215
IRIS_313-8721,66.5,636.0,5.75,49.75,0.030335214,0.131735415,0.003517899,0.026820885,0.019124492,0.01863551,37.33333333,192.3333333,4.5,25.66666667,0.069093057,0.017280707,0.084440103,0.036187416,7.333333333,0.014426376,0.01139078,11.5652173913043,12.7839195979899,8.29629629555555,7.49350649123461,29.1666666699999,443.666666699999,1.25,24.08333333,3.26892109574879,5.29041310675534,0.00469811599999999,0.00724473,-3.3708301504303604
IRIS_313-8733,61.0,699.6666667,8.15,49.5,0.023267336,0.104292085,0.00661532,0.00759321199999999,0.0148631989999999,0.014321127,55.5,338.0,9.0,38.2,0.065256958,0.012142326,0.114251226,0.03697187,7.0,0.008732577,0.0060802,7.48466257668711,14.1346801353535,6.16666666666666,8.84816753926701,5.5,361.6666667,-0.849999999999999,11.2999999999999,1.31799591002044,5.28651259608652,0.00613062199999999,0.00824092699999999,-2.0005476000795808
IRIS_313-8737,64.0,748.0,6.666666667,53.91666667,0.025025794,0.144122383,0.004265918,0.048844915,0.019722784,0.019548887,83.33333333,570.6666667,10.5,47.0,0.057291321,0.0122212939999999,0.160086569,0.030908537,5.333333333,0.020283382,0.020241073,9.59999999952,13.8732612047064,7.93650793619047,12.1418439723404,-19.33333333,177.333333299999,-3.83333333299999,6.91666666999999,1.66349206332952,1.73141723236601,-0.000560597999999999,-0.000692186,2.274871970802825
IRIS_313-8789,59.66666667,627.0,4.166666667,36.08333333,0.015731829,0.0643812709999999,0.006265267,0.0122584539999999,0.018558013,0.0181093,68.66666667,417.0,7.583333333,34.91666667,0.075956503,0.012126843,0.207593307,0.0384991229999999,6.333333333,0.015452134,0.0151513469999999,14.3199999996543,17.376443419619,9.05494505578263,11.942720762583,-9.0,210.0,-3.41666666599999,1.16666666,5.26505494387176,5.43372265703603,0.003105879,0.00295795299999999,-0.5972142368457575
IRIS_313-8822,115.6666667,1124.0,6.333333333,59.16666667,0.0910338659999999,0.931066518,0.003306075,0.055914778,0.02053521,0.0212490529999999,102.6666667,629.6666667,10.5,43.0,0.057919846999999997,0.0118976839999999,0.118914963,0.032079987,5.666666667,0.016487249,0.013952813,18.2631579009612,18.9971830975212,9.77777778095238,14.6434108534883,13.0,494.333333299999,-4.166666667,16.1666666699999,8.48538012000884,4.35377224403291,0.004047961,0.00729623999999999,1.6527346699862524
IRIS_313-8850,69.33333333,956.6666667,6.9,52.5,0.019217913,0.106459804,0.004602787,0.005876068,0.016486714,0.0155742,57.66666667,269.0,8.166666667,30.75,0.053297747,0.009061068,0.155264562,0.019718286,8.0,0.006223787,0.005943513,10.0483091782608,18.2222222228571,7.06122448991586,8.74796747967479,11.66666666,687.6666667,-1.266666667,21.75,2.987084688345,9.47425474318234,0.010262927,0.009630687,-3.0018588379273323
IRIS_313-8854,101.333333299999,879.0,9.33333333299999,55.66666667,0.041893769,0.075182708,0.007183229,0.006044841,0.01663348,0.016213193,104.333333299999,487.3333333,10.83333333,44.3,0.0572040999999999,0.0111815989999999,0.067645287,0.041217011,5.666666667,0.019320715,0.01961824,10.8571428539591,15.7904191607311,9.63076923065562,11.0007524446952,-3.0,391.666666699999,-1.499999997,11.36666667,1.22637362330356,4.78966671603585,-0.00268723499999999,-0.00340504699999999,2.1849003567155423
IRIS_313-8864,139.0,1285.333333,9.0,56.0,0.022478431,0.103567446999999,0.005374225,0.00767063,0.014676199,0.01380569,106.333333299999,638.6666667,9.666666667,44.0,0.049408812,0.006879413,0.128619943,0.024220949,5.666666667,0.0153834289999999,0.014770913,15.4444444444444,22.9523809464285,10.9999999961724,14.515151515909,32.6666667,646.6666663,-0.666666667000001,12.0,4.44444444827203,8.43722943051948,-0.000707229999999999,-0.000965222999999999,1.6171180891999763
IRIS_313-8930,72.33333333,799.333333299999,5.5,55.33333333,0.025459122,0.078316611,0.005341011,0.0278195839999999,0.0153994689999999,0.01454198,70.0,377.0,6.666666667,39.0,0.074415035,0.024739874,0.140566636,0.043153948,6.666666667,0.0135038089999999,0.011555747,13.151515150909,14.4457831327979,10.499999999475,9.66666666666666,2.33333333,422.333333299999,-1.166666667,16.33333333,2.65151515143409,4.77911646613127,0.00189566,0.00298623299999999,-1.1091375895293665
IRIS_313-8932,73.0,587.0,7.5,44.5,0.042306257,0.080639168,0.010521942,0.002522297,0.014372909,0.014110373,53.33333333,281.3333333,9.666666667,35.66666667,0.05236337,0.012417936,0.144228976,0.024922582,7.666666667,0.014800375,0.014585747,9.73333333333333,13.191011235955,5.51724137877526,7.88785046561795,19.6666666699999,305.6666667,-2.166666667,8.83333333,4.21609195455806,5.30316077033709,-0.000427465999999999,-0.000475373999999998,-0.9211517354090556
IRIS_313-8963,157.3333333,1120.333333,9.83333333299999,55.66666667,0.017189451,0.004038152,0.00328525299999999,0.038797535,0.018248708,0.017462227,100.333333299999,610.0,9.33333333299999,42.66666667,0.054244274,0.009938699,0.121220944,0.037021156,6.0,0.020578785,0.01943038,15.9999999971525,20.1257484958008,10.7499999968125,14.296874998883,57.0,510.333333,0.5,13.0,5.25000000034004,5.82887349691779,-0.002330077,-0.001968153,2.1664431472935277
IRIS_313-9049,134.666666699999,1328.0,8.0,62.66666667,0.023508546,0.185928404,0.01120122,0.058289979,0.01576331,0.014890093,66.33333333,492.3333333,10.0,49.83333333,0.122126341,0.017923944,0.127644898,0.021965187,7.666666667,0.010644946,0.0102414,16.8333333374999,21.1914893605749,6.633333333,9.8795986621993,68.3333333699999,835.6666667,-2.0,12.8333333399999,10.2000000044999,11.3118906983756,0.00511836399999999,0.004648693,0.061454231151953025
IRIS_313-9066,70.33333333,598.333333299999,8.83333333299999,50.33333333,0.023686863,0.046537842,0.006962357,0.00305029099999999,0.017777934,0.016943087,47.0,176.666666699999,6.5,31.5,0.126853081,0.034126099,0.168542796,0.036305921,7.666666667,0.012220876,0.01759622,7.9622641508665,11.887417218668,7.23076923076923,5.6084656095238,23.33333333,421.6666666,2.33333333299999,18.83333333,0.73149492009727,6.27895160914423,0.00555705799999999,-0.000653133,-2.15627979914467
IRIS_313-9067,119.0,1023.666667,8.166666667,54.16666667,0.02263033,0.074445683,0.006759441,0.05601697,0.01957281,0.019424993,80.66666667,617.0,9.5,48.83333333,0.045700114,0.006952186,0.154447049,0.0222713,5.666666667,0.01784049,0.017369307,14.5714285708338,18.8984615434524,8.49122807052631,12.6348122875518,38.33333333,406.666666999999,-1.33333333299999,5.33333333999999,6.0802005003075,6.26364925590053,0.00173231999999999,0.002055686,1.7987228943221762
IRIS_313-9072,82.66666667,666.6666667,6.0,51.66666667,0.01797869,0.091180478,0.00493314599999999,0.006456707,0.019231693,0.018740887,61.33333333,319.6666667,7.75,41.5,0.084988199,0.01794046,0.159659753,0.0307237039999999,7.666666667,0.013806831,0.01359763,13.7777777783333,12.9032258062643,7.91397849419354,7.70281124578313,21.3333333399999,347.0,-1.75,10.1666666699999,5.86379928413978,5.20041456048117,0.005424862,0.005143257,-0.8619372655824931
IRIS_313-9108,73.33333333,673.333333299999,7.0,45.83333333,0.062358254,0.087606838,0.009208228,0.002617521,0.0186146869999999,0.019380553,90.33333333,568.0,8.33333333299999,48.0,0.044236988,0.015070321,0.0704848,0.0316988329999999,4.666666667,0.016563706,0.016023313,10.4761904757142,14.6909090912502,10.8400000000336,11.8333333333333,-17.0,105.333333299999,-1.33333333299999,-2.16666666999999,-0.363809524319314,2.85757575791691,0.00205098099999999,0.00335724,1.3297810949498647
IRIS_313-9139,62.0,723.0,6.166666667,51.5,0.021792142,0.079189892,0.004746758,0.002480491,0.014477704,0.0139783999999999,50.0,204.3333333,7.5,35.33333333,0.052560202,0.016596474,0.135339544,0.035894106,8.666666667,0.008776821,0.00901054699999999,10.0540540535105,14.0388349514563,6.66666666666666,5.7830188675267,12.0,518.6666667,-1.33333333299999,16.1666666699999,3.38738738684392,8.25581608392961,0.00570088299999999,0.00496785299999999,-2.672263023787473
IRIS_313-9148,84.0,1036.333333,7.833333333,52.66666667,0.031581665,0.158057723,0.007767087,0.027818036,0.015768657,0.01722454,100.333333299999,526.3333333,11.16666667,49.5,0.045304672,0.010031233,0.107030225999999,0.02359372,7.0,0.020714056,0.020793207,10.7234042557754,19.6772151822989,8.98507462119848,10.6329966323232,-16.3333332999999,509.9999997,-3.333333337,3.16666666999999,1.73832963457697,9.04421854997567,-0.004945399,-0.003568667,2.827837073853181
IRIS_313-9156,94.33333333,709.6666667,7.166666667,52.75,0.024921021,0.071466617,0.00568198199999999,0.008367397,0.019752458,0.01958592,55.0,403.0,9.166666667,39.0,0.088214957,0.0132953469999999,0.169210448999999,0.024246655,8.33333333299999,0.012283432,0.0117577469999999,13.162790696597,13.4533965251184,5.99999999978181,10.3333333333333,39.33333333,306.6666667,-2.0,13.75,7.16279069681526,3.12006319178515,0.007469026,0.007828173,-0.9242556804578136
IRIS_313-9170,66.33333333,881.0,6.0,60.0,0.031807768,0.07656179,0.003222246,0.073565406,0.017489749,0.01705486,65.0,594.333333299999,7.166666667,48.16666667,0.049668698,0.011152696,0.096348319,0.034816556,5.666666667,0.017645604,0.0157795669999999,11.055555555,14.6833333333333,9.06976744143861,12.3391003444748,1.33333333,286.6666667,-1.166666667,11.83333333,1.98578811356138,2.34423298885853,-0.000155854999999999,0.001275293,0.8033592057027634
IRIS_313-9174,137.0,1034.666667,9.0,53.83333333,0.033664691,0.718939675,0.006041069,0.005682522,0.019285427,0.019653253,88.33333333,615.6666667,11.16666667,43.66666667,0.100127456999999,0.021264297,0.135454292,0.031771489,6.333333333,0.015886016,0.0156752,15.2222222222222,19.219814248868,7.91044775853419,14.0992366409084,48.66666667,419.000000299999,-2.16666666999999,10.16666666,7.31177446368802,5.12057760795963,0.003399411,0.00397805299999999,1.6168952053282932
IRIS_313-9218,88.0,807.333333299999,6.916666667,55.25,0.0479567709999999,0.129412858,0.006245469,0.00290784099999999,0.018651847,0.018497813,81.0,407.0,9.58333333299999,43.0,0.07552853,0.010405054,0.158878864,0.035261106,7.0,0.014527161,0.01433594,12.7228915656519,14.6123680235294,8.45217391333746,9.46511627906976,7.0,400.333333299999,-2.66666666599999,12.25,4.27071765231444,5.14725174445964,0.00412468599999999,0.004161873,0.3141525343746505
IRIS_313-9262,157.0,1055.0,7.25,53.5,0.0274031779999999,0.076421405,0.006452424,0.030759941,0.019963384,0.02037372,92.0,583.6666667,9.666666667,41.33333333,0.060660748,0.0169340189999999,0.152476986999999,0.034584332,5.0,0.019346913,0.01768308,21.6551724137931,19.7196261682243,9.51724137898216,14.1209677438807,65.0,471.333333299999,-2.416666667,12.1666666699999,12.1379310348109,5.59865842434357,0.000616471,0.00269064,1.6581012915160531
IRIS_313-9271,117.6666667,810.6666667,8.166666667,54.0,0.022395545,0.065582807,0.004998379,0.02174842,0.01690616,0.017690487,72.0,365.6666667,8.666666667,44.66666667,0.047787234,0.014167743,0.124313644,0.037607174,7.333333333,0.016617707,0.016643453,14.4081632687996,15.0123456796296,8.30769230737277,8.18656716431443,45.6666667,445.0,-0.5,9.33333333,6.10047096142688,6.82577851531519,0.000288453000000001,0.001047034,0.3521374803579105
IRIS_313-9325,59.66666667,842.333333299999,4.666666667,42.66666667,0.024893286,0.198315372,0.005057586,0.008599653,0.016090259,0.016049573,34.33333333,186.3333333,5.833333333,27.5,1.04071938299999,0.249860647,0.095570713,0.016980183,8.33333333299999,0.010089962,0.01025655,12.7857142855153,19.7421874976763,5.88571428547918,6.77575757454545,25.3333333399999,655.999999999999,-1.16666666599999,15.1666666699999,6.90000000003612,12.9664299231309,0.006000297,0.005793023,-3.5705845658064996
IRIS_313-9368,61.5,619.0,8.5,42.75,0.033348811,0.11203394,0.004514511,0.065030038,0.01480492,0.01436927,71.0,348.6666667,8.5,33.0,0.465269942,0.00704199199999999,0.119028223,0.030906292,6.0,0.013600583,0.011769193,7.23529411764705,14.4795321637426,8.35294117647058,10.5656565666666,-9.5,270.3333333,0.0,9.75,-1.11764705882352,3.91387559707602,0.00120433699999999,0.00260007699999999,-1.1517383406040875
IRIS_313-9391,78.33333333,779.0,6.166666667,52.0,0.024402589,0.175863991,0.004555957,0.042962654,0.012748325,0.01222908,99.0,570.6666667,11.41666667,46.75,0.0456390359999999,0.014006565,0.087621048,0.0395002589999999,5.0,0.013712596,0.013158953,12.7027027014755,14.9807692307692,8.67153284418349,12.2067736192513,-20.6666666699999,208.333333299999,-5.25000000299999,5.25,4.03116985729203,2.77399561151789,-0.000964271,-0.000929873000000001,1.500001495812597
IRIS_313-9397,95.66666667,1010.0,7.5,61.41666667,0.027910536,0.110058219,0.013097349,0.01365044,0.014695581,0.014144713,75.33333333,483.3333333,8.0,46.08333333,0.0471365159999999,0.011818496,0.125582792,0.03974616,6.333333333,0.015510145,0.013326613,12.755555556,16.445047488931,9.41666666625,10.4882459313192,20.3333333399999,526.6666667,-0.5,15.3333333399999,3.33888888974999,5.95680155761184,-0.000814563999999998,0.000818099999999998,0.30599949282721234
IRIS_313-9422,101.333333299999,838.333333299999,8.666666667,50.16666667,0.029696316,0.0852842809999999,0.007339432,0.00310293599999999,0.018560953,0.018215013,57.66666667,344.3333333,9.33333333299999,40.0,0.078135948,0.00993022,0.149311975999999,0.026724885,6.666666667,0.014939121,0.01417232,11.6923076880118,16.7109634533746,6.17857142914923,8.60833333249999,43.6666666299999,493.999999999999,-0.666666665999997,10.1666666699999,5.51373625886259,8.10263012087468,0.003621832,0.004042693,-0.4929675181052993
IRIS_313-9594,121.333333299999,1537.0,9.5,57.08333333,0.02821316,0.15341261,0.00667529,0.034166357,0.018343077,0.018316013,106.0,697.0,11.91666667,44.5,0.078584132,0.018744674,0.119356245,0.029536375,5.666666667,0.021177077,0.021344667,12.7719298210526,26.9255474468277,8.89510489261675,15.6629213483146,15.3333332999999,840.0,-2.41666666999999,12.58333333,3.87682492843587,11.2626260985131,-0.002834,-0.003028654,3.3422517703331507
IRIS_313-9606,89.66666667,715.6666667,7.833333333,58.16666667,0.053895619,0.789576365999999,0.003548847,0.034903382,0.018410445,0.01816182,45.66666667,277.3333333,8.83333333299999,39.33333333,0.102986595,0.0237004,0.127927936,0.035215252,6.666666667,0.0108286039999999,0.0093627,11.4468085115509,12.3037249282347,5.16981132132716,7.05084745737718,44.0,438.3333334,-0.999999999999999,18.8333333399999,6.27699719022376,5.25287747085755,0.007581841,0.00879911999999999,-1.8335425789816324
IRIS_313-9617,89.33333333,829.333333299999,6.333333333,55.83333333,0.036409817,0.100489285,0.085805458,0.020757463,0.01938434,0.0208565,82.66666667,423.3333333,10.25,47.16666667,0.061006472,0.010288926,0.0996110869999999,0.0270607629999999,7.666666667,0.014600143,0.014358833,14.1052631581108,14.8537313435733,8.0650406507317,8.97526501632683,6.66666666,405.999999999999,-3.916666667,8.66666666,6.04022250737909,5.87846632724651,0.00478419699999999,0.006497667,0.7774464827620416
IRIS_313-9626,112.6666667,852.6666667,7.333333333,53.33333333,0.024648053,0.0487644,0.00689327,0.006935154,0.016924339,0.016366713,86.0,392.3333333,8.0,35.0,0.049569689,0.016880342,0.0893806519999999,0.0356688339999999,6.666666667,0.0102479559999999,0.00965156,15.3636363688801,15.9875000016242,10.75,11.2095238085714,26.6666667,460.3333334,-0.666666667,18.33333333,4.61363636888016,4.77797619305279,0.006676383,0.006715153,-1.2225963026470472
IRIS_313-9661,111.333333299999,855.333333299999,10.06666667,53.3,0.0247987889999999,0.171218878,0.005588632,0.030536975,0.0177343589999999,0.0173518,66.0,303.6666667,9.83333333299999,38.66666667,0.075806031,0.011042983,0.134226672,0.035708789,7.0,0.013551394,0.01349562,11.0596026420332,16.0475297054408,6.71186440700718,7.85344827604711,45.3333332999999,551.666666599999,0.233333337000001,14.63333333,4.34773823502606,8.19408142939378,0.00418296499999999,0.00385618,-0.6244322268104618
IRIS_313-9682,108.0,1381.666667,8.666666667,60.33333333,0.0251624589999999,0.03101697,0.007195414,0.038501796,0.018297095,0.017841313,109.333333299999,740.6666667,9.33333333299999,45.83333333,0.05509628,0.010858038,0.0939125069999999,0.032333796,6.666666667,0.020469981,0.020255887,12.4615384610591,22.9005524929779,11.7142857111326,16.1600000019025,-1.33333329999999,641.000000299999,-0.666666665999997,14.5,0.747252749926516,6.74055249107538,-0.002172886,-0.00241457399999999,2.9496410587893624
IRIS_313-9696,110.0,979.0,5.083333333,56.0,0.025756598,0.113154961,0.005863711,0.006199678,0.022993741,0.02465713,77.33333333,522.6666667,7.333333333,46.66666667,0.060660748,0.010869566,0.113301201999999,0.029616512,5.666666667,0.017775528,0.0172507999999999,21.639344263714,17.4821428571428,10.5454545454793,11.1999999999142,32.66666667,456.3333333,-2.25,9.33333333,11.0938897182347,6.28214285722857,0.005218213,0.00740633,0.9118552331969642
