accession_name,Root_thickness,Stress_Root_Na+,Shoot_weight,Shoot_length,Stress_Shoot_Na+,Lost_Shoot_weight,Root_length,Stress_Chlorophyll_A,Root_Na+,SES,Stress_Shoot_weight,Stress_Chlorophyll_B,Stress_Shoot_thickness,Shoot_K+,Stress_Root_thickness,Lost_Chlorophyll_A,Stress_Root_length,Lost_Chlorophyll_B,Root_weight,Lost_Root_weight,Lost_Root_thickness,Chlorophyll_B,Lost_Shoot_thickness,Stress_Shoot_K+,Shoot_Na+,Stress_Root_weight,Chlorophyll_A,Stress_Shoot_length,Root_K+,Shoot_thickness,Lost_Root_length,Stress_Root_K+,Lost_Shoot_length
IRIS_313-10340,-0.265054994,-0.308005054,-1.807313959,-1.263397863,-0.705242117,-0.744605869,-2.863217138,1.28472511,-1.324142236,0.870836052,-2.0304884,1.013793578,-0.805910278,-0.100436179,-1.65070393,-1.988652901,-1.854903601,-2.082268922,-2.047370524,-0.269804686,0.71631427,-1.281587603,-1.180979809,0.512005412,-0.237210197,-2.144348891,-1.204117823,-2.875553033,0.622028062,-1.752945321,-0.587383209,0.556684085,2.097334869
IRIS_313-10341,2.323679618,0.038193232,1.808526588,-0.477818107,0.679823565,1.506080673,-1.215917535,0.865754812,-0.157898429,-0.48431533,1.136689753,0.875500199,2.232858579,-0.506484303,1.654722746,-0.105544284,-0.72143213,1.13609506,1.241063016,0.496123755,1.764262258,2.333577913,1.403063878,0.340271304,0.119925403,1.004299668,1.541903861,-0.721800348,-0.69000558,2.633721621,-0.539216852,-1.599403236,0.185476629
IRIS_313-10537,-0.241830557,1.421184648,-0.03655392,1.152830935,-0.300535053,-0.489924667,-0.581138075,-0.096701912,1.176108124,-0.755345617,0.325595522,-0.210817041,-0.098381857,-0.523227293,0.542894401,0.605241557,-0.82209984,0.700939316,-0.509254983,-0.520595414,-0.622289946,1.214740773,-0.667832871,-1.038512303,0.098422448,-0.162526499,1.44007995,1.387635487,-0.724299638,-0.745581735,0.437466375,0.558017048,-0.008381877
IRIS_313-10539,-0.053640907,-2.481211338,0.774086207,1.933080072,0.107731875,1.283682226,0.273136748,1.035869974,-0.947896697,-0.213285047,-0.370630037,1.099968154,-0.242245309,1.455059329,0.287455897,0.050217553,-1.071705317,0.315207016,0.080449964,0.536792521,-0.228941789,1.840664772,0.321018659,-1.285037298,1.950205226,-0.496181163,2.168615014,-0.430713581,1.421914274,0.17306608,1.425341666,-0.69827247,3.147320392
IRIS_313-10587,-0.701617122,-0.206078253,0.422275576,-0.640813601,0.355213519,0.928600904,1.575715525,-1.048521763,-0.859104634,0.328775509,-0.543294331,-1.014659493,-0.310739065,0.549613533,-0.453201324,1.746529675,0.212759863,2.72052358,0.213178791,0.482567498,-0.373464603,2.513831658,1.35816533,1.806897886,-1.215292321,-0.259801008,1.940951802,-0.76624799,-1.306625418,0.965931995,1.281728906,-0.904760015,0.012208269
IRIS_313-10592,-0.510893796,-1.112457937,0.589073552,-0.43731798,1.403841978,1.358068629,2.73774998,-1.656102351,-1.517372806,1.412896581,-0.801375349,-1.690810577,-0.706050658,0.648666547,0.312402677,2.007620196,0.105920116,1.773117235,1.077419169,0.99770521,-0.721753826,0.61244334,1.747111939,-0.032000414,-0.925487229,0.254236629,0.831738873,-0.810225301,-2.276244183,1.05130599,2.430705966,-0.604987457,0.354596112
IRIS_313-10593,1.523804442,0.241944961,1.027894291,0.870097526,-0.125395527,0.539331834,-0.687299935,2.061406823,0.105031692,-1.297406201,1.202113383,1.53739638,1.336374298,-0.0065356,2.906212149,-1.090451748,-0.72143213,-0.82144666,0.932360988,-1.076401893,-0.687103755,0.758286262,-0.15780958,-0.161026093,-0.143835001,2.171048054,0.673361904,0.355094239,-0.781826331,0.903840083,0.057647293,0.349230412,0.642325829
IRIS_313-10595,0.84601788,0.752890512,1.227261103,-0.806505124,2.083568091,2.674790686,-0.474375559,-0.461565165,0.563528886,0.870836052,-1.298482528,-0.429425975,-1.417954257,-0.638028886,-2.130694718,1.278538145,-0.518500852,2.117549625,0.353781802,2.082205658,1.945980262,2.462837928,3.10131292,-1.520293439,-0.700095433,-1.815230802,2.36759327,-1.064432173,-0.011603861,2.28784129,0.057647293,-0.909387612,0.157553135
IRIS_313-10598,-0.770706084,1.00526082,-1.265249947,-0.986812059,-0.470249963,-1.251551246,0.571720869,-1.2566504,-0.573588029,0.870836052,-0.513588574,-1.182672693,-0.552599621,-1.534291186,0.685631107,1.463187695,-0.77182889,1.461983394,-0.325934007,-0.439257881,-1.32356925,0.665293061,-0.744794963,1.672743219,-1.347638313,-0.023590286,0.266443925,-0.248103597,-1.288334855,-1.248295471,1.329601745,-1.812504758,-1.043264044
IRIS_313-10600,0.504949503,1.249797053,0.171261236,-0.6359708,2.210840667,0.375255246,-0.015186894,-0.139713428,-0.495275617,0.599805782,-0.264803729,-0.583272847,0.216832428,-0.506484303,-0.302587352,-0.222246788,-0.670905358,0.188215675,0.37370535,1.051930231,0.709165511,-0.704756509,0.485297246,0.332521176,-0.523067959,-0.62149142,-0.723310427,-0.864541528,0.260381273,0.629836606,0.848789155,0.591368613,0.143619866
IRIS_313-10602,-1.544699463,,-1.863724797,-1.0903834,,-0.951215671,-1.215917535,-1.422512935,,1.141866318,-1.605912666,-1.416735042,-1.475599817,,-1.678376804,2.063449677,-2.431412119,2.415207224,-1.843633556,0.123326725,-0.343584849,1.94958778,-0.789790919,,,-2.908436648,1.735033331,-1.70353185,,-1.899172182,1.52107976,,0.540803079
IRIS_313-10603,-0.3864646,0.867289368,0.31809899,0.033166098,0.885517346,0.423777714,2.262399828,-0.086648497,-1.00203565,0.328775509,-0.081000183,-0.119035626,0.388515408,-0.144064028,-0.154950041,0.612448198,1.527392076,0.572905106,0.951770713,0.469011244,-0.263808112,1.125535232,0.035477285,1.536077101,-0.229200317,0.615381954,1.488434202,-0.69939892,0.200008986,0.410951888,0.799365534,0.063789192,0.847933918
IRIS_313-10604,-0.369971171,-0.12484197,-0.293621935,-0.557665385,-1.411772776,-0.075214242,0.273136748,-0.434666956,0.401594959,-0.213285047,-0.480169651,-0.427811384,-0.362018083,-0.176229327,-0.387764879,0.47818492,-0.41616431,0.257589655,-0.150720986,0.279223664,-0.099671115,-0.079321419,0.191239322,-0.445245675,-0.052483699,-0.537932303,0.09105425,-0.515859745,0.673551372,-0.051849892,0.799365537,1.290251036,-0.171520489
IRIS_313-10605,0.749377399,-0.262428928,-0.689495687,-0.61653923,-0.32917494,-0.365944655,-0.634268718,-0.726146536,-1.18712622,0.870836052,-0.691825122,-0.635401465,-0.8025417,0.658560501,0.935505794,1.110949716,-1.022004954,0.902203849,0.162408,0.17077362,0.174854153,0.723334007,0.061593319,0.510055804,-0.105544426,-0.009697847,1.000380537,-0.28026813,-2.256631056,-0.668340981,0.641138777,1.566688946,-0.509958401
IRIS_313-10606,-0.639921693,0.839104354,-0.792407036,-0.969214754,0.877584193,0.337698834,-0.366347612,-1.504006068,-0.21691488,1.141866318,-1.781121024,-1.522876492,-1.042428733,-0.733523202,-0.043861223,1.533236073,-2.622140395,1.335977192,-0.653410605,0.75369261,-0.589176532,-0.344714614,0.405414958,-0.111186782,0.21616257,-1.714839714,-0.274567038,-2.314702355,-0.209297754,-0.512476899,2.47858839,0.005810676,1.938194347
IRIS_313-10963,0.704716438,1.257821297,1.146229999,0.450852949,0.179849953,1.938981731,0.775720903,-0.254344049,-0.040550564,0.599805782,-0.411475296,0.119325563,-0.296472339,0.273022978,-0.773601145,0.50076578,-0.972197854,0.09158635,1.067771804,2.25843698,1.154570184,0.506940473,1.677762684,-0.465291471,0.25285888,-1.056542488,0.686281465,-0.445016311,0.226537365,1.251021016,1.67426334,0.604277816,1.056843222
IRIS_313-10964,0.236402177,-0.310360514,-1.094373452,-0.879784985,-1.334389845,-1.503826226,0.122697541,0.104509924,-1.157358222,0.057745233,-0.004879525,0.166211744,0.02834811,1.46263751,-0.513720352,-0.749142176,0.159226608,-0.742292415,0.233398733,0.577461287,0.555944021,-1.174332309,-1.119642513,0.308355128,-2.142393283,-0.329298204,-1.115305335,0.056559032,1.314862903,-1.091413424,-0.173949196,0.221308849,-1.184238934
IRIS_313-10965,-1.105058087,0.412851031,-0.086378635,-0.5970111,1.234041444,-0.287736597,0.350426457,0.012729384,0.173313318,-0.48431533,0.027610999,0.203754591,0.432351563,-1.00031683,1.074637128,-1.382260976,-0.078969763,-1.404239956,-0.659558295,-1.645764627,-2.151992463,-1.641639761,-0.186268828,-0.720274579,-0.535427694,0.816786129,-1.740167097,-0.527558976,0.875127213,0.27079427,0.477021137,0.403377705,-0.211861622
IRIS_313-10971,1.417420566,0.225031204,1.553555215,2.279890376,1.537540326,1.060491576,-0.25571485,0.712682354,-0.193587792,-0.213285047,1.525801852,0.702167538,0.74881057,-0.765034806,0.17298456,-0.3260159,-0.157457488,-0.29412411,1.173756664,1.39083662,1.50597034,0.633725172,0.365728769,-1.338444615,-0.579081502,-0.009697847,0.741975865,2.041895685,-0.29231399,0.890587894,-0.173949196,-0.356077077,0.569720896
IRIS_313-10972,1.767283715,1.757099983,0.997638933,1.152830935,-2.859158321,1.169515139,0.571720869,0.767554364,-0.238917005,-1.568436498,0.190063621,0.734379134,-0.270905001,0.434546555,1.068475314,-1.067555835,0.266527388,-1.086984624,2.168253315,1.756855524,1.487274255,-0.710024241,1.056003327,-1.281989372,0.197669763,1.059859173,-0.660832203,1.420642592,1.064609403,0.746237297,0.154085968,2.081622843,-0.035767402
IRIS_313-10973,0.884956602,1.084179462,2.051788595,1.023277673,0.888059484,1.07442751,0.82256119,0.98925927,0.247774963,-2.923588036,2.127517881,0.885614978,1.83582353,-0.082666527,0.275375011,-0.670528714,0.320536931,-0.697984097,1.269880217,1.173936534,0.795825245,0.123731272,0.62707268,0.109265968,0.07767083,0.351469686,0.382536809,1.19925204,0.028254449,1.776711163,0.437466375,-0.1437144,0.013582495
IRIS_313-10974,0.856262393,-1.103085739,-0.110943939,0.971934009,0.478893126,-0.806776479,-0.139975807,-0.132324237,0.072859659,-1.297406201,0.611512139,-0.242078228,0.423986522,0.920482024,1.049582664,0.073598706,-0.670905358,0.23492943,0.59078225,0.401229966,0.209274379,0.309210137,-1.185206082,-0.750396689,-0.813291413,0.351469686,-0.092381715,0.941688277,-0.765225818,-0.76990507,0.748844515,0.018034459,0.185476629
IRIS_313-10975,-1.766884435,-0.265615132,0.1487797,0.620722649,-0.175177921,0.395470984,0.426861901,-0.954973884,0.948069174,0.328775509,-0.322358382,-0.871800625,-0.538446549,-0.207263326,-0.191970223,1.111481591,-0.569444277,0.873045474,-1.159279029,-0.87305806,-1.619663399,-0.025400955,0.261084444,0.834227689,-1.17646888,-0.496181163,0.21045763,0.341162267,1.36399333,-0.147691111,1.042174015,0.088955194,0.368810259
IRIS_313-10976,0.226368392,-0.563347572,0.466112899,0.294424851,0.152408626,0.106611538,-0.366347612,0.627531704,-0.688918799,-1.568436498,0.505685857,0.260368035,0.900560645,0.447757307,0.204875952,-0.408972025,-0.518500852,-0.063815379,-0.044454868,0.089436087,0.119617185,0.354020295,-0.370159239,0.359533212,-0.051997882,-0.204213063,0.398550125,-0.175567521,0.842202443,0.466722881,0.254026128,-1.234396084,0.537915223
IRIS_313-10977,0.334335332,0.0138,1.027894291,1.604887364,-0.728055735,0.717894502,-0.139975807,1.666897965,-1.998839013,-0.213285047,0.849193036,1.345532107,0.692843332,-0.151127893,1.095638139,-0.815320231,-0.41616431,-0.681837758,0.172588417,-0.398589114,-0.473984555,0.767334599,0.015073291,1.545645307,-2.10911333,0.587601956,0.88518538,1.003572562,1.064609403,0.603702018,0.437466376,1.041736767,0.818355891
IRIS_313-10978,2.847452532,-0.75635091,2.03290953,2.956616518,-0.297100531,1.679427146,0.935381368,0.215859502,-0.671100433,0.735320918,1.362460618,0.322060749,0.644683278,-0.074128594,1.110511347,0.565584542,0.239613863,0.407047201,3.325695934,3.376828064,2.297081467,1.306270113,0.863449833,0.169649659,-1.0518233,1.087638921,2.09362225,1.917016435,-0.120953684,1.188734517,0.669282849,-0.77862643,0.781478759
IRIS_313-10979,-1.297243445,-1.754901069,0.13568005,-0.121441171,-0.380679674,0.167160559,1.681385458,-0.51845337,1.116420539,-0.213285047,-0.101422799,-0.530221118,-0.013088807,1.442429033,-0.042480953,0.614176427,0.374796493,0.391719235,-0.215606469,-0.452814137,-1.25193447,-0.077618722,0.213327137,1.297280677,0.857253916,0.129219068,0.20426637,-0.124906463,0.639234201,0.259111403,1.233851631,-0.580342715,-0.035767404
IRIS_313-10980,1.098159877,-0.30918246,1.185343822,0.343795198,0.197877482,1.21181798,-0.079000194,0.108821948,-2.12280202,0.328775509,0.474123634,0.271072197,0.471290605,0.748986207,0.407874556,-0.645749457,0.864427616,-0.749637957,0.97597868,0.340226815,0.970544187,-1.060675201,1.221899868,0.840756595,-0.437175224,0.782061345,-0.963793907,0.467813846,-0.640435425,1.356819285,-0.961042233,0.064889982,-0.076699438
IRIS_313-10981,-0.466770052,-0.987396245,0.354721245,0.620722649,-0.139209706,-0.051119914,0.702792765,0.43292157,-2.085833584,-0.48431533,0.472267032,0.449635845,0.557993008,-0.100436179,0.468327133,-0.494075902,0.650143146,-0.491558465,-0.044454868,-0.805276782,-0.800498807,-0.315537001,-0.441651378,-0.099749616,0.08862327,0.7126117,-0.133879999,0.299575523,1.747383174,0.158676141,-0.234185539,-1.603038227,0.411562939
IRIS_313-10982,0.19614908,0.218159068,0.991610805,1.822951963,-0.983249853,1.339227772,0.426861901,0.326606212,0.377976204,0.328775509,-0.030871945,0.682704041,-0.509754531,-2.38351822,0.481735666,0.360572305,-0.157457488,0.161498598,0.333820835,0.17077362,-0.104364234,1.38904283,0.925394402,-0.042173708,-0.886849083,0.226455371,1.777957917,1.338416755,1.109418211,0.482263164,0.641138777,0.549831103,0.74470837
IRIS_313-10983,-0.079140814,0.340404212,-0.674694599,0.403060732,-0.595736793,-0.653875802,-0.079000194,-0.012078982,1.230715663,0.057745233,-0.32978479,-0.013932333,-0.564810996,-0.311950636,-0.933972066,-0.146495309,1.224995852,-0.199201588,-0.097313769,-0.005457703,0.487640037,-0.396049279,-0.720843993,0.316563489,-0.535427694,-0.176421655,-0.300303376,0.383063138,0.36291379,-1.237887664,-1.257701929,0.902302429,0.074239764
IRIS_313-10985,,1.523116191,,,0.740604595,,,,1.49805031,,,,,-0.463747592,,,,,,,,,,-1.394600028,0.912612933,,,,0.67355135,,,0.875002762,
IRIS_313-10986,0.921947091,0.958500461,1.175774127,0.547433074,0.184687343,1.47943813,-0.25571485,1.024553178,-0.367959343,-0.48431533,0.139935383,0.636876406,-0.084769318,1.270499106,0.315656164,-0.830354552,0.990716403,-0.371424965,0.571183401,-0.032570214,0.814798634,0.343470433,1.504162213,0.221889402,-0.772245882,0.768171425,0.096610541,0.729775432,0.61431088,1.234538171,-1.209855244,1.055546636,-0.090304318
IRIS_313-10987,-0.123744985,-0.249832333,-0.774418297,-0.750530582,0.330017068,-0.671240919,-0.474375559,-0.378194027,-0.902011204,0.328775509,-0.431897932,-0.423584613,-0.354065138,-0.176229327,-0.69359995,-0.005440039,1.284581006,-0.147592568,-0.359624922,-0.547707926,0.313043965,-0.986719609,-0.381345818,-1.645297984,0.237157527,0.045870376,-0.836081052,-0.397165621,1.710518447,-0.695502762,-1.640463742,-0.414133159,-0.56678748
IRIS_313-11013,-1.130854558,-1.133169196,-1.143241958,-1.255394676,0.633665314,-1.900780542,-0.687299935,-0.102445962,-1.161460246,-1.026375908,0.631934758,-0.166157791,0.727373159,1.383698154,1.375665611,-0.173617919,-0.467409177,-0.17880132,-1.202897901,-2.228683617,-2.647341999,-0.566800761,-1.530350968,-0.371165367,-0.182295764,0.851510891,-0.55350803,0.383063138,0.466451636,-0.839563119,-0.289637665,-2.23201247,-1.938789204
IRIS_313-11014,-0.81633863,-0.680214983,-0.438470572,-0.674544099,0.366683776,-0.645167761,0.122697541,-0.056332953,1.106687374,0.328775509,-0.03829835,0.183115035,-0.116756556,-0.765034806,0.590482512,-0.178573462,0.875837932,-0.38364242,-0.53284963,-1.645764627,-1.28300599,-0.553476725,-0.162752432,-0.536502751,0.374842804,0.962630025,-0.463758599,0.258301255,0.226537365,-0.183389298,-0.82704285,-1.668291249,-1.100966197
IRIS_313-11015,-0.755559369,-0.408154279,-0.519906265,-0.22909354,0.740969739,-1.419917327,0.571720869,0.287910874,1.762912708,-0.48431533,0.581806515,0.385826464,0.511498545,-0.633764951,0.204551247,-0.256774954,1.048702733,-0.26420675,-0.314767526,-1.130626916,-0.89027228,0.089800232,-1.20045052,-0.666988686,1.079855945,0.698721756,0.101266745,0.670551131,0.06066149,-0.692249822,-0.683374511,-0.667307624,-0.91902947
IRIS_313-11016,-0.928130439,-1.656345509,-0.121344191,-0.507941206,1.542500071,-0.620359241,0.763807852,-0.113178254,-0.063453698,-0.213285047,0.36272755,0.440675797,0.499032208,0.554456448,1.302680492,-0.465030151,-0.569444277,-1.02415462,-0.359624922,-1.171295682,-2.264988023,-1.122477315,-0.383270413,-2.325713966,0.878741078,0.684831805,-1.068136662,0.136336744,1.339736798,0.160762862,1.281728906,-2.34989055,-0.782597872
IRIS_313-11017,0.0300713,-0.213918197,0.824618865,0.920872076,-0.964849475,1.867416767,1.258204365,-1.292258175,-1.452345759,1.141866318,-0.924900599,-1.203660249,-1.000871582,2.304131283,-0.655240916,0.924385244,-0.620244235,0.629344528,0.639717411,1.600958582,0.435929301,-1.253451236,1.494369497,1.079355884,-1.446760036,-0.809965103,-1.168741919,-0.631478292,0.260381273,0.634880577,1.760431605,-0.54610431,1.890691011
IRIS_313-11018,-0.029155032,1.432788245,-0.65844981,-1.190524136,0.037104681,-1.018900208,-1.110272706,1.008220546,-0.575551965,-1.026375908,0.071241132,1.000187228,0.359847135,-1.345484099,-0.715156996,-1.283520355,0.374796493,-0.806452253,-0.727986393,-0.561264181,0.41345777,0.125839403,-0.467959094,1.008357988,-1.422090851,-0.371005005,-0.588985083,-0.324447047,-2.237138765,-0.035187766,-1.449085231,0.831228265,-1.25478627
IRIS_313-11019,-0.531662895,,-0.634891458,-0.271497353,,-1.638944194,2.209582976,0.951472845,,-0.755345617,0.791606115,0.882456443,0.497772082,,-0.173659663,-1.486791477,1.778079535,-1.553872707,0.669609405,0.157217363,-0.393412462,-0.952450737,-1.32067248,,,0.7126117,-0.914631787,1.28954701,,-0.8442113,0.513969788,,-1.439160054
IRIS_313-11047,,-0.05379587,,,-1.15717392,,,,1.852887815,,,,,-1.215429652,,,,,,,,,,1.718965416,0.752284301,,,,0.36291379,,,0.310855598,
IRIS_313-11048,-0.260549419,-0.616008317,0.577788724,0.100795307,1.698636532,0.715036419,1.151793469,-0.120687109,-1.028799979,-0.213285047,0.017399692,-0.212538906,0.073524634,-1.557492586,0.351769179,0.438738299,1.284581006,0.288714293,0.343806089,-0.534151671,-0.491634258,0.482022388,0.719266943,-0.435481188,-1.42619492,0.962630025,0.893752218,0.030236013,0.254071973,0.710753266,-0.392604962,-0.37453969,0.074239764
IRIS_313-11049,-0.027283339,0.378492679,-0.246042525,0.630548998,0.993067234,-0.2533961,-0.474375559,-0.379496929,0.419136912,0.057745233,-0.233241502,-0.613630968,-0.150608412,-0.307212434,0.210948958,0.085446953,0.052833117,0.20130702,-0.292527207,-0.561264181,-0.148131772,-0.763075682,-0.664354069,0.745738405,0.125050789,0.143110184,-0.667590222,-0.225708654,1.181469355,-0.797695733,-0.587383209,0.067908592,1.008809042
IRIS_313-11050,-0.571673256,-1.278850197,0.215680449,0.033166098,0.620090563,0.438604702,0.82256119,0.40794743,-0.830065012,-0.48431533,-0.264803729,2.36249904,-0.414843396,3.357183196,0.397225929,-0.236090428,0.429314333,-1.884585693,-0.06553579,-0.642601715,-0.852837589,0.236907747,0.595740008,-0.480598493,-1.002335257,0.518151778,0.392870948,0.230957856,-1.606901206,0.276822403,0.254026128,-1.545406374,-0.211861622
IRIS_313-11052,-0.381946721,0.210639062,-0.33903322,0.707130427,2.376110277,0.244759315,0.350426457,-0.430438388,-0.138196816,0.057745233,-0.864518813,-0.430548902,-1.084537159,-0.242460796,0.073339975,0.539427026,0.212759863,0.453311683,-0.129289073,-0.344364092,-0.41374407,0.365082405,0.054524794,0.253590602,-0.118518397,0.129219068,0.267772992,-0.225708654,1.094608837,-0.967015795,-0.029836966,-1.560156961,1.102024921
IRIS_313-11053,0.136880791,0.938199578,-0.465463517,-1.198715322,0.195854555,0.788388651,0.273136748,-1.36208167,1.379730191,1.412896581,-2.191722724,-1.272161414,-1.307237224,-1.50953037,-1.426708291,1.449620553,-1.367851997,1.28323475,0.223294828,1.783968034,0.943718621,0.006646399,1.304026709,0.962312885,1.125551547,-1.640861976,-0.111135711,-2.390524017,-0.858793482,0.256197355,1.7125601,0.122461535,1.686181341
IRIS_313-11054,0.663423854,-0.725580539,-0.391966214,-0.250342604,-0.274819245,0.376947238,0.82256119,-0.826289451,1.467469635,0.599805782,-1.076735301,-0.705692704,-1.201807038,-1.040108063,0.166684875,0.748809817,-0.77182889,0.448418877,1.058121746,1.594180454,0.611203926,-0.501683022,0.583970255,-0.095399843,0.653511226,-0.384908984,-0.3735244,-0.732956568,-1.105425115,-0.460569279,1.52107976,0.420807721,0.511956763
IRIS_313-11056,-0.052095236,-0.879962204,0.950091292,0.744454184,0.302097425,1.29973282,1.258204365,0.374560001,-1.389006321,-1.026375908,-0.060577567,0.445431368,-0.250807242,-1.897394743,-1.362933595,0.174180014,1.048702733,0.163422673,0.571183401,1.295942833,0.743053052,1.105066813,1.190858517,0.849815696,-1.38955651,-0.593628615,1.376473484,0.496347039,0.67355135,0.867382352,-0.029836963,-0.82746315,0.354596113
IRIS_313-11057,0.704716437,-0.621049035,-0.111592968,0.033166098,-1.291159869,-0.122265615,0.350426457,0.022534433,0.889507482,-0.755345617,-0.179400059,-0.27076906,0.166035803,-0.815600524,0.999134998,-0.789030077,-1.071705317,-0.499851027,0.766299211,0.916367677,0.065468862,-1.313283748,-0.445576128,-0.431468232,0.270837995,0.004194429,-1.28257772,-0.608597652,-0.437679794,-0.2001866,1.473210694,0.566460677,0.730030281
IRIS_313-11058,-0.023308624,-0.184646991,0.209295714,-0.507941206,-2.282190328,1.176028638,0.571720869,-1.183709498,0.939245325,0.599805782,-1.231182018,-1.081653213,-1.265898615,-2.255877234,-1.467766618,1.255600893,-0.972197854,1.000837206,0.228348282,1.655183606,0.824248364,-0.278259021,1.635186341,-0.311261057,1.219573232,-1.472383521,-0.118689016,-1.125542782,-0.885856797,0.592247142,1.52107976,-1.518998657,0.686099742
IRIS_313-11059,-0.442091194,-0.667055863,-0.452657944,-0.355169356,1.165684726,-1.251551246,1.787035779,0.864328864,1.480177519,-1.026375908,0.494546249,0.508211734,0.513109644,-0.579730348,0.0388998,-1.149800309,2.958823692,-0.71952902,0.531913621,-0.723939247,-0.450033372,-0.627056595,-1.023284051,-0.97672913,1.366304839,1.420995683,-0.66978664,0.439422454,-0.309127188,-0.481073211,-1.018463054,-0.341327585,-0.869711636
IRIS_313-11060,-2.489090922,1.035336582,-2.698253647,-2.681139166,0.706157702,-2.488518894,-2.166626967,0.093944666,-1.197971441,-0.48431533,-0.582283244,0.172609698,-0.050459378,-0.383178104,-1.801445958,-3.103971287,0.159226608,-2.702915533,-2.92585188,-1.605095861,-1.103278524,-2.411895888,-2.620739448,-0.507471437,-0.512489685,-1.258700252,-2.343148629,-1.260862974,1.195465989,-2.847570577,-2.214573976,-1.64423526,-3.424666282
IRIS_313-11061,-1.449378284,-0.659078313,-1.433209226,-1.514537734,1.09220935,-0.480448868,0.122697541,-1.733349266,0.092619919,1.683926841,-1.588429563,-1.727512275,-1.377178564,0.553930043,-1.771379251,1.4984312,-0.313194419,1.24277822,-1.01106291,0.136882981,-0.200009594,-0.888612353,0.213855998,0.958934749,-0.660991684,-1.409446476,-0.862498657,-1.806489589,0.229137067,-1.0634454,0.581061094,-1.190890903,-0.049430948
IRIS_313-11062,-2.360826329,0.866752452,-1.240124789,0.414977319,1.958055442,-0.38023482,0.350426457,-2.054026883,2.08395976,1.548411711,-1.375773484,-2.130617262,-1.984087261,-2.135508531,-2.554742958,2.15836362,0.566795523,1.991098704,-1.718614545,-0.100351492,-0.376922503,0.652253316,-0.265549841,-0.794393519,1.461961294,-1.951856414,0.517431448,-0.275333836,-1.606901206,-1.760922007,-0.417430039,-0.241871011,0.80359228
IRIS_313-11063,1.650645655,0.714221387,-0.265001101,-0.355169356,0.493504939,0.471158871,-1.63846018,-1.516384103,0.423820437,2.379983496,-1.011402542,-1.512535264,-1.386603335,3.199304295,-1.644957831,0.918526003,-0.052710346,0.634319942,0.080449964,1.228161555,2.876136593,-1.596027076,0.968058271,0.831864638,0.121451018,-1.214743808,-1.549826978,-0.022008665,-0.521020971,-0.165777204,-1.544775053,1.65458142,-0.437057488
IRIS_313-11064,-2.620170036,,-1.004355235,-0.477818107,,-0.067806709,-0.25571485,-1.999151526,,2.379983496,-1.431253128,-2.118345039,-2.211168497,,-2.266955637,2.13853315,-0.157457488,1.908671783,-2.175979716,-0.547707926,-0.848587733,0.433177579,0.523222268,,,-1.815230802,0.538419249,-0.124906463,,-1.218632889,-0.173949196,,-0.489194909
IRIS_313-11065,-0.644069282,-0.885515358,-2.0115969,-1.064813303,0.23940348,-2.245482399,-1.374374299,0.031738285,0.084806733,-0.077769907,0.144576887,-0.033344636,-0.155536653,1.562732628,-0.562752913,-1.865836657,0.990716403,-1.859563651,-1.337162545,-1.544092711,-0.249549392,-1.989713656,-2.234362545,-0.298323337,1.617186296,0.025032558,-1.976540939,0.92631074,0.093340401,-2.085838051,-2.214573976,0.658186923,-2.081918918
IRIS_313-11066,-0.81633863,0.425284529,-0.81343745,-0.879784985,0.599659415,-0.178003268,0.571720869,-1.442941604,-0.606494124,1.548411711,-1.044963642,-1.339468215,-0.959239088,0.298141424,-1.721974337,1.235467097,1.254735195,0.980519264,-0.359624922,0.306336176,0.297315024,-0.860450936,0.226401997,0.030661875,0.609449208,-0.830968693,-0.874198514,-1.08488617,-0.338112965,-0.641930598,-0.850974357,0.028456582,0.074239764
IRIS_313-11067,-0.035967865,-0.584308874,-1.102772308,0.450852949,0.818389902,-1.911631285,-1.215917535,-0.507477281,0.705785566,-0.755345617,0.700629101,-0.562876226,0.209366237,-0.904383573,-0.398085894,-0.017915579,1.048702733,0.441083702,-0.810847767,-1.191630065,0.226733411,-0.067685659,-1.975226809,-0.469102788,0.102737506,0.184783073,-1.123127639,1.776730723,0.109778623,-1.65329313,-2.118891393,-0.175783432,-1.028762273
IRIS_313-11068,-0.945602106,0.136494234,-1.286544371,-0.099630948,0.810331663,-0.801953285,-0.474375559,-0.380282761,0.428065927,0.870836052,-0.894240936,-0.394108843,-1.168507577,0.50311995,-0.990426694,-0.752970172,-1.071705317,-0.838189531,-0.936126932,0.048767319,-0.259399973,-1.772436886,-0.708289138,-0.509683997,0.134323259,-1.229346709,-1.743406134,-0.124906463,0.093340401,-1.658332103,0.848789156,-0.777987968,-0.008381877
IRIS_313-11069,-0.932105475,0.453584769,0.31250795,0.178418423,1.805145183,0.371867276,0.935381368,-0.684331661,1.131862884,0.870836052,-0.032728546,-0.650813369,-0.289730829,-0.408940596,-0.265121923,1.179296765,2.037708843,1.499439216,-0.281452355,-1.130626916,-0.721382424,1.631059818,0.544236355,-0.404009893,0.863847775,0.740391572,1.363027544,0.685302618,-0.562137726,0.326110524,-1.162008135,0.718321074,-0.465773447
IRIS_313-11070,-1.996987157,0.080773809,-1.34269154,-1.641154483,0.038169807,-0.212331391,-0.74026311,-2.308581012,0.653849049,1.683926841,-2.139524774,-2.314206406,-2.282818513,-1.938314735,-1.2837831,3.06623486,-0.157457488,2.590216218,-1.894210581,-1.015398743,-1.024996131,1.670517053,0.986125248,1.551520784,-1.841947536,-0.999799692,2.073608099,-1.477720953,-0.804890395,-0.730290857,-0.635417404,0.124756883,-0.770069385
IRIS_313-11111,0.010522393,-0.267016615,-0.527113638,0.100795307,-0.409918694,-1.185574986,2.103948911,0.47166827,-1.841058533,0.057745233,0.34973134,0.689792978,0.435720362,1.810760126,0.971765023,-0.699068188,1.284581006,-0.932961993,1.231453657,-0.127464004,-0.728497672,-0.597725974,-1.328743801,0.103087706,0.320529983,1.62934358,-0.463477366,0.217337808,-0.911278824,-0.916291075,0.848789151,0.11847894,-0.117455187
IRIS_313-11112,0.829618846,-0.957532618,0.063126616,0.169232871,-0.083794975,-0.288610979,0.122697541,0.282437078,-0.252412053,-1.297406201,0.249474865,0.033123305,0.146258831,-0.69942042,0.582692708,-1.024137497,-0.261458679,-0.699321839,0.766299211,0.685911332,0.536542984,-1.253816023,-0.245566102,0.929491456,-0.294273163,0.240346025,-1.215829977,0.525022522,-0.205329769,-0.015708535,0.513969785,-0.225485142,-0.331807722
IRIS_313-11113,0.867838355,-0.899178481,0.532305688,1.470214249,0.061832898,-0.316421085,0.426861901,1.267240235,-0.766312969,-1.297406201,1.136689753,1.764004063,1.040703449,0.83814828,2.103423158,-1.390806521,0.266527388,-2.035301186,1.029154849,-1.591539607,-1.445495291,-0.484482369,-1.056829004,-1.129682509,-0.047327703,2.837761234,-0.456829374,0.819709012,-0.383577794,0.020363655,-0.029836967,-0.260169219,0.847933918
IRIS_313-11114,1.357383086,1.898959943,1.221844475,-1.365319494,0.127653325,1.137920501,0.122697541,0.374891981,-0.070963916,0.057745233,0.631934758,0.229184245,0.873349203,0.871013358,0.512399866,0.158096364,-4.14E-05,0.300686789,1.365830754,1.309499089,1.239671502,1.049704,2.620014649,-0.694678002,-0.677810056,0.351469686,1.334007826,0.136336744,0.535679578,3.002086293,0.057647293,2.133769168,-1.89713273
IRIS_313-11115,-0.329156774,-1.871321465,-0.144867712,0.77944501,-0.767317738,-1.25626164,-0.25571485,1.403408246,-0.454518391,-1.026375908,0.916506178,1.806484203,0.689709631,0.047275094,0.533490379,-0.562730032,-0.157457488,-0.90600993,-0.3709208,-0.77816427,-0.707982252,0.878941334,-1.393454917,0.847271339,-0.255730915,0.268127185,1.164541757,1.192848471,-0.981111509,-0.722411562,-0.173949196,-1.324887157,-0.241331376
IRIS_313-11116,0.368480556,1.245574604,0.361328815,-0.693685761,-0.057918042,-1.354656682,1.998313934,1.353863366,-0.655539991,-1.839466799,2.056967029,1.059345697,2.346353768,0.183152419,1.418226674,-1.426498399,2.171246325,-1.30319671,1.519072138,-0.913726826,-0.812190688,-0.447145591,-1.089451381,0.043681934,1.94798309,2.851651091,-0.427592295,0.299575523,-0.567887554,0.922032541,-0.289637661,1.184218306,-1.160552944
IRIS_313-11123,0.862977085,-0.493900953,0.561314832,0.857449441,0.067805762,0.674658187,0.702792765,0.201124669,-0.587383309,-1.297406201,0.039678908,-0.142736457,0.036317273,-0.159820372,0.4272474,-1.554514028,-0.569444277,-1.029837135,1.173756664,1.458617899,0.677438583,-1.666839664,0.252647089,-0.479418562,-0.41223563,-0.079161908,-1.694943353,0.163200512,-0.069958489,0.327633309,1.233851631,-1.77692184,0.833136456
IRIS_313-11124,-0.068763824,0.026197788,-0.461191135,-0.477818107,-1.704716017,-0.417551439,0.426861901,-0.126614334,1.200035279,0.057745233,-0.342781004,-0.14766412,-0.285830952,0.394754355,-0.984353267,0.212459491,0.706085875,0.138816002,0.131783754,0.53679252,0.524553727,0.244928116,-0.190241331,0.812853069,0.953461664,-0.426626909,0.263387502,-0.275333836,0.195443756,-0.393604551,-0.490824063,0.243072423,-0.331807722
IRIS_313-11154,0.232613739,0.040647705,0.195313522,-0.164782608,0.641167146,-0.663288725,1.098302725,0.3294784,0.420185681,-0.755345617,0.893926668,0.356404156,1.139282019,-1.668655284,1.238171285,0.088205663,0.933098697,0.076955563,0.766299211,-0.778164272,-0.753624802,0.819953632,-0.737569846,0.015847181,-0.027496719,1.740462452,1.049617633,0.285782795,0.260381273,0.362919739,-0.106628995,1.145854863,-0.502178227
IRIS_313-11163,-1.405924608,0.488435417,-0.848082182,-1.271377655,-0.069855711,-0.61154484,1.258204365,-0.461565165,0.817145939,-0.213285047,-0.598992834,-0.513283472,-0.316097239,-0.193319967,-0.170131421,-0.027055745,-0.569444277,-0.056076372,-0.497518549,-0.195245281,-1.263133991,-1.017951499,-0.050610134,0.060310922,0.150206475,-0.482267483,-1.046912915,-0.896784656,0.466451636,-0.265466374,1.7125601,0.118635087,-0.770069385
IRIS_313-11203,0.804188298,0.084176395,0.653125481,0.474874294,-0.597578001,0.732136653,-0.581138075,0.53619129,0.147430438,-0.213285047,0.132508977,0.602369011,-0.070087874,-0.162724987,-0.477441747,-0.720893779,0.650143146,-0.65407069,0.243490744,0.333448687,1.111846571,-0.326946091,0.723967778,0.73397304,-1.269770005,-0.065268698,-0.400841765,0.670551131,1.729472818,0.619504809,-1.209855244,0.363919329,-0.117455186
IRIS_313-11204,0.213804983,1.240588362,0.733322946,0.438873491,0.238820841,0.006482189,0.82256119,2.29672233,0.004443373,-1.297406201,1.268539478,2.625746544,1.186726829,0.203347609,-0.100570584,-1.614481081,1.165829839,-2.048953869,0.541740443,0.197886131,0.297734879,0.201656522,-0.254856997,-0.233551018,0.562277466,0.490371617,0.049496937,0.64115698,1.209320411,0.739559914,-0.587383209,1.265348236,-0.131001113
IRIS_313-11205,1.306770159,-0.666846723,1.1747131,0.819615864,-0.743871255,0.620132851,-0.25571485,0.56774574,0.131484271,-0.755345617,1.505157648,0.165477896,2.752514384,-0.397819046,1.416422774,-0.588202386,-4.14E-05,-0.209195813,1.058121746,-0.032570216,0.463907977,-0.162939992,-1.215695431,0.508857327,-1.797609982,1.282097064,-0.093377427,-0.896784656,1.289376749,1.097580892,-0.342051385,-0.46026307,2.145308228
IRIS_313-11206,0.146370503,-0.502970335,0.245662867,0.523164885,-0.612290973,0.302146664,-0.25571485,1.036164881,-0.296487885,-0.077769907,-0.067075672,1.062452722,-0.468400406,0.582221812,-0.166846419,-0.69809835,0.239613863,-0.751462139,-0.033944589,-0.059682725,0.269462469,0.308937325,0.394725212,0.178870117,-0.968975892,-0.0374829,0.388141121,1.066058235,0.67355135,0.053341587,-0.563321272,2.084753694,-0.410866619
IRIS_313-11207,1.356205755,-1.316167446,0.770116281,0.645312296,0.665179958,0.630559301,-0.015186894,2.269707941,0.440595548,-0.755345617,0.479693438,2.071436837,0.073963206,0.329657002,0.939185922,-1.259242908,-0.052710346,-1.538912762,1.279482452,0.848586399,0.958667551,0.410885035,0.689838598,1.378326363,0.293747157,0.698721756,0.627062423,1.420642592,0.501064483,0.688770553,-0.029836967,-0.49227915,-0.56678748
IRIS_313-11208,0.889528712,-0.108464661,0.383243675,1.390065449,0.030139885,-0.886632768,-0.687299935,0.820972721,-1.089700808,-1.026375908,1.733918341,0.756356086,0.873817843,-0.096084936,1.223139568,-0.206977626,0.706085875,-0.139321991,0.233398733,-1.26618947,0.088189183,1.02061834,-1.093681804,0.061640267,-1.922924095,1.559894283,1.21622743,2.33488979,-0.542606265,-0.173831581,-1.353394223,0.17101456,-0.489194909
IRIS_313-11210,-1.164435615,1.354721171,-0.922230631,-0.51793417,0.664768041,-0.147021544,-0.139975807,-1.267189751,0.640056008,0.599805782,-1.213524299,-1.599505542,-1.22298463,-0.859126234,-0.279959235,1.443411744,-1.367851997,1.547421901,-0.909323062,-0.141020258,-0.938714821,0.117404105,0.051655454,0.060594379,1.086493146,-0.999799692,0.169866412,-1.146149506,0.311480437,-1.093546476,1.425341666,0.573574162,0.700725919
IRIS_313-11211,1.431424426,0.057406783,0.941619768,1.631977666,1.151452247,1.228075485,0.702792765,-0.11444003,0.856838437,0.599805782,0.011829887,-0.067264931,0.302311291,2.129635745,0.740445699,0.127826723,0.374796493,0.15439134,1.796221661,1.485730411,1.200342019,0.399953493,0.225297354,-1.305922782,0.051822709,0.795951261,0.082665445,-0.373052267,0.466451636,0.493858966,0.154085969,0.512541377,2.402857916
IRIS_313-11212,-0.290006933,-0.116996817,-0.58220711,-0.121441171,-0.788167624,-1.431994294,-1.173660627,0.106097439,0.926347036,-0.755345617,0.518682067,0.12961793,0.523107047,0.006481971,0.37023484,-0.280525295,0.374796493,-0.225623976,-0.94961709,-1.605095861,-0.536467139,-0.258219598,-1.361602651,-1.166315331,-0.44994272,0.462591394,-0.326445119,0.482062687,-0.443960789,-0.863233793,-1.506499262,-0.484662351,-0.630882525
IRIS_313-11213,0.53719492,1.299507027,0.488327333,0.010804288,0.430739159,-0.043696109,0.571720869,0.13901342,0.633474228,-0.755345617,0.695059277,0.325595153,1.139410433,-1.000316401,-0.279959235,0.117397279,0.539159221,-0.039680243,0.680392247,0.835030145,0.730054568,0.520866051,-0.348738013,-1.598161465,0.618063139,0.031978531,0.689478064,-0.124906463,-0.082922417,0.643048489,-0.234185539,0.179728738,0.129705629
IRIS_313-11214,0.031642309,-0.370424612,-1.973118098,-0.61653923,-1.633306665,-1.942597951,-0.793179775,-0.68609029,0.05624747,0.870836052,-0.34835081,-0.655403308,-0.267774009,0.749341434,-0.089846347,1.017211729,0.159226608,0.861972577,-0.462545874,-0.601932948,0.107879649,0.585202805,-2.266648657,0.067674251,0.600776291,-0.023590286,0.843372438,-0.324447047,0.97175679,-2.182336878,-0.970612547,-0.959195876,-0.463166982
IRIS_313-11216,0.238559004,-1.754834039,0.781030634,1.933080072,-1.058907608,-0.119507605,-0.139975807,1.771216895,-0.240163247,-1.568436498,1.574224661,1.426094296,1.18075924,-0.835121278,1.585832911,-1.998138326,0.266527388,-2.063384323,0.101029212,-1.632208372,-1.239948364,-0.851524153,-1.005772826,2.837640874,-0.229530672,1.754352309,-0.880309782,1.160922409,1.36399333,0.182338445,-0.490824063,-0.931056687,1.026802437
IRIS_313-11217,-0.037082499,-0.455492047,1.355861659,1.891694916,-0.506591347,0.290766524,1.044504012,2.483535835,-1.198835563,-1.026375908,2.186929126,2.110099919,1.684384915,-0.213308042,0.581238029,-1.099164407,0.706085875,-0.158101634,0.462936794,-0.26302656,-0.433018625,1.823837799,-0.583019763,0.525775639,-1.035556434,0.851510891,0.990100744,1.621980773,0.477110372,0.838296353,0.154085969,-0.788239814,0.569720896
IRIS_313-11218,,1.239048916,,,-0.791266559,,,,-0.817958618,,,,,-2.022096272,,,,,,,,,,-0.158022446,-1.380535176,,,,1.236596248,,,1.7356224,
IRIS_313-11219,-0.012095104,-1.516117606,0.868170696,1.074897263,-2.127842174,-0.056684954,0.273136748,1.170390861,-1.07608588,-1.026375908,1.674506659,1.030108877,1.369291735,1.217451861,0.106654832,-0.789157733,0.539159221,-0.511874464,0.111295676,-0.235914047,-0.062165236,0.685134236,-0.594859508,1.443619584,0.166953035,0.337579357,0.371137108,1.034739993,-1.137624758,0.623594282,-0.44204413,-0.48589065,0.213475809
IRIS_313-11220,1.061942376,,0.702869511,-0.5970111,,1.308959784,-0.74026311,-1.292959696,,0.599805782,-0.534011276,-1.24624095,-0.330981686,,-0.691737738,1.412999013,0.159226608,1.369956509,0.333820835,0.835030143,1.494073303,0.296638344,1.789112343,,,-0.454444548,-0.005571779,-0.710614486,,1.330404172,-0.92275999,,0.005340038
IRIS_313-11221,0.324501392,-0.911486652,-0.027064771,0.414977319,-1.583546246,0.169894832,-1.215917535,-0.714134261,-0.902011204,0.328775509,-0.350207412,0.249342792,-0.559794437,-0.074128594,0.817412233,1.075877283,-0.972197854,0.132264076,-0.568554796,-0.683270481,-0.226304965,0.771381037,0.135293085,0.915087339,-0.296842523,-0.065268698,0.930926696,0.299575523,0.570266836,-0.31133948,-0.289637665,-0.823210283,0.171505401
IRIS_313-11222,-0.241220824,0.179236396,-0.431393272,-0.121441171,-0.88826991,-1.612360956,-1.744093697,0.645420081,2.008904501,-0.48431533,1.024781628,0.61662661,0.966016405,0.298850834,0.738561992,-0.859208737,-0.670905358,-0.846614338,-1.367686229,-1.632208372,-0.790277634,-0.613075411,-1.567765113,-0.092819446,1.62327819,0.087545189,-0.482887586,0.849981334,-1.136242929,-0.624585033,-1.066312235,-0.640999627,-0.943562171
IRIS_313-11223,-1.164435615,1.230523702,-0.472592667,-0.164782608,0.518333401,-0.325042396,-0.139975807,-0.064473335,1.433743591,0.057745233,-0.459746994,-0.362431493,-0.189669568,0.643403791,-0.664665644,0.136553821,0.266527388,0.225941055,-0.909323062,-0.737495504,-0.671045584,0.023648398,-0.507993444,-0.733584971,1.546178099,-0.384908984,0.232107176,-0.744083206,-0.724299655,-0.66137811,-0.490824063,0.140483796,0.642325829
IRIS_313-11224,2.145519116,0.349819159,1.096309318,2.316505148,0.353749117,0.390435141,-1.110272706,1.172722081,-0.620725773,-2.652557722,1.635516237,1.126499445,1.055547976,1.112199396,1.026214665,-1.017436429,-4.14E-05,-1.138029957,1.279482452,0.726580099,2.181093904,-0.152751226,-0.534783914,0.29872998,-1.294538143,0.823731083,-0.080542943,1.588029924,-0.451686065,0.453977262,-1.114160511,-1.479516152,0.966915714
IRIS_313-11225,,0.431914556,,,-0.246881952,,,1.235381158,0.74672468,-0.48431533,,1.077515929,,-0.128932433,,,,,,,,,,0.961122598,0.612219766,,,,0.260381273,,,0.434813921,
IRIS_313-11226,-0.576384236,-0.017831407,-0.378669969,0.033166098,-0.394724452,0.530747679,0.122697541,-1.173320704,-0.216390075,1.412896581,-1.239103765,-0.896589537,-1.50972943,0.300089402,-1.75535364,0.920373237,-0.105180233,0.469472673,-0.359624922,0.767248865,0.51594087,-0.958691063,0.681556418,-2.070941719,0.40835197,-1.318097379,-0.913647146,-0.676878431,0.431870275,-0.646114993,0.254026129,-1.220236658,0.818355891
IRIS_313-11227,0.679848773,0.651690892,0.493593722,1.205113954,0.725569898,1.103885881,-1.004614581,-0.858790921,-0.571306097,1.141866318,-0.654691864,-0.976946015,-0.990462464,2.116808111,0.570720481,0.93474515,-1.318723239,1.099007007,-0.161472713,0.211442387,0.370166094,0.234693068,0.877549914,-0.169193283,-2.836687547,-0.482267483,0.016918873,0.341162267,-0.153592085,0.081361562,0.581061094,0.325446327,1.041814756
IRIS_313-11228,0.925035894,-0.025372017,0.915760549,1.12678682,-0.622939493,1.166625983,-0.015186894,0.756569062,0.468511411,-0.890860762,0.041535509,0.835523605,-0.090855443,1.196296103,0.13298999,-0.476442031,1.077837885,-0.515229131,0.80593849,0.299558047,0.924120785,0.390060937,0.794266204,-1.203283656,0.366575244,0.650106902,0.461815826,0.439422454,-0.190495782,0.659802777,-1.090236468,0.476598578,0.847933918
IRIS_313-11229,1.78323592,0.62231392,0.086304647,0.819615864,0.529629903,-0.522677771,-1.057445994,-0.254438474,-0.423346018,-0.48431533,0.548387689,-0.288532169,0.371604106,1.056284015,1.809473294,-0.209063449,-1.071705317,-0.295616105,0.879565251,0.07587983,0.736691834,-1.011061725,-0.788408368,0.176943553,0.338414082,0.920960366,-0.931435897,0.880401674,1.36399333,-0.364043671,0.057647293,0.333963181,0.074239764
IRIS_313-11230,-1.312694362,0.328312866,-1.040948859,-0.186313319,-0.20277117,,-0.687299935,-0.202532549,3.207773308,-0.077769907,,-0.66194466,,-0.678830597,,-0.173142302,,0.171886979,-1.337162545,,,-0.95066361,,0.870073982,-1.780414432,,-0.764538174,,0.744267467,-1.39086124,,0.5669053,
IRIS_313-11231,0.770595776,-0.009436878,-0.032754676,-1.271377655,-0.76374965,-0.350700962,-1.427191945,0.191569739,1.776577678,0.599805782,0.173354208,0.362183599,-0.337301674,-1.215429652,-1.550410292,-1.050801513,-0.157457488,-1.14445485,-0.427916133,0.563905032,1.590625122,-1.32960105,1.288075666,0.257966441,1.2807156,-1.185670494,-1.356300249,1.571113912,-1.051022607,0.890720955,-1.257701931,-0.327259724,-2.692966479
IRIS_313-11241,-0.387173715,0.526729778,-0.49977914,0.215302054,0.103028957,-0.039982767,-0.687299935,-0.617271841,0.510082538,0.870836052,-0.788376884,-0.578671461,-1.000780001,-0.815600524,-0.584721959,0.899108997,-0.77182889,0.85481521,-0.678073252,-0.046126469,0.003996018,0.78117333,0.003135381,-0.442995065,0.487799117,-0.844980639,0.71257238,-0.150302232,-0.309127188,-0.941054419,0.154085968,1.082261529,0.411562939
IRIS_313-11321,0.104979195,-0.667055863,-1.008926961,-0.497924199,0.20710479,-0.488349044,-0.898927875,0.260004803,0.3119201,1.412896581,-0.946277034,1.710197195,-0.347231026,-0.951428393,-0.799163882,0.147441531,-0.77182889,-0.852084583,-0.485821937,0.29277992,0.584924582,0.867588251,-0.899177671,1.153663361,1.297874576,-0.971534686,1.053211003,-1.712243502,-0.724299638,-1.213563726,-0.173949196,-0.555434877,1.514915156
IRIS_313-11322,-1.834334985,0.360775543,-1.90766398,-1.747766141,-0.116953908,-1.94828364,-0.015186894,-0.700684555,-0.052653732,0.735320918,-0.248094314,-0.520031964,0.144710249,-0.242460796,0.128875249,0.71803567,0.320536931,0.536070398,-1.383040185,-1.788105311,-1.97093615,0.285679719,-1.828165784,-0.457706424,-0.100211398,0.233400705,-0.076423169,-0.732956568,0.122182347,-1.585753642,-0.44204413,-0.740995834,-1.716296893
IRIS_313-11323,-0.123744985,-0.017746856,-0.187105005,-0.43731798,1.515176583,-0.212331392,-0.420582529,-1.346295737,0.497140742,0.599805782,-0.19425287,-1.308098992,-0.022951556,0.922113437,1.127505869,1.434036574,-1.1213024,1.220544289,-0.325934007,-0.53415167,-1.05229839,-0.237149676,-0.053334789,-0.003408402,2.215892894,0.073653697,-0.108904336,-0.348812907,-0.129468029,0.016196447,0.945958619,-0.943812994,-0.198434433
IRIS_313-11324,-0.787100706,1.802014257,-0.130472026,-0.43731798,1.882687003,0.471158871,0.82256119,-1.151326314,-1.718185586,1.412896581,-0.823659503,-0.691720218,-1.167690042,0.569668598,0.177951755,1.271868037,0.484098976,0.649729936,-0.226511382,-0.696826737,-0.901939667,-0.000724386,1.038195821,-0.70615789,1.86257367,0.365359986,0.032479678,0.163200512,-2.306651926,0.098073856,0.154085968,0.688265418,-0.719746926
IRIS_313-11326,0.46709213,-2.19237453,0.484107997,0.769432434,-1.200708822,-0.364256615,-0.015186894,1.34768546,0.030941202,-0.48431533,1.048546474,1.203399098,1.086841621,-0.248989453,1.364000312,-0.765551665,0.266527388,-0.70200277,0.343806089,-0.981508106,-0.614667501,0.57715026,-0.814966759,0.035608525,-0.325909873,1.420995683,0.640353367,0.655835938,0.311480437,0.264740258,-0.39260496,-0.704623819,0.227503685
IRIS_313-11399,1.037251132,-1.258931869,0.198232366,0.596212514,-1.739926016,-0.687127947,-0.687299935,0.82532003,0.322856944,0.057745233,0.929847297,0.926997263,0.649736109,0.518919467,0.540764968,-0.250400951,-0.209548304,-0.299866987,0.353781802,0.184329877,0.81383192,0.946506554,-0.766046758,1.210188704,0.049662428,0.240346025,1.115222165,1.322088136,0.431870253,-0.056841731,-0.539216852,-0.727623872,-0.541005335
IRIS_313-11400,0.162193711,-0.719357245,-0.373781841,-0.43731798,1.123695235,0.736394096,-0.015186894,-1.798919064,-0.853504736,2.379983496,-1.614904336,-1.424453761,-1.760773459,0.547639475,-0.957842988,1.849064164,0.266527388,1.347619557,0.111295676,0.672355076,0.722572839,-0.129807056,1.117967429,1.967679525,-0.587047974,-0.593628615,-0.039178848,-1.324079808,-0.36180937,-0.278834147,-0.39260496,0.357479453,0.966915714
IRIS_313-11401,0.757118041,1.124029984,-0.006293758,0.571782467,-1.447991513,-0.469326559,0.273136748,1.005030035,0.170413207,-0.48431533,0.346018138,0.893458643,0.301141007,1.581362323,0.03667143,-0.477217651,0.933098697,1.348442177,0.80593849,0.455454986,0.789588096,2.503681108,-0.729532732,0.636336049,1.991914364,0.490371617,0.843091873,0.467813846,-1.39970517,-0.373489336,-0.77917246,1.20461863,0.185476627
IRIS_313-11402,1.147681526,1.323788133,1.180554347,1.443441622,-0.997779015,0.288133208,0.350426457,0.939801669,-1.923638979,-1.297406201,1.895442708,0.704654642,1.344204168,-0.0065356,1.427217499,-0.657083922,-0.052710346,-0.51899009,1.265078454,0.286001792,0.220693488,0.14745484,-0.267037742,0.244496359,-0.375010803,1.254317334,0.341132116,1.621980773,1.62341077,0.833758951,0.437466375,1.458553759,0.10193441
IRIS_313-11404,-1.157876422,1.236262366,-0.798411048,-1.365319494,0.930348322,-0.913274988,0.273136748,1.367042358,-0.639115424,-0.213285047,-0.184969863,1.244391614,0.643284995,0.003288806,1.224385432,-0.850960395,-1.022004954,-0.972097638,-0.727986393,-1.157739427,-2.431936911,0.228598941,-0.765737813,-0.016931742,-1.362866657,0.240346025,0.47968165,-1.205428933,-0.426044144,-0.062567289,1.377472255,0.988626933,-0.56678748
IRIS_313-11481,-0.052095236,0.495582079,-0.548794894,-0.29255759,-1.058242718,-0.734302826,0.122697541,-0.318456794,-0.493057688,0.328775509,-0.067075672,-0.346869065,0.410842095,-0.100436179,0.21994774,-0.199319219,-0.157457488,-0.29504209,0.018319536,-0.052904597,-0.179959741,-1.109367544,-1.105770153,0.052449687,-0.103708329,0.025032558,-1.039824163,-0.69939892,0.099119283,-0.692688553,0.35027359,-0.118096662,0.411562939
IRIS_313-11482,-1.299227278,1.252817373,-1.202772548,-1.255394676,1.024294193,-0.876885717,0.625769631,-1.155784146,0.402456466,0.057745233,-0.712248732,-1.077780673,-0.177517159,-0.674370599,-0.401639743,0.892195679,-0.972197854,0.647765925,-0.702930308,-0.073238981,-0.98340206,-1.013648848,-0.773251144,0.557283832,0.47838089,-0.844980639,-0.929389825,-1.411658787,0.328591597,-0.942425212,1.559375211,-0.087156882,-0.184987379
IRIS_313-11483,-0.268878836,1.281427224,0.047158769,-0.22909354,1.325266146,-0.047408517,0.82256119,-0.374956579,-0.213253457,0.870836052,-0.021588938,-0.00105538,0.347822494,0.616089678,-0.438198064,0.396253993,0.052833117,-0.078269442,0.162408,0.482567498,0.02747906,-0.074496893,-0.186938332,-1.635475142,1.854046614,-0.329298204,0.051035077,-0.515859745,-0.935493112,0.205605091,0.748844515,-0.264352692,0.269699998
IRIS_313-11484,-0.10157971,-2.773129532,0.22725105,-0.334393768,-0.968663393,-0.764751215,1.734212231,0.211516148,-1.115459527,0.057745233,1.208921692,-0.754896801,1.207283508,-0.06173637,0.259167498,-0.085720335,1.589286093,1.140065687,0.922606822,0.021654809,-0.25861781,0.892378491,-0.608073997,-0.363223347,-0.339802724,1.032079425,0.341132116,0.568303591,-2.310356372,0.50530264,-0.029836963,-2.308070481,-0.955796922
IRIS_313-11486,-0.81633863,0.229684929,-1.5258183,-0.969214754,-0.72628365,-1.25626164,-1.004614581,-0.664979211,-0.389140374,0.599805782,-0.83108792,-0.655756691,-0.907178972,-1.00031683,-0.181562536,0.608557752,-1.071705317,0.487371052,-1.188295018,-0.629045459,-0.666557033,-0.259903072,-0.823939056,-2.039403197,0.142162776,-0.774993422,-0.251167136,-0.515859745,1.236596248,-1.567666078,0.154085968,0.868025119,-0.744949824
IRIS_313-11487,0.0485723,-0.664307178,1.20137737,0.63300757,-1.242794539,0.828592423,1.417118152,1.469410704,-1.735912644,-1.839466799,1.034407624,1.593255998,1.186402842,1.389934364,0.714132949,-0.680894967,0.990716403,-0.805227003,0.863494604,-0.168132771,-0.44888319,0.829046327,0.432226627,-1.368722371,-0.581012954,1.157088273,0.970390889,0.467813846,-2.237138765,1.21981385,0.35027359,-1.286440668,0.255615818
IRIS_313-11557,-1.095885455,1.685518029,-2.564217295,-2.369497932,-0.144868876,-2.675026726,-2.166626967,-0.591099385,-0.361844336,-0.48431533,0.0285393,-0.711807389,0.442216395,-0.337519858,-0.384513231,-2.142873632,0.818922802,-1.872833066,-2.227495167,-2.337133662,-0.797237368,-2.508976874,-3.264546301,-0.016070508,-0.239142962,0.087545189,-2.989352912,-0.539227514,-0.974552559,-2.342725151,-2.788651042,-0.055381836,-2.97053459
IRIS_313-11558,1.280901132,0.557837314,1.353552167,1.049053346,0.505573604,1.876763185,0.500937448,-0.361061852,0.750708639,0.328775509,0.008116684,-0.39207965,-0.059783222,-1.103849102,-0.519087763,0.558899168,1.527392076,1.659141207,1.490361546,1.539955432,1.666858352,2.075244047,1.423573038,-1.166408648,1.220420178,0.295908168,0.532104896,0.272024726,-0.602962088,1.182084972,-1.114160511,0.2456843,0.937070661
IRIS_313-11722,0.637982433,-0.958291961,-1.38049788,-1.968069506,-1.803342255,-0.797174713,-2.166626967,-0.038690756,1.035481831,0.057745233,-1.015128534,0.046623096,-0.453082544,-0.941239362,0.582692707,0.29977956,-2.240027328,0.240377752,-1.188295018,-0.29013907,0.313675198,0.73041989,0.127125261,-1.551879278,-0.108024108,-1.127979993,0.72984563,-1.746849081,0.397348614,-0.208806168,0.35027359,0.959231722,-1.040849198
IRIS_313-11945,0.294800349,1.728058791,0.877083728,0.63300757,0.697000902,0.3786379,0.935381368,1.128409068,1.905192573,-1.568436498,0.980737256,1.057465954,1.045346218,0.66290224,1.062925596,-1.358722183,-0.052710346,-1.512380764,0.674882004,0.055545447,-0.487861351,-0.675210978,0.006267007,0.746759399,1.1776904,0.823731083,-0.549957531,0.626514193,2.09740737,0.828959982,0.945958619,1.464639355,0.10193441
IRIS_313-11964,0.454374799,3.09082697,-1.426447759,-0.879784985,-1.416294932,-0.986480046,-1.215917535,1.342339776,1.340414629,1.141866318,-0.894240936,1.171241971,-1.168507577,0.421314973,-1.102221985,-1.189598427,-0.467409177,-1.308004551,-0.479988384,0.340226815,1.070424557,-0.294617667,-0.487178566,-2.457717267,0.729035563,-1.013957047,-0.186441028,-0.124906463,-0.366849405,-1.499273945,-0.779172458,2.878593903,-1.016654196
IRIS_313-12002,-1.211269527,0.437596186,-1.660931588,-1.695148371,0.798595307,-1.152710719,-0.687299935,-0.959534893,0.244377428,1.141866318,-1.076735301,-0.846340027,-0.778997144,-1.184106462,-0.279959235,-1.057347444,-1.903237514,-1.20458963,-1.261941886,-0.181689025,-0.984995434,-2.397881629,-0.535053404,0.385589594,0.931686278,-1.318097379,-2.311349737,-1.514904844,-0.067259146,-1.252485991,1.473210694,0.391308085,-0.820057961
IRIS_313-12055,-1.58061681,-0.015845672,-1.911072329,-1.380652425,0.672238775,-0.613016279,-1.691276963,-2.961791866,1.400487901,2.379983496,-2.601843174,-2.874281416,-2.995643376,0.180157514,-0.561019733,1.611108874,-3.271332701,1.394971612,-2.175979716,-0.263026559,-1.144303611,-1.520054066,-0.079374427,-0.434134534,-1.585667956,-2.433578048,-1.517368369,-2.261621327,-0.265157964,-1.82381656,1.6168189,-1.034284764,1.049326975
IRIS_313-12094,-2.275988653,-0.636043121,-2.008301546,-1.107310963,-0.575739612,-1.113331051,-0.015186894,-1.837374384,0.72257408,1.412896581,-1.852487123,-1.815550194,-2.1043635,-1.764584908,-1.967722211,1.853285285,-0.052710346,2.067524252,-1.768354927,-0.479926648,-0.777605089,1.159986037,-0.659293202,-0.038354109,0.580946947,-1.472383521,-0.102451488,-1.169308437,-1.268722904,-2.06612166,-0.029836967,-0.755769832,-0.171520489
IRIS_313-12141,-1.209347223,-0.421394727,-0.121344191,-0.537847927,-0.766440485,-0.50560062,-0.25571485,0.110924872,-1.081475928,-0.755345617,0.221625844,0.241008203,0.377094093,-0.712197859,0.583635457,-0.44540042,-0.72143213,-0.543848552,-1.004175176,-1.144183171,-1.709607719,-0.790373897,-0.242846895,-0.140545935,-0.664160647,-0.065268698,-0.633356387,0.004046945,-1.517052368,0.18196106,0.69649029,-0.112474539,-0.694460827
IRIS_313-8244,1.887588333,,1.790572911,1.659117723,,0.940615209,-0.311479719,0.570329021,,-2.435733473,2.00535351,0.514741568,1.446919447,,2.117091056,-0.233743437,-0.282173612,-0.159678376,1.710273128,-0.092217738,0.439979752,0.594357482,0.300084646,,,2.287722861,0.712293758,1.676632597,,1.29311998,-0.077162131,,0.280980797
IRIS_313-8252,-0.886418256,,-0.93589252,-0.741116885,,-0.76173913,-1.374374299,0.580515719,,-0.077769907,-0.515445182,0.67134198,-0.329098307,,-1.041581913,-0.395845667,-4.14E-05,-0.522166853,-1.500103514,-0.913726826,-0.174720176,0.075973357,-0.649398061,,,-0.768003747,0.345565025,-0.665573384,,-0.963403374,-1.353394223,,-0.252023717
IRIS_313-8283,0.62795304,-0.363161958,-0.135699483,-0.038070302,-0.352124819,0.661524588,-0.015186894,-1.212518518,-0.128702923,0.870836052,-1.06177266,-1.398117638,-0.988867475,0.46236748,-0.946977911,1.124628259,-0.313194419,1.098336667,0.472811877,1.404392879,1.162191641,-0.710525487,0.624015228,0.141519652,1.994950089,-0.844980639,-0.55296234,-1.08488617,-1.377492679,-0.190017566,0.437466375,1.251321832,1.293334174
IRIS_313-8321,1.695022704,0.614609802,2.195084501,1.754486424,-0.076573686,1.83925147,0.350426457,0.404361915,0.30065143,0.057745233,1.356527878,0.483895977,0.853026465,-0.498251963,-0.14927832,0.331478167,2.171246325,0.302604671,1.920295199,1.553511687,2.043682812,1.351433406,1.116689626,-0.087056514,-0.751213,0.907070476,1.858991661,1.387635487,0.260381273,1.517690708,-1.68830767,0.795522632,0.627769557
IRIS_313-8349,0.047063442,-0.691217579,-1.134842869,-1.799027884,-0.151108694,-1.062583394,-1.744093697,-0.602893763,0.71780982,1.141866318,-0.484811165,-0.568935441,-0.693508153,-1.602786943,0.682290598,0.574220065,-1.146063262,0.682158269,-1.181017305,-1.096736277,-0.423800209,0.456509181,0.510404503,-2.255884686,1.375475392,-0.287598032,-0.155830068,0.169937751,-0.885856797,-0.031562971,-0.611412697,1.088019387,-2.527881576
IRIS_313-8410,-0.774998747,0.211055721,-0.259574347,-0.077728073,-0.859416552,-1.079398561,1.151793469,0.530565057,0.584749751,-1.568436498,0.63379136,0.201995197,0.842591447,0.338815858,-0.209785634,-0.900702128,0.706085875,-0.524688244,-0.054985144,-0.29013907,-0.60645611,-0.810631598,-1.236994085,1.050849451,0.687040166,0.170892181,-0.714547382,0.190200703,1.003160773,-0.366485681,0.35027359,0.568683466,-0.305293338
IRIS_313-8437,0.978222292,-0.666371144,1.34779076,1.927555359,-1.001922128,-0.117668175,-0.139975807,1.829937402,-0.143658264,-0.755345617,2.587955026,2.077342959,2.341462937,0.539979858,2.381496312,-0.934399529,-1.1213024,-1.228859286,0.70882028,-0.615489205,-1.5131964,0.736541373,-1.23712903,0.199006651,-0.244394981,1.546004425,0.789741971,1.28954701,1.064609403,0.817504437,1.185966294,-0.410418394,0.90134391
IRIS_313-8509,0.419608776,0.47295307,-1.082158091,-1.885535664,-0.300850044,-2.143836245,-1.744093697,0.99770422,-0.939831361,-1.568436498,1.397617381,1.017261019,2.250972506,-0.027344226,2.146913394,-1.313602863,-1.071705317,-1.335035355,-0.936126932,-2.895089828,-2.256179729,-0.543548831,-1.971989779,-0.006265064,-0.017792317,1.462665265,-0.624540819,-0.608597652,1.62341076,0.20168195,-0.683374512,-0.592076847,-2.061725303
IRIS_313-8632,-0.554999427,1.219548016,-1.033321744,-0.969214754,1.283854584,-0.157982515,-1.215917535,-1.244749147,0.687117634,0.599805782,-1.354125252,-1.496273566,-1.437012251,1.050047805,-1.759881254,0.8243057,-1.416895997,0.974320186,-1.159279029,0.374117454,0.536290595,-1.108151508,0.388811836,-0.636655779,1.288612166,-1.927574864,-1.246606076,-1.232569696,0.294406454,-0.930739594,0.437466375,0.700514233,0.088077498
IRIS_313-8641,-1.154132095,0.220655045,-1.190566743,-2.142441775,1.293330483,-0.056684954,-1.427191945,-2.474290693,0.70818618,2.379983496,-2.054329038,-2.437895669,-2.098710776,0.772339127,-1.635405425,1.214230265,-0.972197854,0.962122991,-1.718614545,-0.344364092,-0.038821245,-1.824861936,1.933340068,2.452244694,0.249027231,-1.588216369,-1.848025355,-1.514904844,-0.220573167,0.490814265,-0.490824063,0.14812181,-1.705467712
IRIS_313-8683,1.32928794,-1.079649698,1.796536503,1.416725064,-0.684795523,2.137711279,-0.581138075,-0.144790665,-0.259058111,0.057745233,0.336735131,-0.150812878,0.247699652,-0.159820372,-0.723173922,-0.021412291,0.266527388,-0.137198689,0.70882028,1.309499087,1.816314653,-0.443339856,1.451832782,1.185140858,-0.313424282,-0.426626909,-0.336286628,0.553840775,0.570266836,1.403143822,-0.874904137,0.384259869,1.056843221
IRIS_313-8703,0.071902102,-1.378700687,1.618121621,0.920872076,-1.20028049,1.274565117,0.196727514,0.066718132,0.81209958,0.057745233,1.208921692,0.078792632,0.536173381,-0.042134529,0.274264101,-0.309863117,0.933098697,-0.314046967,0.14200594,-0.547707926,-0.088747991,-0.542753374,1.339773233,0.773853896,0.23468471,0.698721756,-0.465840109,2.05989887,0.67355135,1.494420801,-0.827042854,-0.166774973,-0.757520031
IRIS_313-8717,-0.235658799,-1.239212482,0.449080828,1.416725064,-0.977441157,0.597604898,0.426861901,-0.375361479,-2.995897432,0.599805782,-0.062434169,-0.089162239,-0.431439589,0.606458497,0.014023335,0.355742996,-0.41616431,-0.030795344,0.007903833,0.224998642,-0.226370736,-0.083010336,0.225434117,0.552937895,-1.555975735,-0.273699238,-0.052630822,0.972555477,0.466451636,-0.081956826,0.897564133,0.454987563,0.642325829
IRIS_313-8721,-0.267132814,0.26792007,-0.714727256,-0.447478969,-1.556652356,0.281978542,-1.057445994,-0.168076422,0.412082042,0.599805782,-1.428419298,-0.599435668,-0.951554571,0.469023254,-0.127459683,0.455411185,-2.526852982,0.792059026,-0.849858423,0.516458137,-0.16455847,0.598859944,0.047648454,0.614133815,-1.469049538,-1.677249956,0.807370419,-2.057008493,0.362913813,-0.843468997,1.760431605,0.870830116,2.25764363
IRIS_313-8733,-1.785800691,0.057834006,-0.437054233,-0.477818107,-0.404859802,-0.168915333,0.690266451,-1.066777734,-0.464235939,0.328775509,-0.57671339,-1.463821766,-0.501404366,-0.119178246,-1.25778942,0.713980156,0.159226608,0.967587742,-1.073743154,-0.446036009,-0.845965785,-1.076182446,0.046452375,0.769259554,0.470351807,-0.851989671,-1.068610981,-0.534563779,-0.212300474,-0.352151121,0.499489903,-0.236315753,-0.041235162
IRIS_313-8737,-0.964242394,-0.47750376,-0.236600196,0.089467377,1.043688216,-1.161029568,-0.474375559,1.490197076,-0.207332189,-1.026375908,0.719195222,1.398580782,0.587206144,0.843384577,-0.313023086,-0.624517176,1.165829839,-0.618022158,-0.94961709,-1.455977049,-0.719282372,0.913397123,-1.064988427,-0.091364108,-0.866052578,0.309798599,1.122127712,0.880401674,0.639234201,-0.447444014,-1.544775053,-0.217933262,-0.732358784
IRIS_313-8789,0.567555632,0.578904851,-0.754971482,-1.792693622,2.867271149,-0.906952195,-2.06099369,0.030024363,-2.104019771,-0.213285047,-0.136698225,0.145828783,0.521409379,0.184004241,0.24604418,0.152654059,-0.72143213,0.027629478,-1.130515687,-1.035733126,0.457806492,0.396480791,0.091524911,1.131245204,0.324765016,-0.30149743,0.513595359,-0.971018385,-0.92664647,0.543979497,-1.305548247,-0.239937152,-1.551617216
IRIS_313-8822,1.457458307,-0.429920772,1.01173329,0.844819747,-0.257470071,0.534654402,-0.687299935,0.254095461,1.950608066,-0.755345617,1.118957688,-0.19066317,1.413800721,0.963530281,0.573143106,0.333904476,1.165829839,0.801292001,0.839935986,-0.141020258,1.339905865,1.367111357,-0.242035131,0.058660941,-1.652276137,1.115418665,1.54786275,0.190200703,2.972574735,0.896033906,-1.736151334,-0.294236705,0.788845672
IRIS_313-8850,-0.798668862,-0.803242334,0.50724654,-0.099630948,0.891296925,1.36913461,-0.32251541,-1.442770398,-1.173293576,1.141866318,-0.961152552,-1.494588294,-0.534565681,-0.412103934,-0.778193398,1.404739233,-0.364761148,1.199114977,-0.740590498,-0.195245281,-0.25814394,-0.643027883,1.247987313,-2.344799484,-0.620772967,-0.761015511,-0.464265007,-1.54252557,-0.169999624,0.729476967,0.039323013,-1.133289841,1.811772363
IRIS_313-8854,-0.509424693,-0.484183858,0.252535496,0.332005991,-2.155715926,-0.002814484,1.470003452,1.085253066,1.184419718,-0.755345617,0.255044669,1.195760374,0.21014871,-0.374823209,0.509180186,-1.14196322,1.405063665,-1.420912136,0.31382091,-0.791720526,-0.88002865,-0.390002812,-0.106651308,1.625267751,0.6725439,1.184868005,-0.401874707,0.405539281,-0.73837238,0.164409893,-0.173949194,-0.473837141,-0.030296525
IRIS_313-8864,0.856893443,-1.161527758,1.553555215,0.379290856,0.049239271,1.182560273,1.258204365,0.016099876,-0.58894037,-0.755345617,1.292732492,0.036103416,1.371419942,-0.109682083,1.049582663,-0.658417218,0.594504154,-0.67867092,1.538207546,0.658798822,0.210071569,-1.226639207,0.969150822,-1.216007023,-0.127344958,1.268207197,-1.127877703,0.355094239,-0.22631528,1.735058924,0.641138777,-2.084252464,0.074239764
IRIS_313-8930,0.235197177,0.515655772,-0.035286975,0.285064079,0.426794089,0.167160558,-1.215917535,-0.331580085,-0.148297843,0.057745233,-0.359490423,-0.577970092,-0.230736339,0.486023834,0.866892517,-0.090228788,-1.269506885,0.032400033,-0.628937707,-0.574820437,-0.371603103,-1.00674074,-0.10991733,1.792522358,-0.146602256,-0.245903309,-0.886783503,-0.421153471,-0.683979394,-0.242511375,0.154085968,1.755736528,0.818355891
IRIS_313-8932,-0.914630091,-0.885515358,-0.93589252,-1.039028315,0.542536086,-0.458131436,0.122697541,-0.098126865,1.202137579,0.870836052,-0.892383095,-0.018477543,-0.819878782,-1.82851266,-1.596932519,-0.593949717,0.594504154,-0.572334597,-0.604649867,0.130104853,0.139190485,-1.139642835,0.051556801,-1.071052988,1.29104583,-0.94332915,-1.219517461,-0.875317999,-0.643555013,-0.699283128,-0.587383209,-0.172760422,-0.437057488
IRIS_313-8963,0.989013945,-0.722288559,1.0006557,0.332005991,-0.18459346,0.608149953,1.787035779,1.63336222,-1.621642603,-0.48431533,0.939510848,1.139347517,1.299294754,0.672638236,0.960380145,-1.050970027,0.374796493,-0.938858244,2.063372921,1.648405478,0.453356136,0.132301516,0.211764974,0.779925515,-1.67053372,1.018189545,0.356456641,0.136336744,-2.245787982,1.136279776,1.329601745,-0.832969056,0.241550368
IRIS_313-9049,1.174195166,1.448510474,1.7277543,1.390065449,0.018424639,2.110353194,0.571720869,-0.785331824,-0.427301164,0.870836052,0.28289369,-0.751501484,-0.160355925,1.003894597,-1.008338608,0.532515298,0.818922802,0.321097322,1.413751771,2.109318169,1.762561542,-0.891152666,1.704363241,-1.735429866,1.348221315,-0.398813918,-0.753351894,1.420642592,1.433031019,1.362236096,-0.490824063,1.004138064,0.213475809
IRIS_313-9066,-1.595552141,1.478438431,-0.884346933,-0.375849721,1.310932821,0.163512152,1.151793469,-0.542758625,-0.400349992,0.870836052,-1.592738297,0.680396339,-1.64084059,-1.495001858,-0.687154363,0.611872004,-1.367851997,-0.6096406,-0.702930308,0.279223664,-1.067519556,-0.085847806,0.347246299,0.635796004,0.598624384,-1.214743808,0.123436635,-1.458975273,-1.254408109,-1.126282179,2.382824351,1.857140896,1.268904906
IRIS_313-9067,0.634833991,-1.543443702,0.712369072,0.123518493,0.865460823,0.080738903,0.702792765,0.600371481,-0.564458351,-0.755345617,0.982993592,0.632528578,0.750098413,0.965266938,-0.02896185,-0.123954149,0.484098976,-0.123006256,0.961457825,0.889255165,0.693810805,0.873710851,0.342667875,-1.65985029,0.525488491,0.198673899,1.043065276,1.224927624,-0.751154286,0.874919529,-0.029836966,-2.047657631,-0.96801059
IRIS_313-9072,0.417359981,0.884798544,-0.579293837,-0.207750372,1.030199426,-0.248072893,-0.898927875,-0.27914638,-1.433426581,0.870836052,-0.678828409,-0.26987475,-0.881552678,-0.292670821,-0.324784982,0.588076818,-0.620244235,0.410031004,-0.270407041,0.197886131,0.632084785,0.637664115,0.020026103,-0.115941231,-0.397662998,-0.607558661,0.863569019,-0.047931316,-0.457051356,-0.802070682,-0.342051385,1.007478514,-0.225268918
IRIS_313-9108,-0.644069282,-1.70534569,-0.550243424,-0.897863631,-2.065910373,-1.525331263,-0.25571485,0.271854663,1.686006072,-1.568436498,0.704342319,0.358720037,0.485264158,-1.76458557,0.992987167,-0.058375683,-0.261458679,0.095380136,-0.592573874,-1.36108326,-1.504884811,0.859243489,-0.711247068,0.010819044,1.132488683,0.601491959,0.542676652,1.066058235,-0.521020971,-0.159960758,-0.029836966,0.396688382,-1.980106409
IRIS_313-9139,-0.796570432,-0.86798725,-0.33903322,-0.22909354,0.261600778,0.645362153,-0.793179775,-1.060328968,-0.702414352,1.683926841,-1.337959209,-0.927809506,-1.565392162,-1.857117054,-0.990426694,0.637647345,-0.77182889,0.378362067,-1.031817755,-0.181689025,-0.125673286,-1.178005161,0.918922852,0.563067157,-0.521383313,-1.08504053,-1.188475747,-0.918136676,-0.668795543,-0.386824414,-0.029836966,0.724549912,0.788845672
IRIS_313-9148,-0.55636221,-1.58656564,0.75024552,-0.077728073,-0.6330785,0.606646979,0.426861901,1.702358257,0.528128864,0.328775509,0.472267032,1.601076405,0.088624754,0.485997492,0.212830865,-1.855732556,1.651687683,-1.480647996,-0.226511382,-1.333970748,-0.692202027,0.032710871,1.134116721,-1.351995827,0.841962427,1.018189545,-0.751330506,1.354784148,0.939932245,1.040984769,-1.257701933,-0.803745629,-1.278131666
IRIS_313-9156,0.238559004,0.971181277,-0.394770695,-0.066741978,1.332032853,-0.453311157,-0.139975807,-0.532802614,-0.221853242,1.412896581,-0.214675487,-0.551615619,-0.010402069,-0.034643873,-1.345947359,0.945656175,0.266527388,0.895701475,0.101029212,0.929923932,0.993246665,0.925074734,-0.628664809,-1.210564864,0.04269574,-0.87302983,1.137770426,-0.421153471,-0.80284637,-0.602974394,-0.490824063,0.020697658,0.368810259
IRIS_313-9170,-0.440464306,-1.136263573,0.259390923,0.971934009,-0.97295787,-0.54721506,-0.898927875,0.545807933,0.548134346,-0.755345617,0.851052389,0.304768216,0.652385927,1.263486182,0.253056148,-0.532199918,-0.972197854,-0.25308254,-0.856408817,-0.615489204,-0.603549441,-0.038737522,-0.87271824,0.40078241,-1.726030364,-0.454444548,-0.014817769,1.097527747,-0.714449685,-0.162456036,0.154085968,-0.481449049,0.046621981
IRIS_313-9174,0.802058053,1.211786684,0.745271661,0.078161945,0.265227193,0.148888731,1.258204365,0.120505068,0.701110814,-0.213285047,0.974125284,0.280513175,1.233989036,-0.457685255,-0.326629633,0.209819853,1.651687683,0.202600345,1.480789267,1.309499089,1.033299319,0.946089026,-0.004519562,0.020002175,0.222385902,0.518151778,0.891786147,0.299575523,2.176576276,0.943572727,-0.587383211,1.531218282,-0.22526892
IRIS_313-9218,0.105185587,0.561701897,-0.005039553,0.273382612,1.005520763,0.045508892,-0.311479719,-0.149458642,1.401395641,0.328775509,-0.192396269,-0.090292802,-0.297363259,-1.580016427,-0.048568571,0.348389561,0.539159221,0.234811114,-0.097313769,-0.385032859,0.156226352,0.547241497,0.003685653,0.46367808,0.316018485,0.212564664,0.561788194,0.190200703,0.311480437,-0.186007069,-0.874904137,-0.690025774,0.115810466
IRIS_313-9262,1.978736171,-0.233513096,0.805806987,0.033166098,0.80320038,0.423777714,-0.079000194,1.095183234,0.097063416,-1.297406201,0.791606115,0.699100945,1.241169653,0.536031416,0.458861503,-0.360932458,0.594504154,-0.017279617,2.053836707,1.973755612,2.210282845,1.153709713,0.141850032,0.369582335,0.40470684,0.670941849,1.248874168,-0.073721502,-0.71688557,1.050003392,-0.731286635,0.797069332,0.10193441
IRIS_313-9271,0.591317173,-1.323558356,0.00747333,0.100795307,-0.086853953,0.289011275,0.702792765,0.284511253,-0.602395294,0.599805782,-0.422614915,0.485777762,-0.720601367,0.382202169,-0.121658823,-0.432910817,-0.052710346,-0.291715337,0.922606822,1.18749279,0.699559478,0.226935792,0.509457104,0.913931971,-0.355692737,-0.162526499,-0.282770075,0.467813846,-0.905512308,-0.057503615,0.748844515,0.205887266,-0.358241535
IRIS_313-9325,0.124510439,2.278088194,0.123717422,-1.223147498,-0.99860515,1.22362959,-1.744093697,-0.867930162,-0.225713449,1.412896581,-1.48316525,-0.749439541,-1.195428901,-0.013295619,-1.406003357,0.69093709,-1.758050938,0.528202796,-1.130515687,0.360561198,0.921938564,-0.456375325,2.070806381,-3.23538129,-0.318198395,-1.858509043,-0.626561278,-1.881478098,1.59005987,1.054800244,0.154085969,2.351551632,0.61323088
IRIS_313-9368,-1.88592868,1.846798564,-0.790906631,-1.215026981,-0.25389068,-0.620359241,0.935381368,-0.314957713,0.676459842,-0.48431533,-0.517301791,-0.550117756,0.066371914,1.118435589,-0.098676754,-0.23461632,-0.157457488,-0.03242681,-1.052710859,-1.05606751,-1.825417635,-1.061302665,-0.379442456,-0.09166097,-0.683342336,-0.204213063,-1.087309534,-1.260862974,-0.058581416,-0.230929696,1.042174015,-2.002949035,-0.292005999
IRIS_313-9391,0.098955759,-1.550073488,-0.113540843,-0.164782608,-1.354311051,-0.917550689,-0.793179775,-0.295575197,-0.295146122,-1.297406201,0.719195222,-0.351208897,0.608660977,0.743420979,0.060678087,-0.718442705,1.842104079,-0.670606552,-0.416446455,-1.510202072,0.08114064,-1.598051229,-0.737545727,1.357035117,-0.653812668,0.962630025,-1.621543336,0.8348267,1.276406107,-0.067272027,-2.358096134,0.171886124,-0.980203164
IRIS_313-9397,0.11524483,-1.390732169,0.671265995,1.192019097,-0.046744698,0.680470199,0.122697541,0.041863794,0.156101576,-0.213285047,0.232765453,-0.321946242,0.040790961,0.224279978,0.413626693,-0.683388709,-0.467409177,-0.330984152,0.14200594,0.157217365,-0.141560419,-1.129487989,0.250441324,1.405240211,1.456037697,-0.023590286,-1.121833422,0.714914707,-0.098511688,0.329133034,0.748844515,-0.313323294,0.64232583
IRIS_313-9422,-0.224785957,0.662416237,0.109294198,-0.396434708,0.703175616,0.533092682,1.044504012,-0.071549237,0.348651834,0.057745233,-0.54143772,-0.134920937,-0.580794289,-1.464483487,-1.251469109,0.252712532,0.374796493,0.213903177,0.31382091,1.106155253,0.53082757,0.438200108,0.876190994,-0.730847597,0.721426849,-0.761015511,0.515101946,-0.275333836,-0.562137726,0.392221705,0.641138777,-0.835668891,-0.225268918
IRIS_313-9445,,-0.201225602,,,1.093386256,,,0.354176245,-1.413871686,-0.755345617,,0.046821289,,1.353069682,,-1.563992226,,-1.084361617,,,,-1.569912213,,0.227300589,-1.292747902,,-1.570101546,,-1.347884981,,,1.222980596,
IRIS_313-9594,0.1202781,0.678769246,2.942059835,0.535288794,-0.243524101,2.130156734,1.575715525,1.956553117,0.190378219,-0.755345617,1.691216306,1.827766618,1.750677919,0.59393243,0.169681628,-1.18895618,2.239015924,-1.285224723,1.029154849,-0.046126471,0.032234642,0.477588531,1.692794121,-0.280992008,0.493624399,1.254317334,0.404098,0.439422454,0.842202443,2.575924547,-0.731286637,1.163295674,0.171505401
IRIS_313-9606,-0.306904901,1.254894126,-0.36959654,0.694727785,0.027369572,0.253665043,0.426861901,-0.757738373,1.546403908,0.057745233,-0.914679487,-0.875345413,-1.10097584,0.606458497,-1.772327302,0.964796664,0.052833117,1.062602894,-0.044454868,1.11971151,0.74938509,0.417268666,0.03613424,0.456964673,-1.442685839,-1.273457618,0.438275774,-0.373052267,2.31102417,-1.001327273,0.35027359,1.713226012,1.268904908
IRIS_313-9617,0.508908788,-0.209984368,0.07656852,0.355605784,-0.867996817,0.077036023,-0.687299935,-0.135872266,0.893939063,0.870836052,-0.101422799,-0.083870056,-0.459352909,0.364999242,-0.246221889,0.471293826,0.990716403,0.656847038,-0.054985144,-0.398589115,0.682456524,1.276232749,0.226773547,-0.672213153,2.966135829,0.282017697,0.943795858,0.9109705,-0.285165267,-0.107224167,-1.592619536,-0.724628102,-0.463166982
IRIS_313-9626,0.837085712,-1.145865749,0.160634912,0.010804288,-1.249073308,0.368474005,-0.015186894,-0.844524129,-0.260143381,0.057745233,-0.274086737,-0.83361743,0.27913526,-0.211122483,0.960380146,0.809514021,-0.467409177,0.696415149,0.649540697,0.414786222,0.262029823,-0.326946091,-0.110270356,0.526135831,0.574300094,0.420920923,-0.274685904,-0.960498752,-1.211615207,0.215695732,0.641138777,0.785572722,1.177645339
IRIS_313-9661,-0.4390662,0.572887282,0.170082555,0.006342858,0.22643036,0.786994674,1.934932105,-0.323420674,-0.238917005,0.328775509,-0.767951443,-0.290241604,-0.831332877,0.532240748,-0.966128742,0.359365534,0.706085875,0.181361375,0.610359737,1.173936531,0.180160688,0.086133505,0.90173652,0.532550467,-0.007291302,-0.41271987,0.102302147,-0.468754638,1.195465989,0.2309982,1.176387777,-0.510628179,0.520603128
IRIS_313-9682,0.02380569,-0.651440215,1.975756875,1.023277673,-1.055203464,1.157979273,1.044504012,1.579464709,-0.188536471,0.057745233,1.934431337,1.403720944,1.914927784,0.667612357,1.280974778,-1.011480553,0.374796493,-1.076301503,0.512240413,-0.723939247,-1.061456343,0.288695536,0.484361243,0.090113185,0.676456018,1.39321596,0.380849302,0.670551131,-1.574271611,1.724088807,0.641138777,-0.560875734,0.497560533
IRIS_313-9696,1.976724777,-0.233513096,0.576761202,0.379290856,-0.434883882,0.348003981,-1.48000927,0.58198254,-0.108712531,-0.755345617,0.451844417,0.608032494,0.275988222,-0.342525184,0.884208181,0.550676782,-0.872249047,0.820975721,0.571183401,0.658798821,1.972636022,1.946671367,0.348200855,-0.269434272,0.136103079,0.059762095,2.712004208,0.819709012,-0.035711631,0.567502545,-0.635417404,-0.557703601,-0.358241535
