Serial no.,Accession No.,Width_WO_husk,Length_WO_husk,Height_WO_husk,Seed Weight
1,IRGC 5809,288,597,183,895
1,IRGC 5809,280,609,214,898
1,IRGC 5809,283,600,218,903
1,IRGC 5809,275,587,195,900
1,IRGC 5809,288,616,219,905
2,IRGC 6046,215,620,162,585
2,IRGC 6046,210,602,163,590
2,IRGC 6046,205,585,182,586
2,IRGC 6046,214,592,162,584
2,IRGC 6046,210,571,165,590
3,IRGC 6534,255,550,188,710
3,IRGC 6534,285,540,200,715
3,IRGC 6534,288,512,179,708
3,IRGC 6534,280,524,206,713
3,IRGC 6534,251,520,183,708
4,IRGC 6586,277,581,184,897
4,IRGC 6586,302,633,214,894
4,IRGC 6586,284,597,202,894
4,IRGC 6586,287,621,180,893
4,IRGC 6586,282,609,182,899
5,IRGC 6588,246,596,148,687
5,IRGC 6588,255,599,191,684
5,IRGC 6588,271,592,192,683
5,IRGC 6588,251,578,175,689
5,IRGC 6588,253,561,182,685
6,IRGC 8341,230,628,172,732
6,IRGC 8341,198,679,165,727
6,IRGC 8341,210,701,174,728
6,IRGC 8341,199,718,175,736
6,IRGC 8341,210,663,163,733
7,IRGC 8361,319,563,187,1011
7,IRGC 8361,322,608,197,1014
7,IRGC 8361,330,559,205,1017
7,IRGC 8361,318,541,210,1008
7,IRGC 8361,311,590,298,1012
8,IRGC 8482,305,649,216,1078
8,IRGC 8482,317,606,202,1087
8,IRGC 8482,310,595,207,1085
8,IRGC 8482,308,602,235,1081
8,IRGC 8482,301,594,197,1086
9,IRGC 8497,214,595,187,777
9,IRGC 8497,214,562,191,781
9,IRGC 8497,265,576,177,779
9,IRGC 8497,269,563,190,779
9,IRGC 8497,255,555,169,776
10,IRGC 8593,270,633,197,853
10,IRGC 8593,262,623,189,845
10,IRGC 8593,270,608,177,846
10,IRGC 8593,247,631,200,846
10,IRGC 8593,263,586,180,847
11,IRGC 8667,271,587,165,792
11,IRGC 8667,284,591,200,785
11,IRGC 8667,264,561,165,786
11,IRGC 8667,306,547,171,786
11,IRGC 8667,269,616,192,792
12,IRGC 8742,228,612,184,634
12,IRGC 8742,224,649,180,640
12,IRGC 8742,209,635,169,636
12,IRGC 8742,220,627,168,635
12,IRGC 8742,221,572,171,639
13,IRGC 8775,282,528,198,734
13,IRGC 8775,281,544,185,738
13,IRGC 8775,276,544,172,732
13,IRGC 8775,242,528,171,736
13,IRGC 8775,290,548,200,732
14,IRGC 8794,261,596,171,769
14,IRGC 8794,257,573,177,771
14,IRGC 8794,262,598,185,770
14,IRGC 8794,256,575,174,775
14,IRGC 8794,251,554,189,772
15,IRGC 8806,283,618,188,888
15,IRGC 8806,289,596,193,881
15,IRGC 8806,291,642,204,889
15,IRGC 8806,270,576,183,888
15,IRGC 8806,269,614,145,883
16,IRGC 8840,256,523,175,748
16,IRGC 8840,266,569,188,751
16,IRGC 8840,270,585,169,749
16,IRGC 8840,268,557,188,756
16,IRGC 8840,269,554,160,754
17,IRGC 8855,261,565,156,641
17,IRGC 8855,252,579,166,637
17,IRGC 8855,242,552,146,640
17,IRGC 8855,271,564,172,641
17,IRGC 8855,233,554,163,645
18,IRGC 25838,283,610,206,852
18,IRGC 25838,276,567,199,861
18,IRGC 25838,234,591,172,858
18,IRGC 25838,289,560,173,859
18,IRGC 25838,282,564,179,853
19,IRGC 25845,300,623,204,827
19,IRGC 25845,268,593,188,827
19,IRGC 25845,300,606,193,836
19,IRGC 25845,284,572,200,834
19,IRGC 25845,301,574,182,833
20,IRGC 25855,255,528,173,635
20,IRGC 25855,257,531,184,633
20,IRGC 25855,249,543,178,634
20,IRGC 25855,257,503,197,630
20,IRGC 25855,259,522,178,629
21,IRGC 25877,280,595,194,953
21,IRGC 25877,281,588,191,952
21,IRGC 25877,292,581,191,952
21,IRGC 25877,294,580,185,956
21,IRGC 25877,266,616,199,948
22,IRGC 25880,285,643,184,856
22,IRGC 25880,276,630,196,858
22,IRGC 25880,258,609,175,851
22,IRGC 25880,268,582,194,858
22,IRGC 25880,283,592,172,856
23,IRGC 25919,266,582,183,834
23,IRGC 25919,242,517,152,834
23,IRGC 25919,289,547,188,828
23,IRGC 25919,274,567,188,831
23,IRGC 25919,587,554,198,833
24,IRGC 25927,243,589,178,656
24,IRGC 25927,229,523,146,649
24,IRGC 25927,237,587,167,650
24,IRGC 25927,241,569,170,656
24,IRGC 25927,230,590,186,655
25,IRGC 26290,274,641,174,794
25,IRGC 26290,268,564,188,791
25,IRGC 26290,274,585,176,792
25,IRGC 26290,276,649,198,794
25,IRGC 26290,291,590,177,789
26,IRGC 26335,249,649,186,804
26,IRGC 26335,263,645,189,799
26,IRGC 26335,253,609,181,798
26,IRGC 26335,262,611,181,802
26,IRGC 26335,252,651,176,799
27,IRGC 26367,277,581,179,864
27,IRGC 26367,291,571,202,866
27,IRGC 26367,290,629,192,865
27,IRGC 26367,290,586,195,860
27,IRGC 26367,270,599,185,863
28,IRGC 26373,249,602,215,813
28,IRGC 26373,267,597,197,817
28,IRGC 26373,272,597,205,813
28,IRGC 26373,265,585,180,815
28,IRGC 26373,268,573,179,818
29,IRGC 26384,300,602,212,873
29,IRGC 26384,244,550,194,869
29,IRGC 26384,290,607,207,873
29,IRGC 26384,273,595,183,866
29,IRGC 26384,297,552,194,867
30,IRGC 26390,275,602,181,810
30,IRGC 26390,266,544,172,808
30,IRGC 26390,273,605,193,812
30,IRGC 26390,272,571,179,807
30,IRGC 26390,268,587,181,808
31,IRGC 26399,283,533,192,771
31,IRGC 26399,302,520,186,767
31,IRGC 26399,283,579,190,773
31,IRGC 26399,276,541,185,769
31,IRGC 26399,302,540,186,770
32,IRGC 26411,247,637,169,693
32,IRGC 26411,223,653,187,696
32,IRGC 26411,244,671,170,690
32,IRGC 26411,227,653,171,692
32,IRGC 26411,227,600,163,694
33,IRGC 26439,266,538,200,790
33,IRGC 26439,280,528,188,791
33,IRGC 26439,256,530,186,789
33,IRGC 26439,254,582,226,787
33,IRGC 26439,265,560,190,787
34,IRGC 26458,281,598,199,788
34,IRGC 26458,257,663,188,789
34,IRGC 26458,270,658,190,788
34,IRGC 26458,278,644,193,784
34,IRGC 26458,270,588,184,787
35,IRGC 26478,276,539,183,734
35,IRGC 26478,267,570,194,736
35,IRGC 26478,260,564,185,735
35,IRGC 26478,254,558,186,736
35,IRGC 26478,270,551,184,738
36,IRGC 26504,257,577,198,762
36,IRGC 26504,274,540,176,758
36,IRGC 26504,286,532,178,761
36,IRGC 26504,279,549,182,762
36,IRGC 26504,269,557,180,763
37,IRGC 26578,224,621,162,680
37,IRGC 26578,221,616,163,685
37,IRGC 26578,229,630,175,679
37,IRGC 26578,235,625,165,676
37,IRGC 26578,244,624,167,677
38,IRGC 26624,204,565,157,486
38,IRGC 26624,191,557,144,480
38,IRGC 26624,196,602,168,481
38,IRGC 26624,194,526,156,476
38,IRGC 26624,196,569,155,478
39,IRGC 26629,232,539,156,645
39,IRGC 26629,241,604,164,648
39,IRGC 26629,250,571,165,653
39,IRGC 26629,231,571,163,649
39,IRGC 26629,227,570,172,647
40,IRGC 26638,281,594,195,896
40,IRGC 26638,295,655,195,900
40,IRGC 26638,295,623,170,892
40,IRGC 26638,282,598,180,895
40,IRGC 26638,255,617,172,893
41,IRGC 26744,233,562,166,657
41,IRGC 26744,242,609,166,659
41,IRGC 26744,235,588,180,670
41,IRGC 26744,228,574,178,667
41,IRGC 26744,244,583,168,668
42,IRGC 26772,237,550,171,630
42,IRGC 26772,245,532,171,635
42,IRGC 26772,230,572,179,628
42,IRGC 26772,240,513,186,632
42,IRGC 26772,219,542,160,627
43,IRGC 26802,238,566,173,680
43,IRGC 26802,250,583,175,681
43,IRGC 26802,253,609,168,683
43,IRGC 26802,247,590,179,688
43,IRGC 26802,252,587,195,690
44,IRGC 27516,245,600,193,683
44,IRGC 27516,251,567,184,681
44,IRGC 27516,222,547,177,677
44,IRGC 27516,259,574,184,673
44,IRGC 27516,246,544,175,678
45,IRGC 27522,256,536,161,688
45,IRGC 27522,269,572,180,679
45,IRGC 27522,259,517,172,682
45,IRGC 27522,256,536,192,686
45,IRGC 27522,234,571,151,679
46,IRGC 27526,286,521,180,771
46,IRGC 27526,284,492,185,767
46,IRGC 27526,289,507,191,786
46,IRGC 27526,303,510,195,781
46,IRGC 27526,293,562,181,788
47,IRGC 27536,307,588,191,883
47,IRGC 27536,287,571,169,886
47,IRGC 27536,315,597,200,885
47,IRGC 27536,289,573,200,887
47,IRGC 27536,304,581,198,873
48,IRGC 27540,257,644,170,726
48,IRGC 27540,260,558,182,722
48,IRGC 27540,275,568,196,722
48,IRGC 27540,275,603,189,732
48,IRGC 27540,278,592,181,750
49,IRGC 27547,255,581,180,694
49,IRGC 27547,256,579,173,711
49,IRGC 27547,262,581,180,688
49,IRGC 27547,258,609,186,689
49,IRGC 27547,261,517,176,682
50,IRGC 27555,251,548,164,667
50,IRGC 27555,248,800,169,656
50,IRGC 27555,248,601,174,678
50,IRGC 27555,229,587,170,670
50,IRGC 27555,241,564,162,664
51,IRGC 27567,300,578,200,945
51,IRGC 27567,299,568,200,941
51,IRGC 27567,312,588,186,938
51,IRGC 27567,282,555,177,936
51,IRGC 27567,305,575,196,934
52,IRGC 27568,294,486,168,742
52,IRGC 27568,257,484,174,724
52,IRGC 27568,288,458,185,740
52,IRGC 27568,293,569,165,737
52,IRGC 27568,302,519,186,730
53,IRGC 27577,249,541,172,732
53,IRGC 27577,255,579,165,732
53,IRGC 27577,255,554,175,733
53,IRGC 27577,270,579,182,733
53,IRGC 27577,268,575,183,731
54,IRGC 27594,234,585,187,800
54,IRGC 27594,251,586,168,790
54,IRGC 27594,242,592,191,805
54,IRGC 27594,243,591,191,800
54,IRGC 27594,272,572,186,799
55,IRGC 28947,238,524,171,616
55,IRGC 28947,252,527,159,615
55,IRGC 28947,255,539,162,610
55,IRGC 28947,254,515,158,623
55,IRGC 28947,248,540,172,625
56,IRGC 29004,281,630,189,793
56,IRGC 29004,264,601,183,796
56,IRGC 29004,269,596,143,790
56,IRGC 29004,286,630,183,791
56,IRGC 29004,286,643,180,793
57,IRGC 29009,247,717,160,763
57,IRGC 29009,234,670,178,774
57,IRGC 29009,244,670,175,760
57,IRGC 29009,231,666,170,782
57,IRGC 29009,238,651,167,760
58,IRGC 29031,260,607,181,730
58,IRGC 29031,263,600,194,725
58,IRGC 29031,256,588,168,746
58,IRGC 29031,282,588,186,731
58,IRGC 29031,251,583,200,753
59,IRGC 29036,251,593,172,731
59,IRGC 29036,252,595,152,732
59,IRGC 29036,249,611,183,737
59,IRGC 29036,242,582,195,730
59,IRGC 29036,260,621,183,716
60,IRGC 29068,277,557,182,635
60,IRGC 29068,270,508,190,625
60,IRGC 29068,275,493,171,648
60,IRGC 29068,241,511,184,642
60,IRGC 29068,254,513,173,639
61,IRGC 29072,292,578,190,662
61,IRGC 29072,291,544,182,675
61,IRGC 29072,264,571,189,680
61,IRGC 29072,275,544,180,682
61,IRGC 29072,234,489,154,690
62,IRGC 29083,270,608,183,750
62,IRGC 29083,253,565,171,735
62,IRGC 29083,255,563,180,737
62,IRGC 29083,264,559,163,741
62,IRGC 29083,265,547,177,739
63,IRGC 29089,259,611,182,760
63,IRGC 29089,247,600,168,765
63,IRGC 29089,265,606,180,772
63,IRGC 29089,251,584,178,776
63,IRGC 29089,254,599,191,765
64,IRGC 29096,240,503,171,730
64,IRGC 29096,253,536,184,715
64,IRGC 29096,248,571,179,714
64,IRGC 29096,262,534,183,724
64,IRGC 29096,269,568,180,723
65,IRGC 29116,266,601,179,825
65,IRGC 29116,274,587,206,837
65,IRGC 29116,290,569,189,839
65,IRGC 29116,244,526,198,842
65,IRGC 29116,289,613,192,847
66,IRGC 29131,245,611,177,780
66,IRGC 29131,266,603,178,793
66,IRGC 29131,249,627,197,800
66,IRGC 29131,253,599,184,802
66,IRGC 29131,251,576,189,794
67,IRGC 29146,258,599,158,630
67,IRGC 29146,250,587,197,626
67,IRGC 29146,244,558,184,638
67,IRGC 29146,258,585,147,618
67,IRGC 29146,243,554,171,629
68,IRGC 29221,217,589,161,567
68,IRGC 29221,224,527,162,553
68,IRGC 29221,218,565,167,546
68,IRGC 29221,227,559,151,564
68,IRGC 29221,224,543,170,544
69,IRGC 29230,260,586,187,733
69,IRGC 29230,272,560,191,698
69,IRGC 29230,236,579,175,719
69,IRGC 29230,269,550,132,721
69,IRGC 29230,259,479,170,725
70,IRGC 29260,238,374,179,362
70,IRGC 29260,242,346,175,370
70,IRGC 29260,232,372,187,364
70,IRGC 29260,238,357,154,368
70,IRGC 29260,225,351,163,367
71,IRGC 29283,253,534,185,644
71,IRGC 29283,239,503,185,645
71,IRGC 29283,237,558,176,641
71,IRGC 29283,237,536,199,644
71,IRGC 29283,260,533,191,644
72,IRGC 29294,255,536,168,654
72,IRGC 29294,263,519,170,650
72,IRGC 29294,258,576,173,655
72,IRGC 29294,254,530,169,651
72,IRGC 29294,251,549,168,649
73,IRGC 29297,252,487,171,678
73,IRGC 29297,259,495,179,677
73,IRGC 29297,258,517,182,678
73,IRGC 29297,249,473,176,682
73,IRGC 29297,264,531,191,680
74,IRGC 29333,307,485,204,721
74,IRGC 29333,291,508,196,723
74,IRGC 29333,286,786,205,719
74,IRGC 29333,304,485,188,722
74,IRGC 29333,291,496,207,721
75,IRGC 29367,263,591,205,827
75,IRGC 29367,273,560,273,829
75,IRGC 29367,272,577,195,826
75,IRGC 29367,265,546,193,830
75,IRGC 29367,274,605,196,830
76,IRGC 29377,251,510,183,680
76,IRGC 29377,259,526,184,679
76,IRGC 29377,255,518,189,680
76,IRGC 29377,269,540,191,682
76,IRGC 29377,256,547,190,681
77,IRGC 29416,268,473,193,630
77,IRGC 29416,279,478,196,633
77,IRGC 29416,269,483,201,629
77,IRGC 29416,269,465,183,629
77,IRGC 29416,276,445,182,630
78,IRGC 29432,271,536,205,669
78,IRGC 29432,279,474,209,667
78,IRGC 29432,274,473,205,666
78,IRGC 29432,259,493,181,666
78,IRGC 29432,258,495,176,668
79,IRGC 31611,318,579,205,958
79,IRGC 31611,303,542,194,958
79,IRGC 31611,305,577,208,958
79,IRGC 31611,318,565,203,956
79,IRGC 31611,324,569,209,957
80,IRGC 31618,264,573,184,814
80,IRGC 31618,267,577,178,816
80,IRGC 31618,264,637,195,815
80,IRGC 31618,260,574,179,814
80,IRGC 31618,258,571,181,813
81,IRGC 31655,215,586,202,850
81,IRGC 31655,277,519,194,854
81,IRGC 31655,287,528,217,851
81,IRGC 31655,263,561,194,853
81,IRGC 31655,282,552,183,856
82,IRGC 31665,297,570,185,831
82,IRGC 31665,259,585,192,830
82,IRGC 31665,253,588,189,828
82,IRGC 31665,265,593,166,827
82,IRGC 31665,236,569,173,824
83,IRGC 31727,262,679,193,903
83,IRGC 31727,256,714,197,897
83,IRGC 31727,263,677,181,897
83,IRGC 31727,246,685,164,900
83,IRGC 31727,274,712,199,900
84,IRGC 31745,208,601,167,610
84,IRGC 31745,204,645,160,612
84,IRGC 31745,217,610,161,611
84,IRGC 31745,227,620,174,609
84,IRGC 31745,189,593,169,610
85,IRGC 31801,273,567,189,855
85,IRGC 31801,284,567,182,852
85,IRGC 31801,282,591,205,852
85,IRGC 31801,290,562,197,860
85,IRGC 31801,283,558,191,851
86,IRGC 31812,238,653,177,738
86,IRGC 31812,232,591,175,740
86,IRGC 31812,227,610,155,735
86,IRGC 31812,228,603,174,733
86,IRGC 31812,233,569,167,731
87,IRGC 31832,293,559,194,798
87,IRGC 31832,309,527,194,802
87,IRGC 31832,285,524,185,805
87,IRGC 31832,300,500,197,802
87,IRGC 31832,267,496,176,807
88,IRGC 31841,267,576,197,849
88,IRGC 31841,289,632,200,845
88,IRGC 31841,279,614,191,849
88,IRGC 31841,287,588,188,850
88,IRGC 31841,275,557,195,852
89,IRGC 32796,277,588,194,864
89,IRGC 32796,286,606,197,861
89,IRGC 32796,274,584,214,859
89,IRGC 32796,270,597,193,860
89,IRGC 32796,283,588,185,858
90,IRGC 32816,263,586,171,727
90,IRGC 32816,259,589,182,727
90,IRGC 32816,262,542,165,732
90,IRGC 32816,245,572,171,730
90,IRGC 32816,263,567,177,727
91,IRGC 32817,262,568,182,724
91,IRGC 32817,266,549,172,727
91,IRGC 32817,257,588,179,725
91,IRGC 32817,262,578,175,720
91,IRGC 32817,275,603,175,726
92,IRGC 32861,280,515,200,777
92,IRGC 32861,287,491,196,773
92,IRGC 32861,281,529,203,770
92,IRGC 32861,272,511,208,772
92,IRGC 32861,283,502,192,771
93,IRGC 34034,242,560,198,800
93,IRGC 34034,250,565,183,799
93,IRGC 34034,242,541,193,802
93,IRGC 34034,270,612,185,804
93,IRGC 34034,258,608,188,805
94,IRGC 34699,254,601,171,768
94,IRGC 34699,260,550,184,769
94,IRGC 34699,284,571,183,770
94,IRGC 34699,261,606,194,764
94,IRGC 34699,268,632,182,765
95,IRGC 34709,282,567,194,860
95,IRGC 34709,280,548,199,861
95,IRGC 34709,285,579,286,866
95,IRGC 34709,313,582,190,869
95,IRGC 34709,266,546,178,867
96,IRGC 34749,256,565,192,650
96,IRGC 34749,246,536,175,650
96,IRGC 34749,251,541,189,655
96,IRGC 34749,231,502,173,653
96,IRGC 34749,242,522,194,646
97,IRGC 37086,246,527,166,640
97,IRGC 37086,236,522,159,643
97,IRGC 37086,236,597,168,643
97,IRGC 37086,239,581,169,640
97,IRGC 37086,228,585,145,642
98,IRGC 37149,262,591,181,746
98,IRGC 37149,243,600,170,742
98,IRGC 37149,254,544,181,750
98,IRGC 37149,228,567,162,744
98,IRGC 37149,249,578,174,746
99,IRGC 37161,271,614,182,860
99,IRGC 37161,275,560,176,855
99,IRGC 37161,264,534,201,859
99,IRGC 37161,278,583,204,865
99,IRGC 37161,288,608,195,861
100,IRGC 37182,280,588,190,815
100,IRGC 37182,264,586,185,816
100,IRGC 37182,295,611,186,814
100,IRGC 37182,273,597,185,820
100,IRGC 37182,286,602,197,823
101,IRGC 37252,277,570,187,715
101,IRGC 37252,270,580,197,717
101,IRGC 37252,268,577,178,715
101,IRGC 37252,258,578,180,717
101,IRGC 37252,261,568,204,719
102,IRGC 37272,216,736,178,816
102,IRGC 37272,232,706,181,816
102,IRGC 37272,217,723,195,811
102,IRGC 37272,227,713,185,811
102,IRGC 37272,230,730,178,812
103,IRGC 37346,282,593,203,760
103,IRGC 37346,278,600,195,761
103,IRGC 37346,275,562,174,763
103,IRGC 37346,277,573,204,759
103,IRGC 37346,302,601,199,759
104,IRGC 37468,220,676,178,807
104,IRGC 37468,230,724,176,810
104,IRGC 37468,226,715,181,810
104,IRGC 37468,252,664,177,813
104,IRGC 37468,229,738,177,811
105,IRGC 37478,246,620,166,670
105,IRGC 37478,245,599,161,668
105,IRGC 37478,278,596,170,670
105,IRGC 37478,256,608,172,667
105,IRGC 37478,274,569,160,667
106,IRGC 37550,310,572,206,811
106,IRGC 37550,275,538,173,808
106,IRGC 37550,299,559,197,811
106,IRGC 37550,300,550,202,809
106,IRGC 37550,315,556,198,811
107,IRGC 37562,227,525,146,503
107,IRGC 37562,223,518,143,498
107,IRGC 37562,223,533,149,502
107,IRGC 37562,217,515,143,498
107,IRGC 37562,221,529,149,498
108,IRGC 37596,238,621,176,664
108,IRGC 37596,251,619,161,663
108,IRGC 37596,246,610,170,664
108,IRGC 37596,240,589,164,660
108,IRGC 37596,253,600,168,665
109,IRGC 37685,280,593,187,824
109,IRGC 37685,261,602,191,826
109,IRGC 37685,278,595,200,828
109,IRGC 37685,260,605,189,828
109,IRGC 37685,272,590,201,824
110,IRGC 37754,279,504,185,751
110,IRGC 37754,268,506,186,754
110,IRGC 37754,274,529,196,754
110,IRGC 37754,281,509,205,753
110,IRGC 37754,279,512,186,756
111,IRGC 37793,203,413,143,353
111,IRGC 37793,203,429,150,352
111,IRGC 37793,213,417,150,353
111,IRGC 37793,204,419,147,355
111,IRGC 37793,191,421,149,351
112,IRGC 37815,264,620,181,911
112,IRGC 37815,275,606,170,907
112,IRGC 37815,290,637,197,907
112,IRGC 37815,280,641,195,908
112,IRGC 37815,284,635,196,908
113,IRGC 37837,253,626,174,613
113,IRGC 37837,256,610,177,616
113,IRGC 37837,231,596,170,613
113,IRGC 37837,250,600,178,616
113,IRGC 37837,241,609,178,617
114,IRGC 37845,229,690,170,791
114,IRGC 37845,222,671,170,788
114,IRGC 37845,217,684,175,789
114,IRGC 37845,234,633,181,793
114,IRGC 37845,234,676,172,792
115,IRGC 37951,237,687,185,760
115,IRGC 37951,229,656,181,760
115,IRGC 37951,229,648,170,759
115,IRGC 37951,236,660,174,757
115,IRGC 37951,221,664,184,758
116,IRGC 37967,236,630,184,784
116,IRGC 37967,244,658,174,788
116,IRGC 37967,246,700,185,789
116,IRGC 37967,248,602,176,790
116,IRGC 37967,229,630,184,791
117,IRGC 38130,278,405,206,640
117,IRGC 38130,272,428,202,640
117,IRGC 38130,261,428,204,640
117,IRGC 38130,286,449,195,643
117,IRGC 38130,290,492,208,646
118,IRGC 38145,220,835,178,892
118,IRGC 38145,220,730,182,895
118,IRGC 38145,222,817,181,895
118,IRGC 38145,219,821,176,897
118,IRGC 38145,222,759,189,898
119,IRGC 38149,243,783,185,981
119,IRGC 38149,237,795,192,982
119,IRGC 38149,238,783,183,983
119,IRGC 38149,258,755,168,985
119,IRGC 38149,235,797,186,986
120,IRGC 38251,200,684,172,598
120,IRGC 38251,199,633,162,598
120,IRGC 38251,199,640,172,595
120,IRGC 38251,208,554,160,593
120,IRGC 38251,201,588,157,595
121,IRGC 38293,242,593,168,748
121,IRGC 38293,241,663,171,754
121,IRGC 38293,241,624,173,751
121,IRGC 38293,232,675,162,750
121,IRGC 38293,247,618,170,748
122,IRGC 38320,231,639,175,700
122,IRGC 38320,243,652,171,700
122,IRGC 38320,242,643,180,704
122,IRGC 38320,241,614,164,704
122,IRGC 38320,242,633,180,703
123,IRGC 38344,251,621,180,732
123,IRGC 38344,234,630,187,730
123,IRGC 38344,228,624,180,728
123,IRGC 38344,224,602,170,731
123,IRGC 38344,225,598,185,731
124,IRGC 38361,226,630,171,749
124,IRGC 38361,232,646,175,745
124,IRGC 38361,240,654,174,746
124,IRGC 38361,231,637,164,750
124,IRGC 38361,236,647,167,745
125,IRGC 38390,246,669,157,859
125,IRGC 38390,244,664,174,859
125,IRGC 38390,242,728,172,859
125,IRGC 38390,245,751,191,860
125,IRGC 38390,249,698,178,858
126,IRGC 38416,255,550,188,773
126,IRGC 38416,253,608,196,774
126,IRGC 38416,277,560,186,772
126,IRGC 38416,254,546,190,770
126,IRGC 38416,261,670,197,778
127,IRGC 38426,240,580,170,717
127,IRGC 38426,219,600,159,718
127,IRGC 38426,232,622,174,715
127,IRGC 38426,230,584,136,718
127,IRGC 38426,237,630,180,718
128,IRGC 38456,238,681,175,827
128,IRGC 38456,242,756,178,828
128,IRGC 38456,242,675,185,828
128,IRGC 38456,242,673,181,826
128,IRGC 38456,258,628,168,824
129,IRGC 38522,276,608,152,1083
129,IRGC 38522,298,652,196,1084
129,IRGC 38522,318,624,196,1082
129,IRGC 38522,303,679,216,1082
129,IRGC 38522,301,669,199,1083
130,IRGC 38535,296,585,210,900
130,IRGC 38535,299,556,212,903
130,IRGC 38535,292,550,208,903
130,IRGC 38535,296,563,194,900
130,IRGC 38535,272,587,198,905
131,IRGC 39559,210,613,164,570
131,IRGC 39559,224,558,170,571
131,IRGC 39559,197,573,174,570
131,IRGC 39559,225,540,154,575
131,IRGC 39559,227,515,167,578
132,IRGC 43826,237,552,176,601
132,IRGC 43826,237,640,168,602
132,IRGC 43826,230,571,171,604
132,IRGC 43826,230,570,157,608
132,IRGC 43826,229,605,165,600
133,IRGC 43860,282,518,189,800
133,IRGC 43860,307,574,183,802
133,IRGC 43860,296,499,193,804
133,IRGC 43860,274,536,175,800
133,IRGC 43860,275,518,166,807
134,IRGC 43862,256,568,178,707
134,IRGC 43862,256,575,176,708
134,IRGC 43862,251,586,199,708
134,IRGC 43862,245,570,190,706
134,IRGC 43862,258,572,159,702
135,IRGC 43872,286,512,199,821
135,IRGC 43872,281,561,195,823
135,IRGC 43872,277,554,174,830
135,IRGC 43872,292,557,187,824
135,IRGC 43872,296,540,184,828
136,IRGC 43915,275,614,186,768
136,IRGC 43915,267,515,178,767
136,IRGC 43915,253,583,155,764
136,IRGC 43915,281,532,182,767
136,IRGC 43915,272,574,170,769
137,IRGC 43999,259,598,180,596
137,IRGC 43999,221,585,153,594
137,IRGC 43999,228,578,148,591
137,IRGC 43999,231,542,162,590
137,IRGC 43999,229,567,158,594
138,IRGC 49094,299,560,207,871
138,IRGC 49094,287,550,196,867
138,IRGC 49094,310,634,208,867
138,IRGC 49094,236,547,173,863
138,IRGC 49094,292,554,215,862
139,IRGC 49127,262,594,197,825
139,IRGC 49127,279,568,206,816
139,IRGC 49127,272,590,172,819
139,IRGC 49127,270,597,195,825
139,IRGC 49127,255,581,203,820
140,IRGC 49182,227,728,179,755
140,IRGC 49182,223,652,173,760
140,IRGC 49182,225,684,176,754
140,IRGC 49182,221,642,171,758
140,IRGC 49182,218,668,137,763
141,IRGC 49242,293,492,227,765
141,IRGC 49242,285,493,227,763
141,IRGC 49242,289,500,205,762
141,IRGC 49242,300,464,206,760
141,IRGC 49242,297,464,212,764
142,IRGC 49257,241,645,199,700
142,IRGC 49257,247,558,158,698
142,IRGC 49257,228,606,182,697
142,IRGC 49257,232,569,182,702
142,IRGC 49257,244,620,179,703
143,IRGC 49333,274,596,178,861
143,IRGC 49333,295,579,189,863
143,IRGC 49333,304,617,199,865
143,IRGC 49333,289,587,178,863
143,IRGC 49333,279,616,189,860
144,IRGC 49375,222,591,172,663
144,IRGC 49375,223,612,173,663
144,IRGC 49375,221,598,170,665
144,IRGC 49375,234,609,175,661
144,IRGC 49375,240,618,154,665
145,IRGC 53479,264,709,193,885
145,IRGC 53479,265,753,189,885
145,IRGC 53479,248,686,177,885
145,IRGC 53479,256,728,190,881
145,IRGC 53479,257,742,188,885
146,IRGC 53483,376,613,187,851
146,IRGC 53483,293,532,204,851
146,IRGC 53483,287,616,189,853
146,IRGC 53483,285,567,195,854
146,IRGC 53483,267,575,177,855
147,IRGC 53484,317,506,187,964
147,IRGC 53484,329,494,190,965
147,IRGC 53484,323,548,215,962
147,IRGC 53484,328,547,210,966
147,IRGC 53484,320,513,208,965
148,IRGC 53500,265,566,194,827
148,IRGC 53500,269,597,191,827
148,IRGC 53500,251,580,191,828
148,IRGC 53500,253,586,198,828
148,IRGC 53500,269,554,196,829
149,IRGC 53529,268,602,189,773
149,IRGC 53529,277,497,189,774
149,IRGC 53529,284,561,218,771
149,IRGC 53529,258,502,198,771
149,IRGC 53529,280,518,184,771
150,IRGC 53541,275,592,201,838
150,IRGC 53541,247,602,171,838
150,IRGC 53541,241,612,194,840
150,IRGC 53541,262,585,178,838
150,IRGC 53541,261,596,181,839
151,IRGC 58736,257,628,190,779
151,IRGC 58736,239,615,179,780
151,IRGC 58736,266,619,177,774
151,IRGC 58736,231,625,189,772
151,IRGC 58736,254,596,176,772
152,IRGC 58824,238,717,178,823
152,IRGC 58824,241,703,170,820
152,IRGC 58824,228,678,158,825
152,IRGC 58824,223,729,177,824
152,IRGC 58824,227,707,174,827
153,IRGC 63517,248,524,193,714
153,IRGC 63517,254,496,214,712
153,IRGC 63517,249,482,190,717
153,IRGC 63517,285,539,212,720
153,IRGC 63517,258,507,202,715
154,IRGC 64778,261,614,182,700
154,IRGC 64778,248,595,175,704
154,IRGC 64778,254,554,173,708
154,IRGC 64778,255,532,173,710
154,IRGC 64778,246,618,178,707
155,IRGC 66801,234,584,159,608
155,IRGC 66801,224,547,167,604
155,IRGC 66801,230,562,168,603
155,IRGC 66801,232,563,166,604
155,IRGC 66801,232,560,166,602
156,IRGC 66815,251,550,179,657
156,IRGC 66815,272,502,192,654
156,IRGC 66815,286,536,181,652
156,IRGC 66815,256,516,175,653
156,IRGC 66815,238,486,165,652
157,IRGC 66831,272,506,181,698
157,IRGC 66831,272,520,179,702
157,IRGC 66831,274,538,172,703
157,IRGC 66831,267,529,180,703
157,IRGC 66831,260,530,185,702
158,IRGC 76237,251,495,174,628
158,IRGC 76237,261,489,173,629
158,IRGC 76237,241,519,180,627
158,IRGC 76237,260,492,166,628
158,IRGC 76237,263,517,176,629
159,IRGC 77216,277,548,202,803
159,IRGC 77216,261,553,179,802
159,IRGC 77216,272,545,188,801
159,IRGC 77216,288,554,186,802
159,IRGC 77216,247,565,199,803
160,IRGC 77226,273,595,199,880
160,IRGC 77226,263,585,210,882
160,IRGC 77226,279,591,198,881
160,IRGC 77226,277,611,218,883
160,IRGC 77226,256,613,199,882
161,IRGC 77253,224,621,190,612
161,IRGC 77253,229,630,177,615
161,IRGC 77253,240,599,172,614
161,IRGC 77253,235,615,170,615
161,IRGC 77253,223,570,172,620
162,IRGC 77258,250,566,180,826
162,IRGC 77258,247,600,171,827
162,IRGC 77258,264,526,185,824
162,IRGC 77258,269,591,186,830
162,IRGC 77258,266,599,183,830
163,IRGC 77267,254,507,187,771
163,IRGC 77267,269,573,201,777
163,IRGC 77267,274,568,186,780
163,IRGC 77267,243,524,183,771
163,IRGC 77267,248,519,180,773
164,IRGC 77279,287,644,199,841
164,IRGC 77279,293,664,181,843
164,IRGC 77279,275,582,188,838
164,IRGC 77279,260,606,171,844
164,IRGC 77279,269,581,180,845
165,IRGC 77284,222,560,167,606
165,IRGC 77284,235,549,166,606
165,IRGC 77284,229,553,171,609
165,IRGC 77284,230,619,169,612
165,IRGC 77284,230,590,168,614
166,IRGC 77285,267,498,170,765
166,IRGC 77285,289,562,190,765
166,IRGC 77285,288,508,178,768
166,IRGC 77285,279,544,180,772
166,IRGC 77285,277,573,187,773
167,IRGC 77292,259,634,183,702
167,IRGC 77292,265,635,164,705
167,IRGC 77292,262,618,170,707
167,IRGC 77292,250,625,152,708
167,IRGC 77292,225,619,176,710
168,IRGC 77293,194,623,162,544
168,IRGC 77293,198,621,163,549
168,IRGC 77293,198,633,159,551
168,IRGC 77293,200,584,164,545
168,IRGC 77293,207,626,173,549
169,IRGC 77299,239,704,181,813
169,IRGC 77299,263,672,172,812
169,IRGC 77299,245,685,172,815
169,IRGC 77299,253,689,163,817
169,IRGC 77299,240,652,151,819
170,IRGC 77306,237,578,161,605
170,IRGC 77306,241,608,168,610
170,IRGC 77306,244,546,165,610
170,IRGC 77306,236,581,160,609
170,IRGC 77306,227,610,166,610
171,IRGC 79342,250,491,174,602
171,IRGC 79342,234,489,176,601
171,IRGC 79342,226,512,170,606
171,IRGC 79342,241,488,170,605
171,IRGC 79342,248,507,173,602
172,IRGC 82168,265,380,158,462
172,IRGC 82168,258,431,142,461
172,IRGC 82168,240,396,176,464
172,IRGC 82168,271,407,164,460
172,IRGC 82168,248,373,169,462
173,IRGC 83865,212,379,154,371
173,IRGC 83865,212,379,158,370
173,IRGC 83865,228,397,168,371
173,IRGC 83865,215,366,158,373
173,IRGC 83865,216,283,168,373
174,IRGC 86973,250,562,179,750
174,IRGC 86973,255,590,171,747
174,IRGC 86973,250,613,160,750
174,IRGC 86973,262,566,169,754
174,IRGC 86973,253,586,177,753
175,IRGC 117317,239,666,173,774
175,IRGC 117317,234,690,164,771
175,IRGC 117317,241,654,170,770
175,IRGC 117317,232,687,172,770
175,IRGC 117317,236,712,183,769
176,IRGC 117318,278,560,197,850
176,IRGC 117318,266,616,205,849
176,IRGC 117318,268,594,196,846
176,IRGC 117318,262,561,175,853
176,IRGC 117318,274,600,176,853
