accession_name,Root_thickness,Stress_Root_Na+,Shoot_weight,Shoot_length,Stress_Shoot_Na+,Lost_Shoot_weight,Height_WO_husk,Root_length,Stress_Chlorophyll_A,Root_Na+,SES,Stress_Shoot_weight,Stress_Chlorophyll_B,Stress_Shoot_thickness,Shoot_K+,Stress_Root_thickness,Lost_Chlorophyll_A,Stress_Root_length,Lost_Chlorophyll_B,Root_weight,Lost_Root_weight,Lost_Root_thickness,Chlorophyll_B,Lost_Shoot_thickness,Stress_Shoot_K+,Shoot_Na+,Stress_Root_weight,Chlorophyll_A,Stress_Shoot_length,Root_K+,Shoot_thickness,Lost_Root_length,Stress_Root_K+,Lost_Shoot_length
IRIS_313-10340,0.267292054,-0.014707314,-0.421223243,-0.42563325,-0.239019133,0.128097538,-0.733868096,-1.274045447,0.543356651,0.005845261,0.185003937,-0.719929662,0.579742699,-0.252659157,0.005386028,-0.373293739,-0.212453125,-0.551563702,-0.289075659,-0.603601795,0.006234052,0.331243327,0.09299894,0.06228648,-0.156181355,-0.003822622,-0.578219437,0.101059161,-1.016107976,0.176014953,-0.167039659,-0.306764547,0.281266588,0.05079866
IRIS_313-10341,0.702106114,0.015617057,0.656574619,-0.189130126,-0.139825774,0.216291569,0.262411304,-0.778041644,0.470216515,0.024174386,-0.121398026,0.486600014,0.558373577,0.8028435,0.003841082,0.564474801,-0.120253031,-0.419497073,-0.030360309,0.293613199,0.006430179,0.347832329,0.276745222,0.09871311,-0.108335754,-0.002815398,0.243168937,0.199520027,-0.266534071,0.127621787,0.680633366,-0.220328324,0.027696065,0.036830287
IRIS_313-10537,-0.449584869,0.180831037,0.137649394,0.952299886,-0.08287867,-0.109038848,0.836544957,0.057177103,0.393703567,0.097053564,-0.434154811,0.553556347,0.268563756,0.200273349,-0.006038689,0.11158136,0.015043735,-0.066286659,0.2086924,-0.315394863,-0.012045898,-0.317874829,0.315960293,-0.075900278,-0.16547196,0.001077548,-0.020901131,0.140941247,0.971393368,-0.372785412,-0.281122545,0.086507515,0.204523578,0.01841644
IRIS_313-10539,0.291401079,-0.46503331,0.686531121,1.32336487,-0.208337513,0.25779139,0.602093234,0.180778686,0.690164037,-0.009491803,-0.403578559,0.238496358,0.785814745,0.167263084,0.008569908,0.322793401,-0.158393598,-0.175052267,-0.144561789,0.328809532,0.008153796,0.154282256,0.300546974,0.080502599,-0.567133728,-2.58E-04,0.123695965,0.259901161,0.361372499,0.246042759,0.342303463,0.139772345,-0.037720709,0.060701027
IRIS_313-10587,-0.315311354,0.102133265,0.040491648,-0.637282142,0.35149689,-0.038377137,2.074184341,0.628058351,-0.593753284,-0.087191851,0.298591049,-0.476660807,-0.600249715,-0.246201535,-0.007631184,-0.214692704,0.341781151,-0.122859968,0.479190518,0.07641801,-0.003373583,-0.255881019,0.022697307,-0.002199664,0.114426154,3.01E-04,-0.231260096,-0.03109406,-0.742309115,-0.218806175,0.255983823,0.559585995,-0.457067823,-0.038991117
IRIS_313-10592,-0.330464321,0.004913223,-0.013616575,-0.550541044,0.390089959,-0.066223206,1.589316356,0.973192636,-0.742741097,-0.099688513,0.541519697,-0.574548034,-0.815443397,-0.356321441,-0.007863441,-0.115686822,0.325010478,-0.010953533,0.38344919,0.253161647,-0.003487315,-0.272991834,-0.084575132,-0.017097082,0.024865498,0.001197346,-0.090534659,-0.087698512,-0.755947218,-0.287876639,0.157653771,0.624431839,-0.411291925,-0.041161334
IRIS_313-10593,0.058403573,-0.004881169,0.073902045,0.083129702,0.095095651,-0.142486128,0.050639539,0.107493641,0.253200692,-0.052968845,-0.215160966,0.248191353,0.213811156,0.265452716,-0.006065821,0.639859494,0.071136689,-0.285692954,0.066932333,0.287148352,-0.005370449,-0.235458407,-0.173338194,-0.065623956,0.070598544,0.002762152,0.356258051,-0.1451874,-0.098395261,-0.175381875,-0.001770838,0.380415175,-0.094562482,-0.040511759
IRIS_313-10595,-0.123394832,0.065282255,0.235287511,-0.510563771,0.417487687,-0.019641419,0.968433042,0.511367338,-0.453907889,-0.081282693,0.338003749,-0.5502058,-0.459433185,-0.377925578,-0.008378178,-0.346801928,0.306221161,-0.048730436,0.435709401,0.259171719,-0.002310617,-0.164644623,0.031256559,9.20E-05,-0.073411794,0.001088603,-0.272071786,-0.01643333,-0.700246448,-0.225428062,0.377777984,0.482976038,-0.402157805,-0.039111564
IRIS_313-10598,-0.507662505,0.200547937,-0.58481188,-0.661025101,0.369167207,-0.20492835,-0.108768341,0.266313048,-0.583584861,-0.092254609,0.298104332,-0.324975022,-0.588997467,-0.250097698,-0.008845439,0.08587814,0.252690025,-0.257738419,0.267266036,-0.338627034,-0.008121929,-0.40222265,-0.143554677,-0.064604941,0.197407714,0.001667441,-0.125387453,-0.138764097,-0.344175424,-0.147412409,-0.336136441,0.426661643,-0.594844427,-0.052713769
IRIS_313-10600,-0.489754483,0.448362901,-0.433435716,-0.83575937,0.534543922,-0.110536257,-0.405517587,0.03081934,-0.606160197,-0.051058413,0.475229207,-0.680287416,-0.697998592,-0.348309214,-0.009427679,-0.38340226,0.236731973,-0.470167688,0.269458863,-0.361024716,-0.004868146,-0.296358236,-0.231432615,-0.023043164,0.071948229,2.40E-04,-0.568396992,-0.193755099,-0.987700591,-0.039715599,-0.140384133,0.514233385,-0.250076458,-0.037021178
IRIS_313-10602,-0.532278613,NA,-0.783550747,-0.756366189,NA,-0.183495733,0.14857186,-0.327442555,-0.71507708,NA,0.428018457,-0.770905091,-0.821409394,-0.610382234,NA,-0.417629953,0.279983196,-0.555306498,0.351840564,-0.69374756,-0.006163779,-0.27783923,-0.070942714,-0.05815251,NA,NA,-0.733043603,-0.080553002,-0.840192707,NA,-0.43984265,0.380570295,NA,-0.041955248
IRIS_313-10603,-0.234004826,-0.065066065,-0.094529842,-0.178644821,0.260309022,-0.181885103,-0.202623706,1.088569989,-0.008064579,-0.118885551,0.032481025,-0.056866661,0.159678586,0.10140031,-0.005899649,-0.029884937,0.072841724,0.566251681,-0.008354868,0.390130994,-0.00498996,-0.221825471,-0.12629379,-0.080625756,0.209189197,0.003071256,0.30333806,-0.094576572,-0.234679484,-0.220090168,-0.076251832,0.272225572,-0.34287806,-0.048513273
IRIS_313-10604,-0.459554701,0.24401735,-0.325115347,-0.66923612,0.252527775,-0.107886355,0.231718582,0.177163696,-0.50919911,-0.066041171,0.180877304,-0.451956251,-0.503732445,-0.231830762,-0.00793554,-0.271635858,0.260440617,-0.280984695,0.293417683,-0.301018893,-0.00530894,-0.301676396,-0.131017956,-0.027214687,-0.075564853,5.04E-04,-0.386665326,-0.123421908,-0.653773173,-0.06169783,-0.075989335,0.450444264,-0.228733586,-0.041223227
IRIS_313-10605,0.13791631,-0.194673405,-0.298042833,-0.310493117,-0.134356906,-0.176596223,-0.201351014,0.160159152,-0.24331286,-0.021861552,0.025153752,-0.390070941,-0.335081833,-0.299587517,-0.00475,0.34606584,0.062950605,-0.412717608,0.072296286,0.293009262,-0.002080912,-0.088115621,-0.238489222,-0.077578267,0.123005074,0.005060969,-0.059098814,-0.183985701,-0.389575076,-0.292761742,-0.249839448,0.472786614,0.24902981,-0.041556651
IRIS_313-10606,-0.570416695,0.39247758,-0.542205332,-0.86288498,0.474559749,-0.115482079,-1.060666162,-0.045216933,-0.793613783,-0.052085507,0.483632781,-0.933669833,-0.848786674,-0.49271679,-0.00905449,-0.326833684,0.289470985,-0.614237423,0.311004944,-0.504045253,-0.00563713,-0.333584732,-0.21729297,-0.027773899,0.025161337,5.68E-04,-0.659753263,-0.182486205,-1.246689846,-0.03962321,-0.223084042,0.564973498,-0.320130952,-0.033487917
IRIS_313-10963,-0.243495631,0.330412286,0.030822636,-0.249392183,0.330338752,-0.060718816,0.107476818,0.291179569,-0.397355393,-0.06362266,0.282764217,-0.404330755,-0.264916992,-0.207445857,-0.006881011,-0.327494893,0.191850848,-0.38027616,0.168238904,0.066804249,-0.002550328,-0.191741981,-0.1742543,-0.018678249,-0.120920329,9.90E-04,-0.464485447,-0.144787812,-0.604163476,-0.040231081,0.076921631,0.515590115,-0.227830902,-0.032775448
IRIS_313-10964,-0.136891922,-0.073762535,-0.51523253,-0.534729348,-0.062649721,-0.260570835,-0.022529224,0.040502903,-0.004833324,-0.099478013,-0.079683349,-0.048877192,-0.02594332,0.034488501,-0.002978935,-0.140947513,-0.013988906,-0.074800225,-0.058844602,-0.03605562,-0.004627507,-0.128063021,-0.285951101,-0.106441521,0.231002678,5.34E-04,-0.194557993,-0.216708383,-0.155214277,-0.099291651,-0.380740289,0.159359603,-0.181920194,-0.054632002
IRIS_313-10965,-0.615407726,0.424494221,-0.369315699,-0.786450917,0.563682124,-0.115422516,-0.778595438,0.035029589,-0.507100596,-0.017817283,0.261331054,-0.513232647,-0.401412252,-0.170649634,-0.009787091,-0.132849856,0.183168861,-0.38894561,0.163548997,-0.544184746,-0.007333029,-0.393461719,-0.250932135,-0.023675912,-0.072765634,2.58E-04,-0.324108347,-0.207139644,-0.902033108,-0.005894478,-0.076048367,0.418851044,-0.214265387,-0.035898475
IRIS_313-10971,0.535495953,-0.116592004,0.730983843,1.217364251,0.020040416,0.225988022,0.004910801,-0.100339431,0.416220238,0.008219871,-0.191559428,0.738339212,0.486495584,0.313923462,0.005467505,0.243967022,-0.140868004,-0.071661594,-0.161268169,0.567391643,0.009300371,0.297725214,0.203003667,0.081352515,-0.434275837,-0.00382347,0.158022792,0.182096847,1.059949038,0.124946425,0.386407856,-0.091925496,0.025342169,0.042502488
IRIS_313-10972,0.375758107,0.088342755,0.484023416,0.655372371,-0.404368056,0.21295505,0.117412221,0.15584524,0.377019676,0.030982973,-0.523980768,0.229136161,0.372255556,-0.014056452,0.00680826,0.369659721,-0.171029394,0.002150954,-0.202980121,0.573848996,0.007986698,0.203767623,0.106379871,0.08768378,-0.319045107,-0.003093611,0.311014033,0.109968451,0.808712298,0.219932963,0.305694352,-0.018273252,0.430870553,0.036347479
IRIS_313-10973,0.253491737,-0.133699632,0.834466444,0.801612662,-0.11924627,0.211577625,0.73570926,0.351611147,0.571997884,-0.019880238,-0.97105856,0.997254915,0.581320466,0.70434393,0.007635415,0.230999441,-0.194870477,0.111344054,-0.235902432,0.44103371,0.007469454,0.142289667,0.14684138,0.069377983,-0.002340982,-0.00272752,0.229802601,0.152287385,0.894466593,0.120007778,0.44953704,0.053069854,-0.050433251,0.036973185
IRIS_313-10974,0.442858314,-0.17268136,0.244151635,0.686877049,-0.156342995,0.154521857,0.854665523,-0.07611644,0.15811728,0.028349755,-0.476489202,0.381965437,0.059152318,0.200328587,0.007951168,0.370618329,-0.135857412,-0.139705095,-0.129877238,0.357644704,0.008399637,0.238545772,0.126541295,0.055963712,-0.147706968,-0.004868367,0.164369008,0.107313363,0.686610661,0.126333925,0.060235427,0.006277809,0.248985595,0.039082714
IRIS_313-10975,0.024390918,-0.108801383,0.349320868,0.683702127,-0.214442877,0.192808284,1.010330591,0.07814029,0.159129682,0.051443373,-0.258750404,0.267557975,0.154468402,0.080167054,0.008117457,0.329724455,-0.120475892,-0.03297919,-0.14530658,-0.064965438,0.004871762,0.03486258,0.172416067,0.074551537,-0.010718759,-0.003159251,0.288754789,0.158238027,0.667736452,0.209828651,0.174409863,-0.024235139,0.135348854,0.043382963
IRIS_313-10976,-0.159711603,-0.073189032,-0.239666679,-0.279564275,0.055574524,-0.21713521,-0.01471433,0.089519248,0.054198497,-0.108563255,-0.380141987,0.11030797,-0.031559115,0.290246481,-0.004457322,0.008947764,-0.012369182,0.011182182,-0.044737256,-0.053321251,-0.005136806,-0.176783578,-0.245610675,-0.096252916,0.153829002,0.002759828,-0.033157495,-0.187362377,-0.222588584,-0.086650261,-0.196625534,0.167439869,-0.367143945,-0.049736585
IRIS_313-10977,0.072908914,-0.17917609,0.530743605,0.868560045,-0.304092637,0.190250755,0.54105086,0.113977945,0.63772647,-0.049167347,-0.393398938,0.529838507,0.592297144,0.32296411,0.006611192,0.39825585,-0.182553625,-0.073274331,-0.204439088,0.085688292,0.005031982,0.022748122,0.156776661,0.06489487,0.334107473,-0.004794122,0.252713019,0.1523958,0.777456335,0.158783204,0.270742258,0.098168395,0.161738892,0.037378304
IRIS_313-10978,0.89466759,-0.216556829,0.954433723,1.57971189,-0.174310715,0.248008459,-0.655533739,0.290100563,0.372061812,0.008458127,0.151762293,0.748909422,0.480003627,0.414335186,0.004659482,0.421340494,-0.082182022,0.035679403,-0.095201724,1.327124268,0.013341054,0.418012814,0.26368191,0.079796572,-0.063615497,-0.004165567,0.385974974,0.247862206,0.912525184,0.15844779,0.494693304,0.007341894,-0.059195438,0.045215794
IRIS_313-10979,-0.064519164,-0.594145381,0.213190135,0.15528851,-0.233017307,-0.095990135,1.132550694,0.784019816,0.117556345,-0.1085949,-0.496534279,0.383526753,-0.072700968,0.361289816,-6.83E-04,0.260742384,-0.152393986,0.407760934,-0.128269247,0.322613728,-0.002510585,-0.141706647,-0.200172208,-0.072422007,0.447670429,0.006507812,0.429296631,-0.137498256,0.278068187,-0.008942343,0.124345621,0.182699164,-0.427906869,-0.024699741
IRIS_313-10980,0.375519933,-0.167726542,0.408341913,0.164517526,-0.123986911,0.062778829,0.546257888,-0.050861944,0.144809968,-0.099114909,-0.04816246,0.318502206,0.155760299,0.319086417,0.00385329,0.212395597,-0.162214319,0.263078952,-0.203412433,0.38628969,0.002531242,0.152198114,-0.108028689,0.014719047,0.173723977,8.65E-04,0.353356014,-0.05456954,0.231490763,0.034144349,0.311945472,-0.225272658,-0.030660036,0.004127277
IRIS_313-10981,0.029652366,-0.525636784,0.299488342,0.460630632,-0.208333182,-0.089230196,0.520605667,0.575171691,0.226262826,-0.14853799,-0.391116425,0.404725629,0.133809485,0.36110604,-0.003241242,0.237842309,-0.160021139,0.410698746,-0.15624908,0.356002482,-0.002647421,-0.109136676,-0.205920184,-0.076144971,0.337735695,0.006101136,0.429445866,-0.143689251,0.264440831,0.00745765,0.123941715,0.078692289,-0.442135186,-0.021478714
IRIS_313-10982,0.362265897,-0.180324385,0.697041385,1.296516128,-0.296579965,0.252074445,0.229318756,0.161196296,0.469882642,0.004675963,-0.255726068,0.330265005,0.624460594,0.061066149,0.00482993,0.429562787,-0.152951857,-0.07696764,-0.196051875,0.394260516,0.008289217,0.174543561,0.227635387,0.082357847,-0.18546199,-0.004025359,0.279488262,0.220062577,0.968881922,0.235021786,0.31563479,0.082937543,0.11057184,0.047865841
IRIS_313-10983,0.312286242,-0.041549378,0.066878086,0.45171886,-0.280481815,0.160365838,-0.84171067,-0.164787664,0.15539476,0.100978187,-0.04969064,0.07022085,0.130170925,-0.047617686,0.006946711,-0.139024566,-0.125629714,0.355403082,-0.146031368,0.129774567,0.007488456,0.308324585,0.09005463,0.061708254,0.30174784,-0.00538321,0.096791928,0.106067269,0.435395226,0.201003715,-0.028657119,-0.445902045,0.353714775,0.044481653
IRIS_313-10985,NA,0.200685436,NA,NA,-0.011356912,NA,-1.693617781,NA,NA,0.071205459,NA,NA,NA,NA,0.006740682,NA,NA,NA,NA,NA,NA,NA,NA,NA,-0.365631611,-0.003139099,NA,NA,NA,0.196967035,NA,NA,0.452073182,NA
IRIS_313-10986,0.562484671,0.114158088,0.503371164,0.344271355,-0.09394887,0.231801071,-0.04090631,-0.259935902,0.473999381,0.001169465,-0.149699143,0.119557828,0.4438528,0.008220947,0.009945966,0.124328139,-0.197812632,0.191471787,-0.207494418,0.377446213,0.008936549,0.364190174,0.136521164,0.096922948,-0.17879456,-0.004243543,0.243372194,0.110182858,0.41594614,0.193075109,0.3790107,-0.364529496,0.35268391,0.036182941
IRIS_313-10987,-0.142493846,-0.079585488,-0.636797817,-0.5339258,0.044226121,-0.255302587,-0.284084572,-0.097128431,-0.20834104,-0.096796509,0.075111792,-0.182171715,-0.234466389,-0.09131335,-0.003560428,-0.252548219,-0.014635378,0.49520136,-0.067129246,-0.177078374,-0.005959857,-0.07601216,-0.235156609,-0.111726853,-0.294113908,0.00512457,0.075065891,-0.167475459,-0.218526607,0.053271096,-0.493497398,-0.316071503,-0.340501029,-0.045232496
IRIS_313-11013,-0.37293452,0.054189478,-0.283156778,-0.569340804,0.365920691,-0.147355605,0.791825603,0.13232436,-0.341031674,-0.105000988,-0.068141384,0.002038162,-0.315889148,0.09515846,-0.005245004,0.2054296,0.205974128,-0.227251326,0.205325448,-0.250107827,-0.006812312,-0.381853871,-0.158648702,-0.046704984,-0.042995648,0.001790565,0.014578085,-0.136278765,-0.204507855,-0.119120688,-0.070855199,0.386164452,-0.557752504,-0.047594037
IRIS_313-11014,-0.343095706,-0.098657386,-0.256294643,-0.512209764,0.370639438,-0.218890145,0.201386372,0.470504348,-0.011525466,-0.086816931,-0.111912515,0.066731437,0.183042233,0.172316173,-0.008090549,0.176299934,0.06222196,0.412811194,-0.025919486,-0.088909156,-0.008828885,-0.340419902,-0.138060914,-0.081411889,-0.052188534,0.004537093,0.386556873,-0.107306418,-0.036758604,-0.172725876,-0.075954443,0.083134691,-0.551921432,-0.059684111
IRIS_313-11015,-0.310193651,-0.083701429,-0.321164074,-0.437054396,0.394397395,-0.241619936,-0.132993839,0.502852696,0.022863817,-0.078461237,-0.214112713,0.178103169,0.214169525,0.258770873,-0.007619205,0.141821136,0.043562401,0.457987688,-0.050996514,-0.054919276,-0.008493532,-0.313155992,-0.132340071,-0.093073106,-0.060929316,0.005175621,0.373782143,-0.102078656,0.052479224,-0.17415427,-0.163404925,0.058285807,-0.48865245,-0.059087162
IRIS_313-11016,-0.490852014,0.059287611,-0.333087067,-0.498927277,0.505393045,-0.183311959,-0.611945067,0.360004768,-0.329529831,-0.075015976,0.090701233,-0.070787718,-0.094622987,0.035154548,-0.007624294,0.209293534,0.158176454,-0.145785535,0.081166486,-0.272297384,-0.008300831,-0.439110218,-0.205683021,-0.057849029,-0.473455878,0.004017128,0.055253548,-0.169613712,-0.201389255,-0.059068433,-0.149208022,0.398895713,-0.602052755,-0.050904376
IRIS_313-11017,-0.195677043,0.107300564,0.189900853,0.002200282,0.219185017,-0.055510205,0.801427031,0.624586395,-0.423064213,-0.114790544,0.077839537,-0.078282621,-0.403208644,0.047558637,-0.005483909,0.079359696,0.196228201,-0.127183855,0.183594117,0.229643184,-0.003723997,-0.276149163,-0.196121647,-0.022522766,0.003662448,0.00124886,-8.83E-05,-0.156895486,-0.304065828,-0.117363508,0.186811197,0.538438101,-0.445832437,-0.036720185
IRIS_313-11018,-0.218113223,0.209069405,-0.196690058,-0.60898208,0.24617978,-0.124102451,-0.15884473,0.035103267,0.083093397,-0.111930774,-0.31942103,-0.053382116,0.179482629,0.138643274,-0.007100646,-0.163587563,0.035889301,-0.007326935,0.022260504,-0.159684334,-0.004278143,-0.207100245,-0.172128134,-0.041006854,0.174765422,-2.57E-04,-0.130686083,-0.157774151,-0.328221804,-0.155582238,0.030359265,0.197614626,-0.240946733,-0.043749832
IRIS_313-11019,-0.279005874,NA,-0.345191124,-0.221142249,NA,-0.258753832,-0.457784562,0.811995094,0.251629948,NA,-0.286091973,0.227899967,0.414968388,0.136476727,NA,-0.067782733,-0.085086753,0.596709873,-0.206518381,0.144144545,-0.006130435,-0.212723553,-0.213232061,-0.109904394,NA,NA,0.271233155,-0.158418239,0.401596692,NA,-0.314270039,0.076577256,NA,-0.058046839
IRIS_313-11047,NA,0.212528663,NA,NA,0.271888677,NA,-0.801183289,NA,NA,-0.002068177,NA,NA,NA,NA,-0.008329975,NA,NA,NA,NA,NA,NA,NA,NA,NA,0.366018554,0.002927603,NA,NA,NA,-0.045612367,NA,NA,-0.172984618,NA
IRIS_313-11048,-0.354512643,0.230399534,-0.050769968,-0.298183271,0.445598814,-0.093442912,-0.154006145,0.413235811,-0.323901983,-0.090092074,0.007780859,-0.145712361,-0.314774476,0.064120111,-0.008937447,0.03507661,0.193693409,-0.083523247,0.186168344,-0.058619445,-0.005781576,-0.325126087,-0.188698769,-0.031406782,-0.066880807,5.34E-04,-0.006308814,-0.151697332,-0.444579968,-0.077258287,0.040768369,0.410277168,-0.376395607,-0.037732135
IRIS_313-11049,-0.23897347,0.068513452,-0.117460197,0.075684867,0.389465965,-0.14826651,0.22823862,0.345383374,-0.207132832,-0.086493733,3.19E-04,-0.114082764,-0.176145601,0.006402862,-0.00771547,0.078641313,0.154072455,0.158956639,0.114813574,0.044027626,-0.00672041,-0.281357772,-0.156373867,-0.059816074,0.100146063,0.002724323,0.152576317,-0.124639966,-0.254736815,-0.085014127,-0.116695737,0.205802712,-0.420343587,-0.038930844
IRIS_313-11050,-0.231474806,-0.191904133,-0.096583181,-0.144173251,0.309766959,-0.203555168,-0.089906564,0.730754228,0.144612776,-0.120428025,-0.223066938,0.046871571,0.760680584,0.084922929,-0.003915057,0.143187332,0.024928487,0.497377781,-0.141082616,0.169479488,-0.007220061,-0.255036106,-0.123922039,-0.086256062,0.059143798,0.002726889,0.397495419,-0.095195761,0.094405644,-0.244370874,-0.074826139,0.108311447,-0.486566576,-0.054541869
IRIS_313-11052,-0.514781268,0.161647914,-0.606009311,-0.246187385,0.517157543,-0.198124242,-0.094773568,-0.009402991,-0.428174411,-0.04556557,0.173093615,-0.614656745,-0.465116031,-0.638668089,-0.007109347,-0.26642622,0.140032424,-0.035485618,0.141743115,-0.508253822,-0.00794853,-0.269362361,-0.150026767,-0.072317947,0.191483659,0.00344454,-0.262611404,-0.140833446,-0.304895273,-0.040186931,-0.524008751,0.080725154,-0.374565639,-0.042812683
IRIS_313-11053,-0.40914221,0.369465768,-0.441837016,-0.894247627,0.398794896,-0.106808358,-0.204822907,0.152587595,-0.811769812,-0.023610439,0.635446295,-1.10487512,-0.823491699,-0.580765368,-0.010310876,-0.437590692,0.298582473,-0.53000489,0.305210129,-0.234766936,-0.004271321,-0.262879195,-0.223269658,-0.023017426,0.180987513,0.002748437,-0.630264926,-0.184097272,-1.375252502,-0.133829433,-0.104789217,0.606593473,-0.24178189,-0.032003393
IRIS_313-11054,0.139113407,-0.198712696,-0.289237854,-0.293859675,-0.137619821,-0.175454374,-0.208116228,0.189618351,-0.239826765,-0.019419322,0.016270881,-0.397848828,-0.329342628,-0.30482127,-0.004858265,0.339814026,0.060418707,-0.411308038,0.067591946,0.311785561,-0.001981542,-0.086785556,-0.243179577,-0.077518719,0.114834523,0.005124441,-0.062222006,-0.187048345,-0.400688032,-0.289441418,-0.246976504,0.480445447,0.239739486,-0.04132694
IRIS_313-11056,-0.247125195,-0.103167088,-0.109172225,-0.097710427,0.265742353,-0.202846016,-0.092147094,0.511490991,0.106021074,-0.119128092,-0.424373745,0.06719415,0.246899612,0.058965232,-0.008416784,-0.245580893,-0.010341547,0.561829433,-0.090039855,0.029996733,-0.006595268,-0.198392197,-0.152543583,-0.087829573,0.153004675,0.00370096,0.12813224,-0.121350679,0.173251167,-0.115818918,-0.106031179,-0.045238365,-0.430437115,-0.058290739
IRIS_313-11057,0.139264629,-0.198550394,-0.283402514,-0.285073135,-0.141682078,-0.17590418,-0.183279583,0.182414222,-0.229316034,-0.020108615,1.07E-04,-0.380010988,-0.321868699,-0.283281328,-0.004847123,0.348602618,0.057218864,-0.413804251,0.064637881,0.307284222,-0.002015433,-0.08826034,-0.244776954,-0.077957816,0.111766799,0.005107117,-0.058533475,-0.188201216,-0.397249208,-0.288116924,-0.2441645,0.480261214,0.239726577,-0.041306166
IRIS_313-11058,-0.154078739,-0.022867727,-0.025418159,-0.411011617,0.075622345,-0.10049223,0.712724402,0.661485503,-0.488663449,-0.081771266,0.190390905,-0.518077976,-0.532724435,-0.280783169,-0.009734687,-0.250488801,0.228428549,-0.03577833,0.23560068,0.286401749,-0.002634574,-0.17932743,-0.158423744,-0.037932579,0.026598009,0.003787074,-0.191192148,-0.124775593,-0.723630241,-0.238577528,0.100731436,0.531376015,-0.48625509,-0.041463198
IRIS_313-11059,-0.160663209,-0.150006534,-0.064386006,-0.223886055,0.201690133,-0.151680324,0.357461092,1.011351003,-0.043621821,-0.082324929,-0.117534725,-0.038116606,-0.056148534,0.059095291,-0.007817528,-0.018855614,0.103824455,0.547059237,0.089750842,0.414499047,-0.003874063,-0.203889362,-0.152007592,-0.063511237,-0.105472175,0.004498264,0.290134563,-0.117586822,-0.17131161,-0.253788278,-0.006835634,0.318587261,-0.317596716,-0.046909241
IRIS_313-11060,-0.800077821,0.39009526,-0.841489626,-1.265831537,0.473023171,-0.174713321,-0.533178946,-0.238775939,-0.517862191,-0.071046281,0.212723579,-0.607437587,-0.479584933,-0.272154382,-0.009245561,-0.491884016,0.13806121,-0.318777198,0.122261252,-0.898929973,-0.007587391,-0.398325148,-0.282052324,-0.049253936,-0.022004459,6.18E-04,-0.559002397,-0.229241424,-0.948187691,-0.024078251,-0.43341506,0.314019209,-0.483258848,-0.05087578
IRIS_313-11061,-0.702932855,0.224942812,-0.776062437,-1.06342513,0.465468644,-0.157393226,-0.561999945,-0.028293364,-0.974521648,-0.038977734,0.723772208,-0.969695905,-1.108257989,-0.707301676,-0.00757768,-0.585121906,0.306103443,-0.355301349,0.330632978,-0.664679366,-0.006880975,-0.321162346,-0.239484027,-0.036549521,0.301459926,1.23E-04,-0.633866627,-0.197576327,-1.147595086,-0.050412829,-0.381335647,0.383929689,-0.456763058,-0.03917269
IRIS_313-11062,-1.146494863,0.319695656,-0.812548259,-0.170313255,0.420895577,-0.188015648,-0.151638471,0.09433638,-1.065544571,0.192961006,0.97931131,-0.945406937,-1.214048742,-1.169306414,-0.014526288,-1.190110369,0.522001993,0.340980149,0.707423491,-1.012975038,-0.015318829,-0.320790715,0.256808811,-0.066245599,-0.074709377,0.004944497,-0.802461211,0.102814109,-0.309624058,-0.428395174,-0.80269031,-0.251022051,0.076276319,0.001752723
IRIS_313-11063,-0.298897389,-0.04406225,-0.903675279,-0.586512079,0.150776432,-0.305626288,0.184098939,-0.844141403,-0.737161977,-0.009007554,0.842595833,-0.651751876,-0.833852259,-0.800617214,-4.62E-05,-0.728069341,0.10198296,-0.161873824,0.082586744,-0.755399315,-0.007631313,-0.016345251,-0.367346677,-0.117593311,0.206779942,0.006256482,-0.677550765,-0.291984193,-0.130477039,-0.165087918,-0.800285302,-0.272530235,0.287207377,-0.058087599
IRIS_313-11064,-0.520074009,NA,-0.924313745,-0.614703737,NA,-0.306297361,-0.388865964,-0.651323921,-0.781029003,NA,0.846174452,-0.714924806,-0.910772047,-0.886226531,NA,-0.795833075,0.131085363,-0.171596072,0.122920569,-0.929720058,-0.008092694,-0.081277219,-0.335223435,-0.116422343,NA,NA,-0.739080216,-0.268948296,-0.193211076,NA,-0.812258279,-0.197784365,NA,-0.059046383
IRIS_313-11065,-0.386427191,-0.058658037,-1.02736826,-0.676686049,0.156935845,-0.328515987,-0.057055924,-0.800217079,-0.603480286,-0.010087637,0.66632197,-0.512510429,-0.665122689,-0.675536096,-8.09E-04,-0.66295822,0.06903306,-0.108995021,0.0411349,-0.83520947,-0.008440606,-0.060180665,-0.363145409,-0.126397428,0.130584253,0.006693217,-0.59819104,-0.289573503,-0.029374279,-0.156577204,-0.866717767,-0.287738346,0.267988316,-0.060409184
IRIS_313-11066,-1.028424102,0.279318199,-0.679251598,-0.422733386,0.406278638,-0.174406347,1.080968529,0.137734366,-1.061680432,0.169250443,0.972660936,-0.896915942,-1.135369771,-1.037616787,-0.01341152,-1.045061014,0.536170793,0.433887739,0.697548502,-0.819246289,-0.015153424,-0.305250281,0.221422819,-0.057787396,0.061861132,0.004434776,-0.615143235,0.090244369,-0.460817636,-0.396084269,-0.66145142,-0.298467493,0.131809325,-0.002346259
IRIS_313-11067,-0.344216512,-0.093221656,-0.907473191,-0.325600594,0.177002336,-0.340483508,1.215499932,-0.688296002,-0.550704559,-0.012408462,0.313005562,-0.217878285,-0.594098479,-0.404054821,-0.002827745,-0.513176024,0.089690371,0.005880943,0.08830066,-0.709807677,-0.008833347,-0.087832239,-0.308389623,-0.13648732,0.043151171,0.005959013,-0.417453402,-0.26815321,0.234339585,-0.149902061,-0.845437459,-0.292631572,0.118826168,-0.059457421
IRIS_313-11068,-1.001144608,0.299728536,-0.707981417,-0.146118389,0.304818169,-0.186061481,0.36940359,0.045807348,-0.708692868,0.189452216,0.780642074,-0.719955221,-0.787198256,-0.891959095,-0.012924132,-0.899639269,0.419265009,0.181686414,0.593783182,-0.82280176,-0.015472135,-0.332332825,0.228871444,-0.071354993,-0.035973999,0.004461653,-0.635247333,0.078452933,-0.223531616,-0.401945221,-0.733964907,-0.138798201,0.090731572,0.003849865
IRIS_313-11069,-0.992090851,0.307047334,-0.518848772,-0.187782371,0.422117149,-0.158711482,0.614075437,0.218486466,-0.934948576,0.190311093,0.911131363,-0.707930368,-1.002386005,-0.896419467,-0.013740213,-0.90999035,0.526755254,0.479895355,0.727966596,-0.730710925,-0.015546532,-0.31876706,0.281013211,-0.055576062,0.037151477,0.004617788,-0.478344443,0.118849497,-0.188258086,-0.395959445,-0.579044083,-0.278025038,0.17894017,7.75E-04
IRIS_313-11070,-1.120396771,0.298033524,-0.788838422,-0.590615917,0.422559293,-0.175070314,0.848039225,0.012004261,-1.199598688,0.180088009,1.068529523,-1.103088833,-1.315164534,-1.236387612,-0.0146303,-1.094489555,0.588271692,0.357177051,0.769663814,-0.996555151,-0.015724126,-0.33082496,0.268241207,-0.052235178,0.12944413,0.003657449,-0.691124911,0.120955838,-0.562451536,-0.404014396,-0.691720867,-0.290336582,0.100996803,-0.003199611
IRIS_313-11111,-0.132362441,-0.11339543,-0.098181076,-0.049394382,0.202751779,-0.167912481,0.3258463,1.10683987,0.015394474,-0.122896046,-0.072137698,0.10961412,0.170797352,0.198912819,-0.005713405,0.220271444,0.089136016,0.545582241,0.031996893,0.539388183,-0.004826762,-0.24564451,-0.119126253,-0.072970738,0.015369437,0.004315592,0.52266359,-0.091170045,-0.03737211,-0.235313144,-0.081939099,0.329573377,-0.368321889,-0.045609209
IRIS_313-11112,0.078631179,-0.531149878,0.225222964,0.21572331,-0.204932427,-0.097701431,1.144026248,0.581505002,0.152903362,-0.1154697,-0.597762572,0.382575696,-0.035228223,0.350359417,-0.001861168,0.296919671,-0.172705217,0.340966184,-0.148352802,0.435729499,-0.001938546,-0.091564529,-0.231200124,-0.073865393,0.485207466,0.00601799,0.39994449,-0.159255229,0.313936727,-0.021051215,0.117942268,0.15169473,-0.34312484,-0.024370162
IRIS_313-11113,0.376258878,-0.209202322,0.545338887,1.069204163,-0.137086174,0.183788548,0.178580902,0.182732773,0.650134651,-0.003590994,-0.525951373,0.668217224,0.887106533,0.437656599,0.00941227,0.70421608,-0.226572048,0.1994527,-0.33200027,0.507764918,0.003999543,0.054356288,0.131867339,0.058519532,-0.403215962,-0.002010392,0.938733865,0.123962861,0.822086836,0.141760197,0.228902492,-0.138462479,-0.013092407,0.042770319
IRIS_313-11114,0.610416936,0.188695325,0.35175559,-0.590268074,-0.160106912,0.208410491,-1.12998549,-0.32032634,0.4130798,0.052726327,0.092709984,0.188863888,0.455085302,0.300901467,0.007521639,0.111435893,-0.134189059,-0.092802945,-0.151527703,0.441719434,0.0105873,0.406301556,0.238082878,0.114895257,-0.296178115,-0.00463622,0.040374982,0.211505933,-0.027459942,0.208939524,0.622988044,-0.25835652,0.630439089,0.031267709
IRIS_313-11115,0.074554175,-0.305648027,0.246306825,0.559026989,-0.297195694,0.126433937,0.389676076,-0.057889562,0.712303376,-0.032961092,-0.482127615,0.511115401,0.891367438,0.329561495,0.006807072,0.256063095,-0.191048098,-0.048089939,-0.25044543,-0.035751708,0.00465413,0.063619865,0.175325496,0.049120821,0.219642643,-0.003588687,0.155576217,0.1676621,0.744748559,0.116322594,0.109165525,-0.04645665,-0.04923229,0.032358319
IRIS_313-11116,-0.073887978,-0.075514895,-0.085580909,-0.465478091,-0.101680246,-0.188623811,0.862246696,0.812853003,0.224768275,-0.107347913,-0.637575853,0.676086741,0.108949897,0.75537587,-0.002359307,0.329758225,-0.123181982,0.531427361,-0.137242181,0.424742484,-0.004341327,-0.178115794,-0.220100358,-0.090821757,0.164240051,0.008146377,0.712866054,-0.160926745,-0.084540689,-0.077693873,0.019326688,0.101066031,-0.036838807,-0.036396084
IRIS_313-11123,0.206876642,-0.35930536,0.20211612,0.435276992,-0.280104723,-0.087587483,-0.398922211,0.523117346,0.181051336,-0.096784804,-0.524706536,0.186526241,0.0204461,0.149408766,-0.002198325,0.08106051,-0.193435639,0.249587056,-0.188612397,0.593385538,2.25E-04,0.011551804,-0.21221719,-0.07429805,0.174693701,0.00582373,0.171210089,-0.150719393,0.192347031,-0.022305516,0.020980943,0.142077525,-0.453480493,-0.01922625
IRIS_313-11124,0.104339979,-0.245949542,0.084386193,0.213184983,-0.334448125,-0.073074201,-0.247663484,0.381653908,0.175801147,-0.041485108,-0.366186285,0.137693289,0.051270188,0.108268877,-0.001494345,-0.045973741,-0.143334953,0.282375928,-0.115581411,0.363079004,-6.25E-04,0.006214105,-0.099629348,-0.059594887,0.218061407,0.004774496,0.103763314,-0.079288489,0.163835984,-0.025848328,-0.028889441,0.017704612,-0.259653026,-0.010245702
IRIS_313-11154,-0.186204731,-0.096950669,-0.104487827,-0.261438022,0.344201882,-0.211244496,0.397679657,0.614423719,0.064351602,-0.090432021,-0.276144341,0.282321304,0.31205561,0.370233035,-0.008012222,0.358827355,0.077261884,0.42471719,-0.011375389,0.198557698,-0.008258951,-0.306999912,-0.085430764,-0.084470847,0.063531249,0.004255288,0.56966949,-0.067152718,0.051212267,-0.189058839,-0.019379692,0.114522267,-0.335808336,-0.055628386
IRIS_313-11163,-0.035506374,-0.121423486,-0.338167676,-0.440036135,-0.107330768,-0.19838237,0.085446722,0.28292836,-0.153266889,-0.026044235,-0.011412237,-0.284922803,-0.244760237,-0.18489009,-0.003636972,0.216965762,0.034569466,-0.317164217,0.030543823,0.114395216,-0.003141854,-0.125377617,-0.26452064,-0.086247102,0.081277054,0.004037474,-0.074790118,-0.202836803,-0.380029861,-0.212727793,-0.250322886,0.418378106,0.131204832,-0.044736744
IRIS_313-11203,0.520505867,0.067716345,0.249244856,0.210707193,-0.207809359,0.20009558,-1.342327201,-0.456159062,0.28170934,0.076113725,0.062435202,0.007744965,0.357501743,-0.057878963,0.00720416,-0.081492517,-0.138458797,-0.036895524,-0.166400826,0.193179743,0.009936973,0.392887071,0.13951062,0.092892108,0.047264992,-0.005772233,-0.096960522,0.135110603,0.243262567,0.27979845,0.243022317,-0.326780754,0.425071592,0.041789621
IRIS_313-11204,0.325882078,0.058446998,0.460128305,0.3896454,-0.075508552,0.125811333,-0.593220373,0.258230964,0.855295266,0.010895327,-0.414979188,0.611468064,1.168205086,0.515433442,0.003413814,0.105560435,-0.214639037,0.328448075,-0.302616625,0.403579382,0.006146831,0.209068342,0.105021004,0.04294569,-0.127174808,-1.54E-04,0.268756904,0.092551084,0.369999558,0.197478643,0.363614278,-0.210222233,0.246278457,0.023769928
IRIS_313-11205,0.603837563,-0.223216396,0.609195572,0.608568885,-0.388213844,0.190069247,0.561423376,-0.202927236,0.48296755,0.07416859,-0.362310648,0.874034182,0.371596889,1.097502003,0.009408259,0.488034195,-0.195649876,0.135450703,-0.198594916,0.485886657,0.008122398,0.325086791,0.120887774,0.050041466,0.345186946,-0.006681744,0.466174156,0.12811337,0.068555813,0.250118369,0.401157519,-0.340946398,0.114497032,0.052089672
IRIS_313-11206,0.142687517,-0.180841875,0.137839062,0.199813294,-0.161789054,0.161802829,4.64E-04,-0.130511425,0.490323389,0.04031313,0.04131458,-0.085007724,0.650373573,-0.225586154,0.003691576,-0.116236497,-0.176088165,-0.00422446,-0.249335052,0.001513399,0.00649002,0.195396454,0.129344352,0.078250053,-0.039082763,-0.003038603,-0.084114554,0.131413257,0.399924385,0.176581655,0.115838565,-0.170206489,0.567342835,0.034120889
IRIS_313-11207,0.502006005,-0.261585562,0.510432565,0.616803017,-0.119454059,0.217364522,0.419135347,-0.068578137,0.872478702,0.011011895,-0.269332182,0.283835426,0.972489563,0.02728947,0.008055257,0.334876427,-0.219257171,0.042527059,-0.308962786,0.524227798,0.008329404,0.272188381,0.161001906,0.087487046,0.194306803,-0.002896761,0.31075249,0.153386881,0.863142784,0.22825476,0.324184203,-0.157482781,0.147874063,0.035548241
IRIS_313-11208,0.38146162,-0.117482071,0.21723591,0.661839862,-0.117145694,0.128224608,-0.14314744,-0.407969815,0.153570792,0.035568021,-0.046755306,0.545699263,0.162584607,0.124850442,0.008442737,0.240080836,-0.066240955,0.233987181,-0.067936002,0.082127678,0.004590053,0.25233843,0.122186184,0.051555149,0.371116698,-0.007584627,0.386830538,0.122031708,0.900949198,0.124587247,0.054567277,-0.485705338,0.253589222,0.039089575
IRIS_313-11210,-0.691934968,0.389796318,-0.706376182,-0.699660743,0.460469142,-0.13142847,0.516247005,-0.151179835,-0.911866096,-0.008465829,0.573638285,-0.99544254,-1.106581986,-0.849224865,-0.00844399,-0.399585703,0.336624719,-0.609017913,0.403288175,-0.713251035,-0.006713853,-0.348427145,-0.156091679,-0.027503607,0.284568019,0.00188716,-0.684510343,-0.139707867,-1.011764951,0.002871937,-0.432949048,0.478156474,-0.210965048,-0.03073983
IRIS_313-11211,0.495734669,0.103582738,0.200425726,0.463974934,0.019195393,0.172487691,-0.423455612,-0.191976543,-0.04180935,0.058910556,0.198374338,-0.084185586,-0.051205648,0.042388786,0.009866812,0.192919498,-0.084377337,-0.077816039,-0.086266084,0.416893931,0.008208706,0.307093376,0.071296589,0.069835566,-0.538262306,-0.003018524,0.134718579,0.061401379,-0.223863594,0.167534698,0.156515604,-0.212897802,0.242878009,0.043793988
IRIS_313-11212,0.280589806,0.067606191,-0.043292754,0.077244409,-0.135216649,0.081333222,-1.136949283,-0.613030686,0.152975482,0.048501532,-0.288611351,0.385479107,0.158869811,0.369639851,0.00684409,0.254311121,-0.125471344,0.047774043,-0.146304776,-0.168660943,0.003917737,0.179721775,0.082807534,0.042801128,-0.51342345,-0.003766542,0.275302301,0.085724446,0.314749816,0.161463684,-0.009571561,-0.44312872,0.105879842,0.028766333
IRIS_313-11213,-0.326479678,0.313472102,-0.109986952,-0.327778148,0.453293947,-0.148513399,0.599188976,0.340425563,-0.298474164,-0.069630028,-0.051808974,0.060285012,-0.108727349,0.237811731,-0.008895144,0.007065342,0.192647667,-0.025660651,0.137544498,-0.055513372,-0.006898488,-0.326923925,-0.175856648,-0.048861149,-0.415903614,0.003590286,-0.015872486,-0.146071666,-0.277613307,-0.106251876,-0.012461597,0.301217821,-0.352692705,-0.045811664
IRIS_313-11214,-0.157200014,-0.135856224,-0.940016364,-0.496422351,-0.168277483,-0.284146241,-0.881618537,-0.239930379,-0.368617959,-0.068066563,0.286682453,-0.259172,-0.41879641,-0.172371441,-0.001663864,-0.192725411,0.043511979,0.238129644,0.019216999,-0.286139425,-0.005674148,-0.07844134,-0.186121561,-0.129690801,0.028771177,0.005321616,-0.062647077,-0.131002024,-0.28036787,0.015294227,-0.732306321,-0.224414608,-0.37774891,-0.040868862
IRIS_313-11216,0.084187262,-0.555168556,0.40572539,0.85663777,-0.239632889,-0.080673721,0.807830927,0.438641644,0.486255004,-0.123762105,-0.552435451,0.676549527,0.38445915,0.458625299,-0.003542482,0.365858412,-0.20707599,0.385647682,-0.230658134,0.372110085,-0.003083267,-0.119344647,-0.212179668,-0.075380592,0.705772065,0.005531773,0.572308619,-0.150840688,0.50217339,0.004773342,0.138345661,0.046837804,-0.405687572,-0.018018512
IRIS_313-11217,-0.466521739,0.11375231,0.339561306,1.057868879,-0.090983341,-0.097285898,0.816494773,0.303864144,0.759462141,0.085597851,-0.39087071,0.943624939,0.721702004,0.507202602,-0.006270356,0.039426183,4.19E-04,0.092492542,0.218540724,-0.20178255,-0.012360894,-0.316279594,0.345914011,-0.073482859,0.039451344,1.62E-04,0.060842489,0.131711279,0.952359241,-0.331092697,-0.140342593,0.050686956,0.094463695,0.019801933
IRIS_313-11218,NA,0.335529051,NA,NA,-0.044227313,NA,-1.715331646,NA,NA,0.142320414,NA,NA,NA,NA,-0.012548647,NA,NA,NA,NA,NA,NA,NA,NA,NA,-0.029537908,0.001933317,NA,NA,NA,-0.339280986,NA,NA,0.367142456,NA
IRIS_313-11219,0.304479758,-0.302169469,0.503781741,0.786408425,-0.456327139,0.152769236,0.400156699,-0.060737828,0.44046938,0.052077968,-0.359108973,0.863496205,0.403604657,0.64099584,0.009832336,0.120849868,-0.138917694,0.236473805,-0.128790367,0.193561474,0.006429059,0.270125249,0.127527602,0.044732088,0.469675762,-0.005164761,0.226317659,0.115411348,0.595359719,0.117627141,0.24482187,-0.35536633,0.119582479,0.043871487
IRIS_313-11220,0.502344757,NA,0.229542863,-0.181619972,NA,0.199040393,-0.545801219,-0.425465893,-0.277436062,NA,0.304725675,-0.318990712,-0.338071284,-0.252014697,NA,-0.156228963,-0.030521763,-0.113418135,-0.031999706,0.196275911,0.009478006,0.375056764,0.068300449,0.094502025,NA,NA,-0.171302996,0.063477184,-0.256142206,NA,0.288161896,-0.250575275,NA,0.033147859
IRIS_313-11221,0.427834417,-0.022578486,0.181688588,0.434394721,-0.315986806,0.17629413,-0.449800936,-0.673442897,0.09177824,0.011723253,-0.188466722,0.045032742,0.329320065,-0.101931965,0.00897839,0.135563714,-0.11681382,-0.18121704,-0.223706322,-0.022823466,0.007612979,0.334320938,0.075390656,0.074435725,0.028548493,-0.005495913,-0.033728328,0.099408358,0.417629995,0.218482122,0.072162455,-0.336306373,0.004676245,0.040513123
IRIS_313-11222,0.335749378,-0.137528363,0.32855657,0.49073453,-0.29903296,0.11573227,-0.023478578,-0.443472729,0.402208279,0.126410232,-0.333189658,0.682267739,0.311764403,0.603360055,0.008855146,0.440104727,-0.235210339,0.012345827,-0.260940861,-0.063574636,0.004637087,0.179485877,0.022168727,0.034158743,0.306280095,8.24E-04,0.288124176,0.061381498,0.652028455,0.165762621,0.184251143,-0.343680521,0.045193213,0.036860759
IRIS_313-11223,-0.433049312,0.179569293,-0.138730811,0.163622138,-0.104554181,-0.042712641,1.141400896,-0.059523631,0.015838241,0.151133686,0.082738113,-0.081595555,-0.122193844,-0.08606195,-0.002481489,-0.272481269,0.094956476,0.116430033,0.243995695,-0.422900986,-0.007464403,-0.141217469,0.251461676,-0.031837285,-0.022580821,0.003163525,-0.160574503,0.120027242,-0.095108335,-0.244897393,-0.281652198,-0.177606174,0.164871062,0.027714977
IRIS_313-11224,0.593583359,0.033648126,0.311837692,1.068215898,-0.186640664,0.168883057,-0.117417865,-0.786033895,0.366677596,0.027071953,-0.657568733,0.46800001,0.484202489,0.174027584,0.008671604,0.207529304,-0.146384577,-0.138653901,-0.218899198,0.216512541,0.007328718,0.411187693,0.086609557,0.061460475,-0.028479632,-0.00668488,0.081419899,0.097777537,0.654286485,0.182156985,0.05328488,-0.41334094,-0.061521784,0.048290515
IRIS_313-11225,NA,0.006097806,NA,NA,-0.214279951,NA,-0.942169102,NA,0.329322717,0.088967496,-0.114386547,NA,0.322278993,NA,0.007852488,NA,NA,NA,NA,NA,NA,NA,NA,NA,0.383007295,-0.004245541,NA,NA,NA,0.148762853,NA,NA,0.282672488,NA
IRIS_313-11226,0.249898967,-9.65E-04,0.157625962,0.324215884,-0.12615649,0.187825327,NA,-0.261638142,0.121072636,0.027379085,0.084192469,-0.233024233,0.203480997,-0.320927046,0.00981274,-0.401357382,-0.113603276,0.163186063,-0.180896457,0.017466965,0.008103243,0.332207913,0.083504448,0.08172766,-0.65354908,-0.003402812,-0.169799266,0.089814384,0.083446076,0.205379586,0.076212821,-0.385484009,-0.078989616,0.043402781
IRIS_313-11227,0.178420375,0.155262743,0.045835466,0.478874511,-0.106927032,0.210308084,-0.570668988,-0.577920436,-0.184453943,0.113573289,0.214874135,-0.163420126,-0.401016752,-0.297917502,0.009962019,0.180841087,-0.032865536,-0.268779288,0.021248705,-0.253748866,0.00731831,0.296802415,0.038230734,0.07984895,0.123547885,-0.010509342,-0.098897109,0.053451943,0.300554036,0.179190958,-0.069302965,-0.168975164,0.356336292,0.04546279
IRIS_313-11228,0.383404888,-0.037105077,0.310476695,0.466581322,-0.234574375,0.188208304,-0.573347262,-0.24882467,0.243555254,0.050759278,-0.158587325,0.014755803,0.332571525,-0.053193233,0.009524601,-0.062823678,-0.131797542,0.15681981,-0.184365313,0.187278969,0.007875583,0.330226767,0.095372469,0.074989544,-0.332108076,-0.0033299,0.049292354,0.10384897,0.214856143,0.178203171,0.17208363,-0.365814943,0.088924173,0.042788161
IRIS_313-11229,0.769972078,0.055667562,0.450014176,0.676415289,-0.153676656,0.174189223,0.536370385,-0.305336413,0.217752975,0.056220537,-0.316068317,0.556988633,0.165722381,0.443698195,0.009260668,0.647298253,-0.156153871,-0.033727353,-0.186973945,0.662452855,0.008895889,0.346125183,0.075821519,0.06066952,0.197720993,-0.003009515,0.495829989,0.095447454,0.620060495,0.246673941,0.249638578,-0.238204436,0.253056606,0.041377287
IRIS_313-11230,0.155861533,0.152597388,0.012248481,0.425324803,-0.11400689,NA,-0.738392519,-0.57112295,-0.17089834,0.11861202,0.189877419,NA,-0.391901803,NA,0.009754685,NA,-0.037360243,NA,0.015031163,-0.281137845,NA,NA,0.033978173,NA,0.143034406,-0.010414905,NA,0.051737303,NA,0.182908815,-0.085050307,NA,0.360706971,NA
IRIS_313-11231,0.402980428,0.101951481,0.148031879,-0.235913127,-0.21635054,0.167323952,-0.512749256,-0.602082522,0.165932078,0.068388691,0.119979208,0.01962211,0.220383849,-0.167389626,0.005925835,-0.461821957,-0.169308909,-0.029716229,-0.222545975,-0.044488577,0.008641655,0.387243669,0.026317292,0.090777558,-0.132863095,-0.002888091,-0.333662719,0.050817183,0.637184204,0.123964744,0.237222044,-0.376498477,0.16467431,0.027759021
IRIS_313-11241,0.136143345,-0.020177031,0.082269824,0.249154678,-0.160673635,0.166908242,-1.03618326,-0.324721728,0.071492373,0.020208745,0.165213826,-0.234615655,-0.008968376,-0.321847968,0.0039874,-0.15411496,-0.053966996,-0.208210616,-0.028646055,-0.129961847,0.006423095,0.185059882,0.209438531,0.072533055,-0.460879155,-0.001572587,-0.216767245,0.178985217,0.097685028,0.109816808,0.041304176,-0.069263494,0.327012832,0.037262292
IRIS_313-11321,0.4455336,-0.081922738,0.051656269,0.053364849,-0.059360711,0.181064987,-0.932308119,-0.356460275,0.297666589,0.045272072,0.346736507,-0.162046169,0.837594805,0.041869,0.004409373,-0.041224701,-0.101359181,-0.102758854,-0.193149048,0.188978309,0.009355336,0.337100215,0.237531147,0.075111551,0.214000226,-0.00262153,-0.074207378,0.20839908,-0.402812744,0.158149675,0.108593629,-0.222172709,0.131850857,0.046122319
IRIS_313-11322,-0.633976115,0.243012809,-0.564822932,-0.936333691,0.333470998,-0.132261953,0.250164331,0.318968552,-0.706565499,-0.073988606,0.448292368,-0.487340529,-0.695789305,-0.222601298,-0.008516848,-0.174766394,0.309203658,-0.220886371,0.356214598,-0.433896647,-0.006500426,-0.390013207,-0.124108196,-0.036069563,-0.071980743,7.67E-04,-0.260766457,-0.129371437,-0.78083835,-0.110667931,-0.199111608,0.469002323,-0.412783238,-0.043838697
IRIS_313-11323,-0.214027092,0.071408214,-0.344591109,-0.390940698,0.334735842,-0.200854149,-0.051859384,-0.12448938,-0.501559409,-0.044874131,0.060498247,-0.132885273,-0.596301786,0.031755771,-0.003626504,0.262605857,0.128536607,-0.238496953,0.131010132,-0.231633338,-0.006626729,-0.260810333,-0.237106801,-0.084353906,0.032626324,0.007110764,-0.014735685,-0.185869355,-0.318787037,-0.063917301,-0.247391334,0.225004611,-0.301595096,-0.044530041
IRIS_313-11324,-0.563285875,0.374869549,-0.398241427,-0.617739162,0.540050579,-0.1511581,0.286820311,0.273894495,-0.649970435,-0.091734862,0.412784209,-0.458551064,-0.538290074,-0.375805836,-0.007634231,-0.054687512,0.236935053,-0.118238566,0.205147809,-0.4049366,-0.008045519,-0.393163121,-0.210844818,-0.040500858,-0.193397906,0.003728638,-0.122844175,-0.180019687,-0.335258817,-0.15707337,-0.182017574,0.324989164,-0.284870638,-0.049105194
IRIS_313-11326,0.49295786,-0.108064605,0.312729636,-0.00487287,-0.321233658,0.187163437,-1.378514418,-0.632222414,0.52864384,0.038823203,-0.006956921,0.146295555,0.587262384,0.301586104,0.003359628,0.265370692,-0.123141764,-0.381744861,-0.097941396,0.037275343,0.006416609,0.305762949,0.249942157,0.091656149,-0.394783663,-0.002928427,0.046333929,0.203394204,-0.227378952,0.169408314,0.401994518,-0.192185036,0.245993657,0.042228462
IRIS_313-11399,0.579939032,-0.196645775,0.405659616,0.535676364,-0.436225689,0.165381009,0.802512741,-0.282491174,0.458750018,0.044877316,-0.121211232,0.524647132,0.539858789,0.370008652,0.007698382,0.30425167,-0.156917716,-0.004935828,-0.203563699,0.387569748,0.008510195,0.336327664,0.154401689,0.061773092,0.387669836,-0.004420171,0.223016492,0.155129848,0.654548613,0.212209986,0.234738568,-0.240492606,0.121800567,0.038935906
IRIS_313-11400,0.302593937,-0.19244133,0.101719532,0.228288715,-0.079076702,0.151539008,-0.795706939,-0.206869479,-0.195328895,0.047313616,0.400771076,-0.176870719,-0.246613975,-0.335156445,0.007998318,-0.088968833,-0.001745926,0.253602403,0.013168825,0.116056894,0.005738046,0.27530454,0.109092899,0.062707949,0.688157475,-0.006658541,0.110643211,0.108729154,0.076242337,0.100127363,0.041824067,-0.423949954,0.224635784,0.043342281
IRIS_313-11401,-0.496911497,0.281212655,-0.218812342,0.307161151,-0.18725945,-0.146052426,1.83208942,0.105067114,0.134157695,0.156284886,0.11548877,0.002680905,0.108133812,-0.151599229,-0.006516081,-0.341451493,0.183533586,0.223106247,0.501895583,-0.224902646,-0.012907925,-0.233865112,0.413072072,-0.076401971,0.096837611,0.00547554,-0.162674036,0.13509722,0.191625154,-0.464992833,-0.456576369,-0.141460046,0.350142333,0.015761686
IRIS_313-11402,0.623672224,0.109088151,0.61408021,0.849534477,-0.310035071,0.191433315,-0.071228581,-0.215910851,0.53894551,-0.015701014,-0.50888877,0.937636344,0.535254406,0.607573737,0.006380847,0.552313125,-0.167167662,-0.133365492,-0.187044409,0.550564938,0.008175356,0.298651932,0.176651673,0.071883289,0.024716458,-0.005004849,0.398202472,0.168732641,0.888230937,0.260986013,0.357183529,-0.131987142,0.373390941,0.041081428
IRIS_313-11404,0.162444929,0.213915289,-0.119594538,-0.527189037,-0.061754088,0.138973498,-0.911952083,-0.362145105,0.507025703,0.058849727,-0.034831396,-0.062990928,0.589232233,0.200300181,0.006360483,0.366111068,-0.148931391,-0.370481027,-0.196823101,-0.220006087,0.006222543,0.133342125,0.158283171,0.076787033,-0.121365144,-0.006091447,-0.003949075,0.15669931,-0.37363042,0.174403828,0.187223386,-0.073801694,0.499974576,0.035011613
IRIS_313-11481,-0.308019561,0.145244037,-0.308132468,-0.550584696,0.226657206,-0.131064848,0.429532125,0.459282748,-0.474058646,-0.088181029,0.339717979,-0.369469193,-0.490905566,-0.076894488,-0.008048548,-0.104305609,0.208979124,-0.049593939,0.214230265,0.02291696,-0.00439814,-0.264763858,-0.189618231,-0.046941723,-0.082198716,0.001661971,-0.115965276,-0.154405952,-0.726802357,-0.174980107,-0.107492022,0.459900123,-0.352181386,-0.040478378
IRIS_313-11482,-0.276153622,-0.004489889,-0.356275404,-0.592429805,0.087135473,-0.184020915,0.700783474,0.588724792,-0.186935113,-0.090199918,-0.383797845,0.051939324,-0.299897757,0.295713724,-0.003557361,0.053112569,-0.050155858,0.202133681,-0.061400775,0.012830853,-0.004245612,-0.206030325,-0.230224435,-0.088360193,0.117523376,0.00736487,0.206601194,-0.166218213,-0.465253689,-0.043906921,-0.171890839,0.213513569,-0.129506602,-0.033523479
IRIS_313-11483,-0.353791975,0.261286622,-0.107561305,-0.407075008,0.472676585,-0.102253902,1.214158925,0.423917164,-0.450149798,-0.090233889,0.255978734,-0.189615723,-0.319248298,0.04724115,-0.006799686,-0.062231553,0.231211295,-0.175423279,0.207520157,-0.069289506,-0.005439387,-0.318016092,-0.159739339,-0.03220768,-0.241553698,0.00264483,-0.153081369,-0.135216565,-0.524814781,-0.155506809,0.035302245,0.48242397,-0.47386811,-0.04001827
IRIS_313-11484,-0.00626705,-0.6590797,0.16203555,-0.043446332,-0.310121855,-0.107275366,0.830536196,0.809272244,0.23976931,-0.123932053,-0.295101798,0.676980816,-0.126302015,0.603392953,-0.002472733,0.226853367,-0.142588208,0.580066133,-0.047081556,0.441774335,-0.002059419,-0.099070785,-0.096810846,-0.064872126,0.185874755,0.004119168,0.541615431,-0.091445148,0.362444822,-0.148952054,0.14656653,0.044599107,-0.543913909,-0.025046219
IRIS_313-11486,0.042341583,-0.124550581,-0.258330193,-0.255917817,-0.219450798,-0.004538097,0.659617705,-0.221539439,-0.013910205,-0.029619283,0.054809027,-0.219081341,-0.105751238,-0.185759925,-2.42E-04,-0.015245678,-0.076824492,-0.093103775,-0.07250852,-0.144017745,0.001763043,0.053213464,-0.027368992,-0.005217466,-0.287691242,0.001422021,-0.083309042,-0.006978625,-0.161536181,0.096499416,-0.132594466,-0.034585462,0.163024491,0.005180075
IRIS_313-11487,0.221120773,-0.301793685,0.736920117,0.534239722,-0.328418466,0.210476002,0.328519634,0.515471238,0.775536581,-0.063799268,-0.728814502,0.660296637,0.912592639,0.596596888,0.008396313,0.414805929,-0.216550527,0.29618936,-0.263305418,0.47364086,0.004949993,0.076229986,0.161311049,0.074196508,-0.614315183,-9.84E-04,0.592794056,0.142810407,0.509975275,-0.039878014,0.546009821,-0.014091849,-0.289195721,0.03185035
IRIS_313-11557,-0.431659514,0.147513057,-0.845687854,-0.978567095,0.2245008,-0.281822211,-0.008787628,-0.230471753,-0.244490229,-0.098096433,-0.190181048,-0.091374495,-0.259284035,0.044775506,-0.006480534,-0.254870212,-0.059657287,0.380336582,-0.140462498,-0.620909491,-0.008836337,-0.243546989,-0.273497779,-0.1181671,0.086414133,0.003702185,0.0036968,-0.216736714,-0.227457086,-0.12582467,-0.53255177,-0.221686131,-0.344735712,-0.064625614
IRIS_313-11558,0.481538372,0.166889234,0.340916815,0.439744073,0.045985937,0.214048859,-0.734614071,-0.202894722,0.060387053,0.062249424,0.16798754,-0.115094068,0.026051917,-0.160649661,0.006131096,-0.23433433,-0.073077847,0.289276577,0.014124609,0.389426406,0.008820861,0.382690397,0.229592036,0.091790867,-0.56483279,-0.001124253,0.020857091,0.127578195,0.123611548,0.141078199,0.220420331,-0.451154827,0.308266138,0.042826453
IRIS_313-11722,0.461520591,0.008063148,-0.26609324,-0.876254727,-0.351373925,0.129158458,-1.133106774,-0.97029881,0.244367012,0.093600443,0.020818713,-0.323253833,0.253579875,7.29E-04,0.004649067,0.260329844,-0.088680976,-0.633791451,-0.082659717,-0.283525554,0.00725406,0.303423903,0.218011757,0.080453747,-0.506321765,-0.004200593,-0.316745793,0.185881401,-0.736638582,0.187287487,0.206263092,-0.141737604,0.549328626,0.030973401
IRIS_313-11945,0.246452417,0.07281473,0.481639385,0.54227567,-0.109342143,0.19205687,-0.400617831,0.213405688,0.645910268,0.050144772,-0.637081237,0.52656895,0.703850162,0.408751484,0.007380373,0.456344165,-0.232082477,-0.002590314,-0.312885505,0.306079234,0.006252313,0.111089394,0.116341875,0.072413321,-0.017591252,-0.001287158,0.363998773,0.120719966,0.617697992,0.293330783,0.321764924,0.016191835,0.354147608,0.036127004
IRIS_313-11964,0.452805757,0.443224617,-0.283610465,-0.388378979,-0.212611838,0.13046224,-1.127870523,-0.68079043,0.501615723,0.038166074,0.281990781,-0.30985571,0.514557611,-0.338461721,0.008781345,-0.188494338,-0.188928471,-0.147891299,-0.241626843,-0.043461785,0.00816901,0.356857297,0.096569054,0.074885173,-0.894158912,-0.002349679,-0.192905108,0.094310142,0.005883518,0.163474651,-0.056730302,-0.357587275,0.679087174,0.027614968
IRIS_313-12002,-0.465243498,-0.005725932,-0.993920349,-0.819301258,0.186501437,-0.307760791,-0.338762431,-0.677615572,-0.721313932,-0.005307855,0.778744971,-0.756321012,-0.783483729,-0.794815354,-0.002304203,-0.64013969,0.083533153,-0.328104689,0.052714465,-0.85258987,-0.008000052,-0.095463666,-0.375406814,-0.115723919,0.189187915,0.006483408,-0.738062953,-0.296777189,-0.465842929,-0.170260125,-0.811423592,-0.100008737,0.242398042,-0.056826288
IRIS_313-12055,-0.52349891,0.176516438,-0.830813602,-0.75502042,0.295162178,-0.111982027,-1.24578884,-0.610790019,-1.24648475,0.04545222,1.026405421,-1.323173842,-1.442474412,-1.280730911,-0.004017378,-0.282790008,0.291640035,-0.959207176,0.328151042,-0.836746686,-0.004085855,-0.228417005,-0.198251034,-0.027811218,0.056578274,-0.003482338,-0.882755446,-0.150375461,-1.265746211,0.019633802,-0.522584237,0.431107989,-0.293791485,-0.011281607
IRIS_313-12094,-0.906466238,0.132459289,-0.680260022,-0.261102671,-0.107098906,-0.166944509,-1.023937376,0.104960016,-0.475573307,0.142280349,0.53924376,-0.680782102,-0.639890388,-0.765476644,-0.010277588,-0.759445441,0.276097874,0.129944947,0.531103328,-0.793904083,-0.013515648,-0.310710156,0.353923047,-0.076092837,0.01507639,0.004177375,-0.504020335,0.103218181,-0.361529407,-0.423791788,-0.667927282,-0.082251241,0.068137419,0.012460159
IRIS_313-12141,-0.305846589,-0.154813025,-0.241711661,-0.360711986,-0.03254904,-0.232758798,-0.497227982,0.353787958,0.079192683,-0.110501428,-0.29253745,0.139730172,0.125808099,0.195757491,-0.005223145,0.029214478,-0.041701553,0.181281644,-0.117146776,-0.101231754,-0.005799824,-0.225565564,-0.238250574,-0.100217084,0.053742405,0.002394312,0.065762854,-0.171749397,0.028223389,-0.20409893,-0.185494717,0.166515595,-0.275649813,-0.054649585
IRIS_313-8244,0.557991784,NA,0.692193424,0.764760454,NA,0.163052733,NA,-0.309191744,0.336901557,NA,-0.864921255,0.963608496,0.368394395,0.64846201,NA,0.739203858,-0.108731386,-0.148745674,-0.126160539,0.570186006,0.004560551,0.168600361,0.155895176,0.0619283,NA,NA,0.72415082,0.140417131,0.839628875,NA,0.397525693,-0.136289434,NA,0.028206926
IRIS_313-8252,-0.344823782,NA,-0.771311413,-0.530179039,NA,-0.298689307,0.11625937,-0.649698111,-0.301417104,NA,0.374141631,-0.457029006,-0.286741097,-0.479693957,NA,-0.515053047,0.053729207,-0.124190734,0.030041721,-0.716095165,-0.007779902,-0.088237726,-0.297904513,-0.121415178,NA,NA,-0.497741661,-0.238605968,-0.275068806,NA,-0.688352873,-0.186065089,NA,-0.056567747
IRIS_313-8283,0.148436565,-0.364557983,0.186824226,0.271229383,-0.170798154,-0.067274939,0.52669816,0.406543353,-0.059592305,-0.118862936,-0.135329067,-0.073007891,-0.254412624,-0.040839448,-0.00209109,-0.034428092,-0.082978,0.275639142,-0.069533849,0.443885752,-6.19E-04,-0.010896185,-0.204620541,-0.062974155,0.209929041,0.008089312,0.135596746,-0.138922279,-0.142269373,-0.104203178,0.057676854,0.123408565,-0.082089241,-0.01624802
IRIS_313-8321,0.265809311,-0.304625878,0.567333767,0.712883012,-0.170169293,-0.063410827,-0.007883429,0.433542086,0.159874584,-0.106073281,-0.192021873,0.526405058,0.065764715,0.312832074,-0.003638572,0.014790755,-0.089297448,0.583317933,-0.07289984,0.705884131,-5.19E-04,0.043702621,-0.153132259,-0.067411032,0.200368729,0.005916682,0.342075948,-0.098715429,0.475784091,-0.040759856,0.187639457,-0.05894698,-0.137231957,-0.023348651
IRIS_313-8349,0.232250733,-0.087642753,0.024878011,-0.281347976,-0.232942051,0.169249317,0.379204709,-0.536705342,0.085922827,0.053523161,0.111911158,0.005317328,-0.019049576,-0.15935084,0.006008573,0.377351194,-0.087050133,-0.29717651,-0.06065644,-0.181344447,0.005591162,0.151746837,0.156985121,0.088612439,-0.588387462,-0.002263861,0.040046196,0.123556142,0.452809666,0.12900687,0.222413053,-0.114528769,0.442669804,0.028531385
IRIS_313-8410,-0.490483047,0.297989848,-0.384041182,-0.455132811,0.348319894,-0.161035233,-0.137906389,0.286709529,-0.364890584,-0.050825528,-0.085330442,-0.188764807,-0.369173299,-0.033125358,-0.008057996,-0.086955684,0.18350197,-0.164427073,0.192929444,-0.306448174,-0.007273174,-0.34857122,-0.200462464,-0.050291995,0.250437452,0.002925076,-0.160849444,-0.169876086,-0.41548804,-0.060315612,-0.208923018,0.365696361,-0.174100168,-0.041884388
IRIS_313-8437,0.500017035,-0.098203797,1.105783632,0.853313511,-0.348962724,0.239004734,0.979644928,0.138318493,0.970802429,0.084147668,-0.467841593,1.356037311,1.130936154,1.18226848,0.008162295,0.707618532,-0.270207428,0.20293407,-0.354683878,0.507411768,0.006787802,0.163018144,0.175449704,0.077871555,0.209504007,-0.003121836,0.716878214,0.169861747,0.707566934,0.326155761,0.679528909,-0.191917362,0.273246566,0.047701833
IRIS_313-8509,0.464140981,0.161363693,-0.158123897,-0.558160891,-0.074929427,0.081349878,-1.148464043,-0.820646599,0.292616762,0.016602764,-0.260383323,0.459407725,0.3602296,0.670473216,0.007931448,0.463609639,-0.162035321,-0.223536677,-0.197995187,-0.132611123,0.004122625,0.173401236,0.068232294,0.045949343,-0.280639985,-0.003433257,0.30633628,0.071731811,-0.210578081,0.218169327,0.149667852,-0.38265091,0.147115307,0.024597323
IRIS_313-8632,0.159763852,0.230511254,-0.144731999,-0.384177655,0.102792202,0.16482317,-0.86782877,-0.615845884,-0.231340486,0.066025654,0.271238876,-0.506137678,-0.446780359,-0.485078251,0.008199712,-0.46682698,-0.052981138,-0.309087045,-0.00261558,-0.317431569,0.007183704,0.280485048,0.057714902,0.089313015,-0.441707598,-0.001290679,-0.477930406,0.045212157,-0.407635313,0.135567676,0.038566979,-0.184453195,0.357653946,0.035618347
IRIS_313-8641,-0.705599947,0.253468215,-0.832841868,-1.30211987,0.532527613,-0.145483814,-1.257287652,-0.581472726,-1.159074844,0.011742998,0.958198832,-1.225397262,-1.337151154,-1.019994981,-0.006800286,-0.617308371,0.298084888,-0.593100078,0.342079997,-1.017072802,-0.007493284,-0.307756729,-0.209738714,-0.015963411,0.655539039,0.001191663,-0.802467764,-0.175241538,-1.179954659,-0.010634163,-0.235421459,0.233822706,-0.22152905,-0.03962856
IRIS_313-8683,0.577939401,-0.169624915,0.650016586,0.688429511,-0.331491847,0.218573526,-0.242031254,-0.307329546,0.208677804,0.072996606,-0.220565539,0.396860317,0.176015685,0.300985491,0.007883612,-0.017128978,-0.157591053,0.208773452,-0.196593479,0.358587767,0.009030261,0.391408585,0.067433343,0.077444623,0.445778871,-0.004845587,0.114592702,0.091099241,0.491792289,0.226708411,0.368940356,-0.418783058,0.268728105,0.0443692
IRIS_313-8703,0.345177407,-0.110855025,0.723907596,0.567281134,-0.329359987,0.220180687,1.265959546,-0.044096368,0.28963637,0.071502039,-0.140139402,0.678471196,0.30367419,0.372851915,0.007006155,0.279147311,-0.171210325,0.247643791,-0.207828575,0.226798672,0.006389997,0.222073761,0.09846921,0.090519119,0.193913646,-0.003719446,0.393233513,0.108724667,0.983199198,0.209715922,0.486371741,-0.337918009,0.270342981,0.036077854
IRIS_313-8717,0.328667365,-0.208340033,0.424165401,0.806322967,-0.277099495,0.210666916,0.360904162,0.060070181,0.30852351,-0.049789405,-0.060242022,0.18026004,0.37870487,-0.020533171,0.007547132,0.186097582,-0.159544739,-0.074404366,-0.224226859,0.283216389,0.008618448,0.226149873,0.133495027,0.080418437,0.181639893,-0.004914049,0.089395193,0.13245478,0.725359762,0.210299072,0.229731799,-0.00476913,0.26283328,0.038641979
IRIS_313-8721,-0.213814821,-0.058175574,-0.634139877,-0.430901488,-0.143701262,-0.236697217,-0.235942919,-0.392358765,-0.32885412,-0.021585636,0.273577799,-0.68107639,-0.501257893,-0.488062807,-0.001921325,-0.147268081,0.092005491,-0.604284237,0.124845472,-0.412135415,-0.004869412,-0.119888671,-0.221454506,-0.105345087,0.197052464,0.002653163,-0.573390627,-0.177606974,-0.869649752,-0.140839814,-0.57850373,0.3017286,0.142106654,-0.035750078
IRIS_313-8733,-0.067887981,-0.208015691,0.385694838,0.414656992,-0.305961373,0.204984201,0.222921204,0.362301388,0.162698672,-0.036271359,-0.297047634,0.156148307,-0.050639824,0.058600657,0.007248261,0.035587834,-0.133236183,-0.012421902,-0.133838095,-0.0043942,0.006584853,0.050740146,0.100383768,0.075540769,0.262412019,-0.003299004,0.028346677,0.11890335,0.36665383,0.135618735,0.258302487,0.162906323,0.011583442,0.038260539
IRIS_313-8737,0.109916013,-0.031087918,0.062943357,0.319397989,-0.043793192,0.116134834,-0.556381989,-0.379347851,0.496405435,0.039127443,-0.283996687,0.243729648,0.583218364,0.100373552,0.009994221,-0.208854559,-0.147493396,0.252908362,-0.208218972,-0.215079509,0.00553297,0.243511751,0.101491656,0.049480342,-0.312680226,-0.003816918,-0.009077509,0.110167222,0.471887903,0.20916381,-0.04041327,-0.473808934,0.022890719,0.03501873
IRIS_313-8789,-0.281845035,0.097769739,-0.440677647,-0.996685838,0.618811854,-0.194290052,-0.229141912,-0.171004686,-0.22921834,-0.099005708,0.033515974,-0.244349179,-0.065049518,0.01101344,-0.007809288,0.004867611,0.161264481,-0.028069602,0.120491493,-0.410033398,-0.008233409,-0.274444668,-0.085235069,-0.0540222,0.20252073,0.003422406,-0.044597867,-0.07833346,-0.518533695,-0.204471848,-0.030829358,0.103580262,-0.377766248,-0.056426279
IRIS_313-8822,-0.036192233,0.142032776,0.045106534,0.081854964,0.195095512,-0.039121923,-0.656963116,-0.478024094,-0.44280798,0.125062224,0.132410528,0.05327928,-0.61676219,0.145917025,-0.004219073,0.003904767,0.267340022,-0.247551668,0.39240835,-0.092453682,-0.004848724,-0.075641603,0.030560754,-0.012527793,0.063386642,-0.002901568,-0.110896327,-0.001537544,-0.458161597,0.185035714,0.013296773,0.023619805,-0.066756105,-0.001641571
IRIS_313-8850,0.04329895,-0.106471864,0.291809669,0.110208421,0.079687423,0.185510247,-0.74568292,-0.2372563,-0.210482082,-0.050233171,0.264999067,-0.305048863,-0.349395068,-0.167809543,0.004903984,-0.16067461,-0.028762631,-0.037800977,-0.040102952,-0.14719496,0.004992679,0.141050208,0.061638105,0.074698433,-0.971620978,-0.002208894,-0.087581034,0.079707117,-0.446987187,0.091841364,0.250053324,-0.164499279,-0.098682374,0.037231105
IRIS_313-8854,0.345179527,-0.068402067,0.506958777,0.351279402,-0.426487367,0.198172018,1.458498693,0.393241851,0.494570366,0.115439664,-0.280768291,0.521268316,0.586063202,0.491935453,0.007339164,0.249189622,-0.214772101,0.549801996,-0.276309781,0.433705235,0.007764703,0.251095005,0.117709432,0.074354782,0.551357061,-0.003257683,0.514964606,0.12046227,0.445728109,0.238674047,0.400659816,-0.362724613,0.258183902,0.042251813
IRIS_313-8864,-0.154053961,0.04960511,0.248615909,-0.152827697,0.330056553,-0.060426861,1.421488175,0.74678188,-0.366152582,-0.109580737,0.053637476,0.138255449,-0.290310044,0.25656649,-0.006613965,0.125809011,0.213109492,-0.015474433,0.212556062,0.391978331,-0.003516156,-0.259890497,-0.147471473,-0.0214742,-0.29020969,0.001834767,0.102358205,-0.125480103,-0.285903608,-0.174861481,0.253671318,0.526060125,-0.590153997,-0.039167527
IRIS_313-8930,0.274492235,0.074640183,0.016115156,0.086865136,-0.070028249,0.14595039,-0.029715514,-0.725192156,0.059498175,0.046437526,0.007923188,-0.133100559,0.012685135,-0.036642504,0.004315458,0.314249417,-0.072788801,-0.491761188,-0.070704616,-0.254521557,0.004753804,0.176767093,0.137626881,0.069226242,0.238365609,-0.003277756,-0.100709819,0.132312485,-0.23130643,0.081094532,0.044692824,-0.116483036,0.547119988,0.043602932
IRIS_313-8932,0.03572367,-0.135968192,-0.205663729,-0.276644984,-0.138545909,0.131042609,-1.977997892,-0.277883734,0.202041501,0.080456585,0.239669134,-0.418415932,0.25703438,-0.41011897,0.00103134,-0.375767245,-0.143470413,-0.065399772,-0.176795404,-0.245991065,0.006002767,0.214681739,0.099306539,0.072454517,-0.212627638,-0.002211967,-0.31518214,0.106744488,-0.210601273,0.12125425,-0.064835795,-0.217470872,0.440873036,0.036702459
IRIS_313-8963,-0.037580383,-0.151904858,-0.010535384,-0.148453571,0.028949557,-0.186237016,0.149082237,0.656944385,0.24492249,-0.101465402,-0.118488678,0.177486634,0.259017332,0.310997776,-0.004670097,0.15957415,0.002442483,0.068128156,-0.058029362,0.493862127,-0.003217122,-0.14916337,-0.203606049,-0.085256884,0.169366203,8.18E-04,0.152072807,-0.15065014,-0.187648712,-0.274744905,-0.041561475,0.366704415,-0.305634165,-0.046641506
IRIS_313-9049,0.413276175,0.133205477,0.600570707,0.81191059,-0.197618581,0.225355383,-0.079138701,-0.145655239,-0.075804068,0.066179474,0.223587293,0.20385259,-0.174938101,-0.086383537,0.009747768,-0.164789246,-0.057890315,0.131010331,-0.055986091,0.360268224,0.008675323,0.360898432,0.038921448,0.083384096,-0.335796774,-0.00315669,-0.085133405,0.05822249,0.891199044,0.207880666,0.275942759,-0.313937376,0.364834467,0.037400501
IRIS_313-9066,-0.335067983,0.312510221,-0.365117634,-0.281948379,0.11315213,0.115264094,-0.855727818,0.125917904,-0.218673494,0.073097084,0.51805035,-0.97503339,0.228760415,-0.877668981,-0.002653529,-0.311679507,0.084036615,-0.66125695,0.030720307,-0.440082126,0.002875408,0.021423858,0.180275732,0.065664274,0.136603656,-0.001164105,-0.633169812,0.136571264,-0.932418093,-0.106938552,-0.239577376,0.370088746,0.781920053,0.047186685
IRIS_313-9067,0.373579544,-0.321835994,0.720385447,0.552658681,-0.063349044,0.213093736,0.388754015,0.35820213,0.592728322,-0.006236168,-0.612250667,0.722345731,0.650161882,0.519856233,0.0080251,0.223881356,-0.165588279,0.167484814,-0.192800366,0.567282952,0.008068574,0.200282123,0.237659632,0.079558595,-0.550310961,-9.95E-04,0.275492442,0.21909324,0.789557391,0.116396571,0.522479073,-0.023272608,-0.2222023,0.037408417
IRIS_313-9072,0.434372276,0.233268898,-0.104696997,-0.138243771,0.056744962,0.124531339,-0.780968223,-0.624535589,0.009244431,0.010860763,0.226917023,-0.171273459,0.017566645,-0.128570107,0.007138616,-0.004328129,-0.087462127,-0.123046847,-0.108588445,-0.002944341,0.007168685,0.309162022,0.094052684,0.063995557,-0.215196213,-0.003376357,-0.078395983,0.087517204,-0.067079257,0.170666664,0.005625776,-0.365508679,0.387103733,0.029180169
IRIS_313-9108,0.089789012,-0.238733825,0.061242079,-0.039815499,-0.396221063,0.064935995,0.159736623,-0.220737023,0.3117665,0.073111867,-0.635467367,0.493964629,0.33687323,0.324938702,6.13E-05,0.433881675,-0.083742305,-0.165034229,-0.045919841,-0.060808658,0.001623487,0.012984641,0.220532655,0.037998553,-0.144825118,-0.001102258,0.265096687,0.155559939,0.578990626,0.042458397,0.108609665,-0.074441478,0.249795416,0.023937126
IRIS_313-9139,0.158974961,-0.020154043,0.075823853,-0.079303784,7.36E-04,0.198961896,-1.131938241,-0.391509062,-0.157518129,0.015746481,0.53069359,-0.503651968,-0.151881026,-0.527751952,0.003600468,-0.269108491,-0.074568118,-0.160706382,-0.101766334,-0.176711124,0.007749226,0.265326941,0.050359259,0.096095146,0.044555709,-0.004015758,-0.274873753,0.053294984,-0.326457422,0.109102655,0.153810958,-0.214311048,0.411647277,0.038147101
IRIS_313-9148,0.099145628,-0.360758239,0.585357356,0.284608128,-0.193087355,0.202560384,0.863715643,0.296663909,0.782700386,-0.018540335,-0.22191035,0.397449094,0.863010057,0.179915311,0.00695926,0.23548982,-0.253218414,0.452884582,-0.282792125,0.200840842,0.003638499,0.068852499,0.140255911,0.081723592,-0.637534922,2.47E-04,0.518952707,0.096636755,0.794122709,0.104121329,0.463055916,-0.198598273,-0.239654394,0.023955905
IRIS_313-9156,0.384606138,0.245694171,0.008139082,-0.015010863,0.085442443,0.146051988,-0.847067693,-0.395241242,-0.11259835,0.052916067,0.381494496,-0.059282869,-0.193399685,0.002815512,0.006799586,-0.338578814,-0.034100013,-0.062992748,-0.010325825,0.095073339,0.009088136,0.356695476,0.148457166,0.072658255,-0.59140775,-0.004033055,-0.263638801,0.134207019,-0.08324723,0.13291601,0.069686004,-0.295668912,0.32231581,0.036332798
IRIS_313-9170,-0.565288506,-0.013928573,0.184809406,0.627558017,-0.264337521,-0.112587166,0.951696899,-0.081634208,0.300987349,0.142572149,-0.044176431,0.570514815,0.186840415,0.338236804,-0.004908227,-0.060588758,0.099493499,-0.046294986,0.290858262,-0.489006002,-0.014437283,-0.332436002,0.303009305,-0.074357072,0.083629833,9.54E-04,-0.104283596,0.118222464,0.557820458,-0.443913373,-0.201161174,-0.0309186,0.041916257,0.019683294
IRIS_313-9174,0.472562221,-0.034219801,0.607526985,0.372978983,-0.378490002,0.195806548,1.718002285,0.327417172,0.43123414,0.091864853,-0.277467104,0.690561823,0.487901658,0.680241113,0.007598359,0.209918522,-0.193566228,0.480285058,-0.239400929,0.586439426,0.008839174,0.303427037,0.136953188,0.06980691,0.390703197,-0.003729041,0.439184681,0.135640154,0.442616211,0.278444169,0.452906407,-0.337041076,0.300208379,0.040943583
IRIS_313-9218,0.457183831,-0.116863124,0.419809252,0.490041693,-0.215119195,0.187873413,0.189908275,-0.136465573,0.316095563,0.085598065,-0.247112437,0.38667006,0.297710293,0.308853679,0.007477185,0.215509928,-0.178805771,0.35705847,-0.223037666,0.305632083,0.007706145,0.300304676,0.118286152,0.06740476,0.433911425,-0.004410256,0.387146789,0.126837904,0.52044639,0.261075276,0.259667103,-0.43042615,0.107546889,0.042013626
IRIS_313-9262,0.849397598,-0.080350222,0.572213183,0.333709108,-0.112377166,0.197016284,-0.643262489,-0.211701947,0.592809158,0.033167942,-0.404178331,0.540742862,0.54912832,0.595071138,0.007691702,0.42908591,-0.167932691,0.086826811,-0.182502269,0.927104339,0.011116377,0.451773822,0.194685435,0.072770187,0.107208294,-0.002874551,0.397894749,0.178737619,0.276405923,0.146340657,0.437672059,-0.28003603,0.337531807,0.037941375
IRIS_313-9271,0.523175018,-0.052177525,0.203736295,0.093400437,-0.064459313,0.193384395,-0.741557277,-0.004155324,0.138694373,0.005019201,0.212821373,-0.132702771,0.249946073,-0.19734307,0.007744839,0.012875838,-0.134539996,-0.065489553,-0.16281227,0.48295041,0.011159814,0.372302115,0.112793277,0.088188096,0.130715323,-0.004844659,-0.019720854,0.09808042,0.168707151,0.104695511,0.216218776,-0.101309621,0.299522927,0.033899213
IRIS_313-9325,0.444284259,0.139265132,0.208534984,-0.43286582,-0.309246378,0.20598178,-1.049303929,-0.929543182,0.162054117,0.038693797,0.297150111,-0.366971925,0.139138297,-0.124533504,0.003681381,-0.069496641,-0.080346039,-0.602773756,-0.044409346,-0.229824708,0.007022447,0.348260422,0.215062537,0.107565475,-0.789125552,-0.003347815,-0.357225054,0.174707238,-0.65907668,0.195888896,0.423973732,-0.162677188,0.522924595,0.042068166
IRIS_313-9368,-0.667820547,0.437688986,-0.500355244,-0.910440807,0.406739184,-0.122645909,0.411704108,0.21102159,-0.549519256,-0.050322293,0.206111295,-0.586695351,-0.585619163,-0.216516385,-0.007994575,-0.218687591,0.216064962,-0.347107038,0.225413063,-0.545553717,-0.006614052,-0.393855363,-0.233731551,-0.027955263,0.035867595,-9.20E-05,-0.367268154,-0.191446917,-0.988144895,-0.052043609,-0.149819059,0.48942263,-0.495151135,-0.038823642
IRIS_313-9391,0.415867823,-0.199944488,0.319882928,0.308193049,-0.362706531,0.162061312,0.61316079,-0.364142153,0.285112134,0.075201638,-0.541700959,0.603512062,0.236231882,0.484385712,0.008944179,0.244004263,-0.217825973,0.422491183,-0.261725202,0.100112538,0.006252983,0.281866416,0.057299104,0.064443924,0.413518334,-0.004864287,0.444907035,0.083897574,0.652988004,0.293506091,0.2399296,-0.550690331,0.205554043,0.040429356
IRIS_313-9397,0.358640786,-0.153619432,0.387554951,0.568133392,-0.293322693,0.131909378,-0.038965528,-0.387611747,0.399262733,0.124556617,-0.333821051,0.660589833,0.289923552,0.582116048,0.009109718,0.442904861,-0.240418132,0.014406165,-0.265561416,-0.004365584,0.005164755,0.192402057,0.022972913,0.040065023,0.338074169,6.32E-04,0.294457975,0.06340419,0.657847361,0.178611258,0.220223118,-0.326835898,0.06036115,0.039003793
IRIS_313-9422,-0.214556312,-0.025658145,-0.222303085,-0.286533494,0.123828156,-0.193303809,-0.167103784,0.604240379,-0.046647378,-0.077988877,-0.049892055,-0.235732944,-0.054562099,-0.230208257,-0.006523966,-0.37574537,-0.004667322,0.334643242,-0.067460781,0.119041915,-0.003689343,-0.112023369,-0.189005146,-0.085562041,-0.03712876,0.00395281,-0.122787141,-0.141194636,-0.117396945,-0.119834255,-0.188994413,0.13718742,-0.373521406,-0.048064231
IRIS_313-9445,NA,0.068754096,NA,NA,-0.011956513,NA,1.374403979,NA,0.356171662,0.061941627,-0.400155419,NA,0.18902127,NA,-0.004341898,NA,-0.037683696,NA,0.149293416,NA,NA,NA,0.214549361,NA,0.033174131,-2.28E-04,NA,0.066740899,NA,-0.408647189,NA,NA,0.307352993,NA
IRIS_313-9594,0.490500709,-0.089022519,1.138352515,0.811850758,-0.344473517,0.24366064,0.902640611,0.174710317,0.971697846,0.084587108,-0.463678163,1.324730229,1.123436423,1.163104728,0.008155892,0.668856742,-0.270353454,0.244733575,-0.354570561,0.512451415,0.006823019,0.169173681,0.174954772,0.07990989,0.205791887,-0.003065152,0.709435253,0.169422774,0.68169297,0.325149886,0.696926626,-0.205955965,0.288168842,0.047558142
IRIS_313-9606,0.258275093,0.143656299,0.06343769,0.453633714,-0.166682294,0.190598167,-1.0393804,-0.213919523,-0.106752084,0.093565127,0.011717905,-0.288754522,-0.208868974,-0.349121911,0.007855283,-0.40143884,-0.033217322,-0.086588366,-0.012462235,0.011991679,0.00931889,0.327683142,0.151904145,0.081352652,0.016990969,-0.006440514,-0.329438552,0.147644997,-0.005399561,0.317805678,-0.018493358,-0.193478513,0.506337241,0.051003671
IRIS_313-9617,0.243986207,-0.113084827,0.283097332,0.448736412,-0.252979954,0.180765105,NA,-0.242077359,0.231698393,0.037573381,0.016516649,0.162906522,0.245913926,0.009292325,0.008252896,0.216123847,-0.126230484,0.138646241,-0.133763002,0.04657667,0.004606341,0.133702433,0.190452437,0.074519127,-0.249165631,9.96E-04,0.334343347,0.154820589,0.61875171,0.144849434,0.186902492,-0.260485263,0.019060511,0.037452176
IRIS_313-9626,-0.097117751,-0.147643165,-0.052137893,-0.219155577,0.147641343,-0.138287342,0.308286278,0.69578205,-0.359924789,-0.089998248,0.080322754,-0.226708277,-0.369548955,-0.003638021,-0.00784192,0.075830191,0.185879738,0.240142647,0.17805244,0.366731786,-0.004179304,-0.201096613,-0.134418243,-0.060003249,0.056463787,0.004468832,0.187186917,-0.10913274,-0.485863668,-0.284562171,0.013063901,0.368291229,-0.250037049,-0.042892793
IRIS_313-9661,-0.340921038,0.105298406,-0.155638609,-0.190819482,0.280353447,-0.156291009,-0.200568495,0.782530719,-0.160172446,-0.082831694,0.03472358,-0.326981672,-0.128105561,-0.279182327,-0.006663629,-0.352034174,0.056104055,0.304678076,-0.007822125,0.083696334,-0.00460136,-0.20007043,-0.161229359,-0.064729833,0.121565803,0.003872743,-0.114769371,-0.127543347,-0.242414669,-0.039959119,-0.126106033,0.248965794,-0.422191932,-0.044579774
IRIS_313-9682,-0.496509563,-0.020149225,0.425892116,0.664964249,-0.291297611,-0.085370525,1.424556196,0.179037576,0.474512791,0.13142729,0.018893084,0.79623746,0.436948571,0.579383484,-0.00485415,0.100861932,0.077197568,0.013107094,0.244752136,-0.267662308,-0.013965067,-0.337248564,0.308554794,-0.067087203,0.116970056,0.001702292,0.092497133,0.126229358,0.472906519,-0.457263444,-0.039506446,0.0350409,0.019043019,0.020745423
IRIS_313-9696,0.699340841,-0.075113049,0.410361565,0.045148207,-0.279009655,0.194668491,-0.903374202,-0.760250955,0.568435869,0.04432324,-0.271937871,0.342140827,0.66515847,0.416940604,0.004406127,0.459972167,-0.115217023,-0.410641359,-0.085680683,0.221910124,0.007602272,0.3792098,0.30086396,0.091759167,-0.237363193,-0.003154476,0.086483551,0.261960909,0.125703577,0.170026685,0.468268261,-0.219033454,0.170387402,0.038737887
