accession_name,Root_weight,Shoot_weight,Root_length,Shoot_length,Root_Na+,Root_K+,Shoot_Na+,Shoot_K+,Chlorophyll_A,Chlorophyll_B,Stress_Root_weight,Stress_Shoot_weight,Stress_Root_length,Stress_Shoot_length,Stress_Root_Na+,Stress_Root_K+,Stress_Shoot_Na+,Stress_Shoot_K+,SES,Stress_Chlorophyll_A,Stress_Chlorophyll_B,Root_thickness,Shoot_thickness,Stress_Root_thickness,Stress_Shoot_thickness,Lost_Root_weight,Lost_Shoot_weight,Lost_Root_length,Lost_Shoot_length,Lost_Root_thickness,Lost_Shoot_thickness,Lost_Chlorophyll_A,Lost_Chlorophyll_B
IRIS_313-10340,76.22108608,741.7524529,5.54917489,49.93817429,0.032275796,0.130891147,0.007752287,0.025369184,0.017527293,0.017539236,63.86009608,340.8971264,7.790452337,32.77355424,0.10362396,0.027540943,0.120118334,0.031421863,6.814943083,0.016707007,0.0166878,13.80552331,15.20383157,8.206347795,9.6348609,16.67255819,422.391132,-1.812498249,11.48147153,5.170103829,5.469460576,0.001573579,0.001557214
IRIS_313-10341,101.6631725,1011.12034,6.134471445,51.54468282,0.032246506,0.113155722,0.007755607,0.025321162,0.01777073,0.018592458,82.13344156,518.9068916,8.027476901,39.3826226,0.103764849,0.027525046,0.123321195,0.031645247,6.443429805,0.016639644,0.016640675,15.80764776,18.37512506,10.11534542,12.7589986,16.67804119,441.1261506,-1.693931025,11.41360715,5.286015678,5.587867338,0.002051221,0.003153848
IRIS_313-10537,82.67563518,865.7844707,7.353186452,58.77222598,0.032348458,0.079670247,0.007814814,0.025586107,0.017513102,0.018543594,75.62067467,530.8700188,8.595900599,47.20920139,0.092932505,0.017178456,0.124785587,0.032088758,6.061481888,0.015923172,0.015309241,11.17436843,14.64717935,8.777745959,11.02196869,16.21650396,373.4561423,-1.318575667,11.33199316,2.897536335,5.002673367,0.002867867,0.004319018
IRIS_313-10539,101.4904339,1018.816257,7.522526794,60.85172013,0.032133074,0.170097446,0.007812163,0.025523091,0.017948011,0.018448816,78.8300503,476.4549312,8.425872827,43.63892814,0.100968149,0.024381718,0.121106024,0.030824164,6.102767337,0.017575359,0.017581232,13.65715334,16.83171499,9.396968101,10.86638348,16.7199665,450.4640712,-1.257027881,11.51859525,4.499446818,5.515225416,0.001835819,0.002351499
IRIS_313-10587,94.97973552,841.5447137,8.165689616,47.73640814,0.030760774,0.088462053,0.007775396,0.025535838,0.017094117,0.017943119,70.89538121,356.7287091,8.512739621,36.52121594,0.091432131,0.013789112,0.13802889,0.032525907,6.96382938,0.011595188,0.011208235,11.67927674,16.62916425,8.289675866,9.647861717,16.4266281,387.1349039,-0.631310179,10.97882804,3.262306738,5.296698619,0.005057372,0.006704542
IRIS_313-10592,100.411419,824.7046699,8.698604004,48.38345565,0.030712906,0.069675758,0.007774139,0.02556219,0.016938038,0.017216463,74.16740004,342.9632776,8.678712242,36.39187458,0.090568702,0.01326641,0.139492409,0.032508498,7.248930576,0.010728577,0.010279544,11.58435799,16.24235861,8.44254357,9.340677744,16.4235045,381.3527512,-0.53649818,10.96729066,3.172585802,5.245301569,0.004974203,0.005877504
IRIS_313-10593,101.0398724,852.2844683,7.41557894,52.46674407,0.030816254,0.099392123,0.007786277,0.025580517,0.016774032,0.016649183,85.18571335,475.037555,8.233488862,40.92615609,0.090312102,0.01411976,0.130122559,0.032978339,6.307483567,0.014783449,0.014491383,13.07304768,15.58961328,10.18585905,11.17633884,16.37740222,364.5260572,-0.881103327,10.97701723,3.262989837,5.061668877,0.003176905,0.003445535
IRIS_313-10595,100.3690986,892.9438983,8.017383885,48.84110041,0.030730499,0.097665111,0.007776309,0.02553177,0.017132934,0.017983105,70.2178992,343.8636281,8.612718177,36.72039277,0.090662191,0.013386728,0.139966128,0.032431684,7.006925932,0.012350621,0.011973729,12.28345139,17.11079508,8.109639884,9.264037337,16.45253251,392.0916899,-0.732741476,10.9805544,3.594111421,5.321888063,0.004796716,0.006385576
IRIS_313-10598,82.38204749,685.0546388,7.60405013,47.5293921,0.030670488,0.086397099,0.007784086,0.025533808,0.016794109,0.016812303,73.88881714,385.4027952,8.292561487,39.30030775,0.09154404,0.013595849,0.138463281,0.032833952,6.944634205,0.011556192,0.011185039,11.07126267,14.50337763,8.843973819,9.68017542,16.30987736,351.9865516,-0.824412773,10.90409876,2.739304754,5.073766623,0.004438508,0.00497039
IRIS_313-10600,82.49107666,714.3256791,7.320573738,45.7589299,0.030900981,0.123464583,0.007777611,0.025452415,0.01661263,0.016456839,62.86894317,331.5791281,7.962179003,34.53185474,0.093033941,0.014515304,0.143420008,0.032632211,7.159377812,0.011737344,0.010864817,11.15303356,15.13218859,7.970523792,9.397926928,16.39022229,370.0696378,-0.718360834,10.98587817,3.125526377,5.208854155,0.004291871,0.004886526
IRIS_313-10602,73.49712677,641.3944855,6.776133775,46.71115317,NA,NA,NA,NA,0.016936712,0.017188698,62.99923079,318.2040787,7.763084939,35.35527876,NA,NA,NA,NA,7.086954176,0.010745645,0.010125736,11.03576633,14.09425645,8.052218664,8.657850636,16.35874266,355.7117143,-0.89007418,10.96394205,3.113630125,5.094302461,0.004790962,0.005850899
IRIS_313-10603,104.0598705,796.1692779,8.85114301,51.40137452,0.030647465,0.089345374,0.007775678,0.025647027,0.016934146,0.016854881,83.48332419,433.3112819,9.566539704,39.89959477,0.09004566,0.01371683,0.1357207,0.03285125,6.623212112,0.014741358,0.014797991,11.80498544,15.25484351,8.60203178,10.69765999,16.38711158,356.5599753,-1.069385013,10.93125901,3.276869419,5.021298925,0.003152413,0.003099695
IRIS_313-10604,83.66708905,744.3125548,7.516094116,47.25106897,0.030864819,0.137326297,0.007778662,0.025500204,0.016822913,0.016959817,67.18317744,364.1840019,8.266524227,37.13171803,0.0923492,0.014262246,0.135000702,0.032090362,6.809971416,0.012198738,0.011895837,11.21592343,15.35711499,8.151172395,9.702402439,16.37937641,370.9704324,-0.802328854,10.96434402,3.097875074,5.20043257,0.004433564,0.005089189
IRIS_313-10605,100.8687237,744.814432,7.480160141,50.60014429,0.030968469,0.076223179,0.007793809,0.025643014,0.016660332,0.016386755,74.54879252,369.5937195,8.0209507,39.01342461,0.089315517,0.014401195,0.12299155,0.033036545,6.614412293,0.013403178,0.012685584,13.16818233,14.67490684,9.360592115,9.452800937,16.45863179,357.1799263,-0.79119703,10.97492431,3.726236739,5.015684588,0.003143463,0.003519937
IRIS_313-10606,77.90374911,690.8829798,7.206920754,45.52181105,0.030928037,0.135678835,0.007780731,0.025483334,0.016635092,0.016496396,61.05167761,298.4785826,7.689747242,31.8047065,0.092559124,0.014187543,0.142116398,0.032539843,7.168791106,0.010503447,0.010055981,10.90591721,14.86855327,8.056056847,8.960090893,16.37122016,368.6750138,-0.624255332,11.00201279,2.987610766,5.192603672,0.004739583,0.005236643
IRIS_313-10963,95.0646582,844.1171316,7.650528027,49.82137551,0.030866614,0.127305986,0.007775611,0.025508499,0.016762996,0.016651556,65.18254414,374.7050829,8.099017841,37.37430745,0.092434477,0.01446771,0.137536038,0.032253766,6.923631679,0.012753223,0.012818039,11.9359761,15.92812441,8.099052579,9.807400914,16.44763249,381.2782811,-0.703818889,11.01019942,3.483962038,5.222697684,0.003979231,0.004168054
IRIS_313-10964,91.61561788,699.2459077,7.348769983,48.80979778,0.030729875,0.12115097,0.007785573,0.025697106,0.016564282,0.016102452,71.66101917,433.0125376,8.579294139,40.50918163,0.090217962,0.014274695,0.125496043,0.03329498,6.475725205,0.01461374,0.014008143,12.22005897,14.25232133,8.430101327,10.50128308,16.39611968,339.3821277,-1.200793226,10.89813942,3.603372847,4.926038879,0.002612337,0.002620195
IRIS_313-10965,76.5799308,728.8556004,7.291976059,45.95909748,0.031099096,0.145563317,0.007780482,0.025448545,0.01653428,0.016311988,68.71508141,361.2457228,8.092582761,35.06950992,0.092757165,0.01408606,0.144935218,0.03241432,6.889449314,0.012156838,0.01205146,10.79405964,15.30273355,8.420944633,9.922905867,16.33036117,369.0032116,-0.842660733,10.99282206,2.829657749,5.204638085,0.003962825,0.004188882
IRIS_313-10971,109.7385456,1035.579393,7.145056262,59.47224688,0.032231648,0.122110055,0.007773294,0.025386938,0.017751264,0.017919058,79.85178447,549.4925829,8.603318215,47.48610183,0.100832872,0.023624679,0.128669332,0.031148036,6.353757172,0.01648847,0.016361106,14.76971685,17.05037843,9.299694473,11.33332546,16.74808576,443.3798846,-1.538895876,11.43999313,5.076062011,5.520003693,0.001959853,0.002192877
IRIS_313-10972,111.195237,964.9988704,7.463230672,56.87769959,0.032411634,0.169970154,0.007775138,0.025421844,0.017563387,0.017548733,83.45604795,479.8814339,8.725519659,46.36078415,0.102568438,0.027246318,0.115345078,0.031281469,5.945612609,0.016158385,0.015798779,14.25263304,16.72205074,9.489551474,10.3515447,16.71510295,440.6190892,-1.463698325,11.40681009,4.718412795,5.540920999,0.001782338,0.001966747
IRIS_313-10973,105.2218577,1054.174393,7.73069886,58.39149267,0.032094098,0.122023293,0.007775019,0.025441136,0.017685168,0.017658094,81.45451762,597.9131984,8.896914552,46.97255245,0.099897417,0.022378359,0.124130728,0.031809246,5.40328315,0.016897873,0.016639448,13.5304302,17.35701656,9.187873572,12.44045439,16.70186676,440.1583301,-1.388799814,11.41131789,4.443541349,5.475792772,0.001615789,0.001636499
IRIS_313-10974,103.2970149,894.1607575,7.189873715,57.33434066,0.032339046,0.1152487,0.007757728,0.025450086,0.017573,0.017596846,79.96523095,505.0647447,8.483293999,45.67719042,0.101839747,0.025071433,0.122841797,0.031621118,6.006134978,0.015435424,0.014779859,14.20353973,15.95887842,9.48519902,10.97148773,16.72529324,427.7781246,-1.462783539,11.42501156,4.781095366,5.443705843,0.001987907,0.002417394
IRIS_313-10975,90.03366478,918.9284649,7.3634466,57.46246104,0.032430358,0.150566161,0.007817028,0.025399416,0.017703323,0.017787616,82.80647501,484.4753958,8.662216061,45.65108979,0.10144141,0.024265519,0.120908215,0.031672102,6.274979737,0.01507513,0.014758421,12.97965557,16.21815396,9.546170807,10.618096,16.63912484,435.7864778,-1.48924875,11.44729446,4.135137485,5.496234538,0.0021851,0.00246676
IRIS_313-10976,90.659598,761.3456491,7.425490332,50.25810568,0.030687792,0.121340959,0.007793049,0.025616339,0.016670582,0.016288084,75.18890211,457.9988994,8.709091138,40.2555007,0.090644622,0.014179203,0.129098439,0.033090589,6.124348314,0.014897193,0.014000677,12.09757845,14.83314386,8.677495837,11.20733909,16.38391906,348.1201789,-1.202881637,10.92342199,3.435957076,4.959464342,0.002621014,0.002749589
IRIS_313-10977,94.36023494,976.6694938,7.445449155,58.31626772,0.032062172,0.145350537,0.007784375,0.025392443,0.017679085,0.01769504,81.98121982,532.114775,8.604951052,46.23910598,0.099894048,0.022680946,0.117875889,0.032368856,6.109492597,0.016790416,0.016434712,12.97888683,16.58924399,9.534913709,11.33905004,16.64126956,435.5478305,-1.32588556,11.41388655,4.034548525,5.46266008,0.001715883,0.001887344
IRIS_313-10978,136.6675549,1089.358984,7.65708153,60.31268858,0.0320867,0.139711264,0.007754913,0.025361516,0.017905454,0.018237971,85.40292662,550.1073643,8.775113731,46.61211379,0.100109365,0.023241429,0.12223895,0.031884118,6.774833567,0.016430306,0.016292667,16.12664843,17.50481164,9.637174091,11.63584059,16.84750156,448.1378784,-1.436502532,11.45620322,5.579755378,5.520107159,0.002337432,0.002698582
IRIS_313-10979,101.1348105,878.7088999,8.392124632,54.11533503,0.030795431,0.133350213,0.007827766,0.025572959,0.016872683,0.016521489,86.22773589,500.9562612,9.33538304,43.40043809,0.090668264,0.015010462,0.119909089,0.035040029,5.986682506,0.015207507,0.013953914,12.50967823,15.90839778,9.182447084,11.44793705,16.44951211,375.0210074,-1.186593069,11.07506698,3.562341993,5.023520524,0.001915053,0.00239513
IRIS_313-10980,103.3069479,943.3483818,7.224971471,54.0476828,0.031374136,0.106938893,0.007784955,0.025509406,0.017118142,0.016780783,84.57762337,492.2779565,9.121147513,43.03694216,0.097958599,0.021806082,0.123605011,0.033161601,6.536486759,0.015386549,0.014884641,14.00142287,16.78601956,9.200592254,11.32677157,16.58036925,408.6387505,-1.729083118,11.23191037,4.545660309,5.307973426,0.001814446,0.001859137
IRIS_313-10981,102.4470058,902.7658031,8.072287645,55.7007137,0.030633958,0.136083623,0.007822431,0.025512738,0.016846177,0.016499341,86.33833685,504.6267989,9.339147293,43.20311541,0.090169928,0.014644338,0.120679409,0.035418858,6.104180538,0.015573599,0.014587801,12.76626987,15.90279769,9.156570731,11.47042936,16.44599853,376.4664704,-1.298111243,11.09110495,3.674644921,5.014792157,0.001870544,0.002231278
IRIS_313-10982,104.1804952,1021.976324,7.475487242,60.76430821,0.032191045,0.149646696,0.007765662,0.025424548,0.017842277,0.018039813,82.72928167,494.8540425,8.595659928,47.37853147,0.100906862,0.023743228,0.118088044,0.031412587,6.28562944,0.016817975,0.016979803,13.95930016,16.76144306,9.639398879,10.56572378,16.72268015,449.1023575,-1.360586956,11.46603296,4.56377769,5.520705567,0.001880197,0.001976942
IRIS_313-10983,95.32645065,853.1328299,7.070012321,56.14111634,0.032874224,0.141815702,0.007748378,0.02538357,0.017578517,0.017466672,78.34351689,450.9616186,9.267659437,44.15403524,0.100885522,0.023840931,0.1189567,0.032571251,6.51080804,0.01547666,0.015027454,13.75301702,15.67582073,8.608307862,10.26677021,16.7039367,428.9100355,-2.038258143,11.45550769,5.025506522,5.461924822,0.002041966,0.002227593
IRIS_313-10985,NA,NA,NA,NA,0.03257122,0.142526943,0.007745475,0.025400993,NA,NA,NA,NA,NA,NA,0.103718528,0.027136105,0.127665311,0.03113372,NA,NA,NA,NA,NA,NA,NA,NA,NA,NA,NA,NA,NA,NA,NA
IRIS_313-10986,103.6328636,975.0312272,6.922367534,55.22706787,0.03215087,0.132781242,0.007748797,0.025510068,0.017587494,0.017651782,81.9098028,459.2027334,9.016799436,44.03928721,0.10375491,0.026914437,0.124873514,0.031356026,6.414645862,0.016558465,0.016132938,14.63944085,17.12120434,9.044648518,10.40818558,16.74040393,444.3577469,-1.936075217,11.40724957,5.242484688,5.575999397,0.001589675,0.001890039
IRIS_313-10987,86.50810154,665.5482577,7.146092794,49.03789243,0.030827744,0.153590338,0.007800399,0.025569877,0.016728833,0.016296051,77.83506904,407.8901666,9.474935044,40.11599365,0.091551917,0.015285987,0.129041427,0.032584349,6.679348046,0.013773568,0.013217158,12.16499027,13.83834019,8.23968176,10.12475285,16.36525135,340.1002512,-1.877007343,10.95650146,3.758584094,4.9057283,0.002707913,0.00276795
IRIS_313-11013,84.97034086,759.7547576,7.448870086,48.3820905,0.030694567,0.106211393,0.007789151,0.025628422,0.016828677,0.016846588,76.84174537,440.2681942,8.343495087,40.24054307,0.091387389,0.013787531,0.138725968,0.03236824,6.500740057,0.01290985,0.012683443,11.45299081,15.40531277,9.11556583,10.66146119,16.34225072,363.3335206,-0.859958109,10.92862619,2.850373201,5.134137742,0.004025034,0.004405317
IRIS_313-11014,89.08172557,754.4267843,7.926410839,48.89875564,0.030725444,0.099909181,0.007780593,0.025570001,0.016914513,0.016816889,85.30441831,452.1834674,9.352895108,41.43382739,0.090303062,0.013456393,0.138738247,0.032458967,6.463865683,0.014772821,0.014857914,11.43394212,15.24902428,8.967156001,10.85683408,16.29268234,349.0117229,-1.292993445,10.86797257,2.896908045,5.019786733,0.003025826,0.002894597
IRIS_313-11015,90.13738798,738.1667609,7.947320294,49.40752843,0.03083846,0.103406407,0.007784714,0.025580799,0.01693118,0.016801553,85.04396714,472.4844617,9.4175554,41.99182017,0.090418984,0.013746404,0.139628165,0.032449507,6.334074867,0.014997612,0.015015662,11.52023159,14.97464595,8.905998749,11.13031462,16.30100886,344.5924175,-1.33160859,10.87155981,2.971510586,4.982048169,0.002899469,0.002723021
IRIS_313-11016,84.28933745,737.2014558,7.732114096,48.55368802,0.030719574,0.125182195,0.007790508,0.025527376,0.016718017,0.016544152,77.83551694,431.4808759,8.474793514,40.29127957,0.091805097,0.013839692,0.143201353,0.031775416,6.69093407,0.013085487,0.013546439,11.08861487,15.02128611,9.087658298,10.50712166,16.30542628,355.9059056,-0.863462735,10.91294509,2.650666973,5.09401276,0.003701659,0.003547311
IRIS_313-11017,99.87117435,881.1368945,8.12804568,51.63288746,0.030652795,0.108658614,0.007791289,0.025622111,0.016768607,0.016680238,76.09905223,420.3229958,8.502992024,39.68049862,0.091515853,0.013641208,0.133881215,0.032342412,6.699786529,0.012395798,0.012116078,12.02751626,16.28728211,8.886051121,10.47611706,16.41832879,383.1941548,-0.664326957,10.98798398,3.174854386,5.21261369,0.003971164,0.004241597
IRIS_313-11018,87.31512136,776.4701929,7.303365091,48.15755059,0.030698672,0.081659548,0.007786295,0.025507798,0.016770677,0.016705947,73.1837976,431.2649194,8.699468884,39.39532139,0.092194542,0.014325033,0.13491567,0.032864002,6.199796693,0.014783668,0.014721493,11.92513805,15.64736053,8.430339239,10.7579225,16.40484772,368.3456013,-1.138857113,10.95271746,3.387401934,5.146920907,0.002982518,0.003194693
IRIS_313-11019,97.58200796,735.0992062,8.447368546,50.98836519,NA,NA,NA,NA,0.016754668,0.016407088,82.70544027,481.2647215,9.62053113,44.08964321,NA,NA,NA,NA,6.228544733,0.01584341,0.015831822,11.70993584,14.42999128,8.55738577,10.81245224,16.35968926,339.9028936,-1.353692998,10.8789667,3.301661615,4.917941828,0.00218612,0.001875018
IRIS_313-11047,NA,NA,NA,NA,0.031266913,0.145603174,0.007789733,0.025519441,NA,NA,NA,NA,NA,NA,0.09210809,0.014570134,0.135448234,0.033184732,NA,NA,NA,NA,NA,NA,NA,NA,NA,NA,NA,NA,NA,NA,NA
IRIS_313-11048,90.95206563,813.9268139,7.826836821,49.71510976,0.030739561,0.124134685,0.007786735,0.025497197,0.01676697,0.01665008,76.28418367,415.5799296,8.570086621,38.49949369,0.092100134,0.013817848,0.141264988,0.032322625,6.606686675,0.012991314,0.012649608,11.53251699,15.76092712,8.738162219,10.54290426,16.36738028,374.2789446,-0.826735768,10.98386104,3.000310422,5.180320159,0.003971692,0.004238445
IRIS_313-11049,93.32681723,792.2561434,7.762558719,52.46873247,0.030729053,0.127344749,0.007778146,0.025554086,0.016881177,0.016792609,80.01934225,421.9659356,8.955896617,39.94011907,0.091111892,0.013579137,0.139575395,0.032647364,6.587673334,0.013654974,0.013234141,11.82495686,15.19707921,8.805277581,10.40298919,16.34479184,363.993616,-1.106128419,10.98153039,3.119170528,5.087668254,0.003640723,0.003799238
IRIS_313-11050,97.24117724,795.5840577,8.284972767,51.50038015,0.030640756,0.070265964,0.007777571,0.02576591,0.016942327,0.016848645,85.70101207,450.1498005,9.483483237,42.19177326,0.090075815,0.01366512,0.13705652,0.032803146,6.312107025,0.015483678,0.016601073,11.8174991,15.21612138,8.896550721,10.64710944,16.33259026,351.8109579,-1.279518498,10.89989479,3.164885709,4.999427748,0.002808909,0.002323621
IRIS_313-11052,77.78082834,670.967867,7.243715353,49.63842544,0.030997031,0.12878304,0.007792503,0.02552332,0.016737156,0.016620948,70.24038059,336.9263782,8.650580756,39.51923749,0.09220519,0.015181402,0.142594149,0.033119251,6.776872104,0.012490324,0.012040839,11.0388392,13.82809958,8.142668285,8.547379095,16.31499847,351.3582676,-1.309407847,10.95917107,3.129482207,5.040911664,0.003727627,0.004185688
IRIS_313-11053,85.71326987,708.5969191,7.478869118,45.75653849,0.031021781,0.103400122,0.007783134,0.025480857,0.016657178,0.016464869,61.66034698,281.7613171,7.840929058,30.7497494,0.091818476,0.013515449,0.139648653,0.03281063,7.352179378,0.010419379,0.010036714,11.33032593,15.17587304,7.902112855,8.71961995,16.40460444,371.2146661,-0.58153812,11.01351368,3.222632646,5.209335408,0.004764956,0.005151341
IRIS_313-11054,101.4322243,746.7346896,7.519347208,50.70144557,0.03097342,0.07769826,0.007794073,0.025641008,0.016653305,0.016367893,74.458919,368.2381675,8.023824256,38.92687045,0.089301112,0.014381489,0.122888751,0.033027658,6.603994205,0.013421213,0.012706866,13.16940765,14.68113389,9.34730792,9.43677498,16.46106117,357.3980528,-0.779763223,10.97613525,3.731056696,5.015713725,0.00312208,0.003482022
IRIS_313-11056,93.96579234,799.5862437,7.964933541,51.00491189,0.030622066,0.116357506,0.00778784,0.025574888,0.01681811,0.016638096,79.17747628,449.2396701,9.575781904,42.92560333,0.090550465,0.014006862,0.135496223,0.033136893,6.068945141,0.01524047,0.015100394,11.78170453,15.14518407,8.316171617,10.51729,16.34808127,351.4653469,-1.487179345,10.87456086,3.365469239,4.995643429,0.002636337,0.002596456
IRIS_313-11057,101.3114709,748.1273043,7.510250778,50.74897376,0.030968705,0.078518698,0.007794056,0.025641211,0.01664946,0.016360706,74.55053342,371.2802543,8.019390513,38.95310474,0.089295321,0.014373452,0.122763033,0.033023152,6.583942314,0.013480787,0.012750289,13.17009944,14.68898727,9.36355573,9.499438076,16.46022029,357.3158317,-0.780136591,10.97621516,3.725597554,5.014351447,0.003098757,0.003458058
IRIS_313-11058,101.1881048,815.6880265,8.205525975,49.46993344,0.030716611,0.081859392,0.007781559,0.025550749,0.01686448,0.016834429,71.6625872,354.7122257,8.609357788,36.32098357,0.09017711,0.013120814,0.12992628,0.032601236,6.829114648,0.012044152,0.011500644,12.12200257,15.92834801,8.29127229,9.542665546,16.44470273,374.0728462,-0.691231025,10.96534745,3.475008595,5.168051367,0.004242448,0.00470722
IRIS_313-11059,105.0548647,804.9637906,8.733079047,51.12299681,0.030722412,0.083816842,0.007782647,0.025585725,0.016893893,0.016863278,83.13114391,433.1293816,9.483826013,40.44964785,0.0899643,0.013655421,0.133725727,0.032416597,6.449176111,0.014346386,0.013787726,12.04552983,15.57839359,8.619330923,10.54589208,16.41421778,364.1691589,-0.985613912,10.93899007,3.362216,5.084927854,0.003353583,0.003683843
IRIS_313-11060,68.56929887,615.4913283,6.881384221,41.33628259,0.030833089,0.136691813,0.007779541,0.025472051,0.016409123,0.016092181,63.10555544,342.4382072,8.207676579,34.80359652,0.092545411,0.013827568,0.141860205,0.032400213,6.838269364,0.012070643,0.011772562,10.24576115,14.27419697,7.80042837,9.605428045,16.32298054,354.8119257,-0.990522398,10.90281394,2.767404992,5.124217735,0.003772748,0.003972338
IRIS_313-11061,73.0992663,638.1278585,7.235231927,44.29895957,0.031041862,0.131682203,0.007774039,0.025514093,0.016603882,0.016349541,61.68591557,288.093883,8.138606883,32.99181408,0.092557422,0.014272148,0.141925928,0.033166906,7.446342758,0.009484948,0.008842798,10.5471381,14.35345541,7.65747379,8.404683843,16.34073844,360.5189946,-0.903971627,10.9774941,2.996367588,5.159651733,0.004879897,0.005398062
IRIS_313-11062,64.1686319,629.1481261,7.396818539,51.22779256,0.032996088,0.074716166,0.007816522,0.025541465,0.017368545,0.018286665,57.70358969,287.7181994,9.228150071,39.36840913,0.091704624,0.016029721,0.140768745,0.031909489,7.793699699,0.008954405,0.00852542,9.265103069,12.80745795,6.424668848,7.228709965,16.13515457,356.2578608,-1.749803032,11.24213807,2.905387177,5.033265844,0.006308849,0.00799345
IRIS_313-11063,71.19091718,601.6822766,6.046164129,48.2719847,0.030995186,0.104536898,0.007805744,0.025911474,0.016163854,0.015584332,60.20315251,328.4540338,8.432218629,40.42077177,0.089667833,0.014725774,0.132388444,0.033127947,7.469808817,0.010724699,0.010133595,11.99088957,12.79367867,7.357598183,8.12571713,16.32247842,327.9044393,-1.833114981,10.88260125,4.02523465,4.886877809,0.003546241,0.00385166
IRIS_313-11064,66.92353399,598.6806048,6.339629157,48.01681595,NA,NA,NA,NA,0.016233182,0.01571616,58.92084603,317.471953,8.414327427,40.04391493,NA,NA,NA,NA,7.474314036,0.010530016,0.00987382,11.2981317,12.80046216,7.236627075,7.975682598,16.31104438,327.9211706,-1.721580252,10.878152,3.778449326,4.889613776,0.003787024,0.004184911
IRIS_313-11065,68.96051175,575.3998335,6.110310094,47.7102265,0.030983154,0.111420956,0.007809683,0.025884284,0.016155326,0.015580143,62.10018412,351.593805,8.514546785,41.06494776,0.089776241,0.014871621,0.132561043,0.033018299,7.292196534,0.011487688,0.010928546,11.66022143,12.57698811,7.4564745,8.480485394,16.30261239,322.7314821,-1.856002455,10.86892573,3.852822291,4.858587609,0.003325564,0.003594687
IRIS_313-11066,69.27957476,659.9197279,7.441334382,49.8589102,0.032733034,0.090363612,0.007810784,0.025556636,0.017329356,0.018162318,61.70110678,297.1562248,9.368595197,38.25246163,0.091326605,0.015773854,0.14040474,0.032099595,7.781245121,0.008931037,0.00866514,9.596052114,13.27049962,6.702724594,7.552408856,16.13916301,358.9602547,-1.815804696,11.21974815,2.95915645,5.058963988,0.006358006,0.007902972
IRIS_313-11067,72.10090859,600.9963785,6.268640758,49.81277899,0.030949218,0.118278432,0.007804663,0.02580623,0.016279215,0.015881193,66.34039683,401.6755671,8.700008665,42.62656269,0.089432371,0.014277648,0.133297138,0.032824155,6.893702749,0.011846531,0.011291257,11.71430285,12.66819888,7.715718636,9.241185076,16.29251115,320.5184192,-1.863952062,10.87516324,3.742322351,4.826708555,0.003395041,0.003836154
IRIS_313-11068,69.0474942,654.9665155,7.340164207,51.610514,0.032862911,0.093196984,0.007819426,0.025569943,0.017285771,0.018164638,61.25952463,322.9717572,8.964240027,40.00688876,0.091571809,0.015967802,0.137134731,0.0320038,7.553213906,0.010727385,0.010406118,9.646469664,13.03180653,6.938652115,7.922253412,16.13134004,356.7972595,-1.614157225,11.25537177,2.862762487,5.01616445,0.005507854,0.007040801
IRIS_313-11069,71.63979417,697.2492011,7.560805451,51.22410258,0.032805735,0.09676944,0.00781477,0.025541667,0.017408339,0.018449527,64.98350787,327.5341795,9.428889567,40.17881128,0.091504143,0.015981343,0.140897635,0.03214254,7.71001255,0.009666791,0.00934921,9.703697214,13.52475818,6.888733645,7.91800081,16.12926775,362.2354718,-1.788429421,11.23828155,2.919868094,5.067331236,0.006277221,0.008087068
IRIS_313-11070,64.57620639,633.6803799,7.273285055,48.55860716,0.032780371,0.086761159,0.007810044,0.025531932,0.017406177,0.018384173,59.96998085,271.201254,9.248940709,37.49523577,0.091498818,0.015826543,0.140803445,0.032186138,7.899489608,0.008345263,0.008017814,9.339327687,13.18117452,6.585195147,7.0706176,16.12505962,358.8170014,-1.801490059,11.21478091,2.879038011,5.078880819,0.006740701,0.008506178
IRIS_313-11111,108.6077192,796.7263611,8.870824765,52.17800525,0.030654821,0.084782597,0.007782582,0.02565547,0.016980137,0.016994039,88.73050412,458.2092422,9.533961733,41.39916376,0.090399421,0.013830765,0.133552849,0.032551037,6.51514055,0.014805028,0.014816765,12.13876012,15.34697668,9.070597177,10.94041857,16.39100139,360.8170955,-0.98443337,10.94774109,3.220428084,5.05371209,0.003222555,0.003302079
IRIS_313-11112,104.7616535,880.0036283,8.106210408,54.55065183,0.030767074,0.123993004,0.007824447,0.025541803,0.016808259,0.016402235,85.59480301,501.3658875,9.226127124,43.68650457,0.090286481,0.014564679,0.120875054,0.035083791,5.86094191,0.015407326,0.014080887,12.93344746,15.8770254,9.242513605,11.41399902,16.46382264,374.7893583,-1.232783287,11.07718928,3.722395624,5.019763121,0.00176434,0.00221635
IRIS_313-11113,106.8551773,973.3987001,7.528804207,59.8647187,0.032151895,0.131250218,0.007808238,0.025481083,0.017620716,0.017639276,98.46007447,549.728163,9.041710029,46.60877081,0.100917058,0.023583857,0.12325612,0.031011024,5.948168204,0.017039828,0.017449903,14.05047389,16.41613495,10.61258981,11.66232031,16.61668921,434.0414225,-1.624872528,11.44362043,4.188388408,5.446707098,0.001500498,0.001350768
IRIS_313-11114,105.7897286,934.3046201,6.84019089,48.97884572,0.032371659,0.135654348,0.007741275,0.025378801,0.017831787,0.018031689,77.07433204,471.9338471,8.560547521,41.16127687,0.106603738,0.032447796,0.122891384,0.031244833,6.70569088,0.016506876,0.0161701,14.92625716,18.24134602,9.029687692,11.25666928,16.78102148,439.3097719,-1.75686522,11.37871917,5.424034601,5.657693543,0.001998898,0.002306987
IRIS_313-11115,90.31496605,896.4925005,7.210360416,56.62629351,0.031976704,0.116637031,0.007783387,0.025401408,0.017708886,0.017764203,79.71524349,529.4525771,8.649289947,45.96655527,0.100517079,0.023629362,0.118096923,0.032226775,5.998421738,0.017252082,0.017495573,12.97094392,16.08057805,9.234703686,11.35125638,16.63300412,422.5508616,-1.493628957,11.38723012,4.182258297,5.41574836,0.001645795,0.001582005
IRIS_313-11116,105.4344447,805.6601909,8.44027993,49.80859044,0.030774361,0.105261767,0.007856873,0.025532879,0.016800254,0.016445205,93.29987967,539.1705353,9.479611333,40.96998174,0.091395193,0.015634896,0.124233768,0.033793518,5.807812035,0.015065065,0.014294908,12.39498675,15.6467647,9.39330983,12.60359494,16.4042684,356.3364145,-1.270409927,11.00500802,3.403270675,4.97275986,0.002127075,0.002405806
IRIS_313-11123,109.99437,879.8269194,7.983558342,55.55855421,0.030795145,0.116077145,0.007818498,0.025527404,0.016774736,0.016406019,80.05406701,467.6723248,9.087185311,42.82834278,0.0903611,0.014621807,0.118976565,0.034459637,5.946867153,0.015590762,0.01449362,13.34617156,15.55404088,8.858866223,10.83117048,16.51716894,376.5046437,-1.233349364,11.10238177,4.077831357,5.018749807,0.001654568,0.001983147
IRIS_313-11124,102.9371558,850.2496297,7.790384786,54.43905455,0.031230594,0.120870277,0.007812067,0.025514231,0.016979871,0.01685612,78.4752752,461.1051376,9.147490733,42.55823881,0.091839976,0.015990884,0.117508685,0.034018232,6.139580645,0.015521807,0.014633936,13.01284345,15.42381501,8.66660375,10.72142861,16.4972865,379.8305394,-1.390699412,11.15587835,4.045077572,5.065236446,0.001948035,0.002439588
IRIS_313-11154,98.45198277,793.3323886,8.110072689,50.5431893,0.030732339,0.095936401,0.007785026,0.02561301,0.017019585,0.017031115,89.92048647,491.1489309,9.364796364,41.94872173,0.090282824,0.013764095,0.138027409,0.032774552,6.252295356,0.015095834,0.015275447,11.96325702,15.42608775,9.361407025,11.4677096,16.30688844,350.5842658,-1.246201,10.89142746,2.994903725,5.00928505,0.00313107,0.003060626
IRIS_313-11163,95.30603851,740.5043519,7.653105189,49.72715729,0.03092018,0.103696858,0.00779257,0.025659058,0.016602939,0.016245311,74.17791904,387.9568871,8.185547587,38.91619859,0.089418542,0.014371402,0.123938519,0.032950988,6.555387709,0.013827709,0.013123368,12.65897026,14.65803615,9.127167035,9.843375519,16.43256354,352.5317906,-0.862348142,10.95797204,3.608975167,4.98709567,0.002922364,0.003193104
IRIS_313-11203,98.08041471,899.2904758,6.637168271,53.90300743,0.032527149,0.16719094,0.007734156,0.025368643,0.017636559,0.017633267,73.85768312,440.9525758,8.648538645,42.80486385,0.10361065,0.027016045,0.121296157,0.031755017,6.661752178,0.015955854,0.015785785,14.51738072,16.59568884,8.684290143,10.23152691,16.76535728,437.2245568,-1.881275322,11.43918357,5.374600454,5.56582219,0.00194663,0.002077189
IRIS_313-11204,104.9235265,954.2903401,7.593097657,55.18749663,0.03201819,0.14450972,0.007771042,0.025377306,0.017512318,0.017623975,82.37856334,532.547289,9.217528388,43.82638254,0.099391383,0.022818284,0.125398701,0.032289656,6.087414614,0.017408317,0.017864403,13.8517287,16.93347268,8.953119414,11.91429042,16.66907161,421.6926795,-1.693850635,11.34169159,4.751505515,5.402688036,0.001537418,0.001531452
IRIS_313-11205,106.5244567,998.8344448,7.017222962,56.99712191,0.032690019,0.161354872,0.007737641,0.025443345,0.017630935,0.017563156,87.23335757,572.8679424,8.922382315,41.63446748,0.101140009,0.02389516,0.115726574,0.032652565,6.131874855,0.016886864,0.016024705,14.79564693,17.1586214,9.774822491,13.65554618,16.71988941,434.6511674,-1.887045374,11.49246355,5.07050979,5.427733294,0.001561279,0.001866338
IRIS_313-11206,91.68579152,863.5701179,7.122748208,54.05893032,0.032261432,0.134824798,0.007762588,0.02535731,0.01761299,0.01764026,73.99936711,424.9688731,8.710958545,43.76086308,0.10068976,0.02858069,0.122537739,0.03186629,6.642327504,0.016696675,0.017000461,13.22681982,16.07456464,8.605446022,9.708598996,16.67795309,429.0913994,-1.624146818,11.39978188,4.640897932,5.512710004,0.001668522,0.001496926
IRIS_313-11207,108.2410975,969.2293277,7.200837209,57.05038213,0.032191892,0.155216337,0.007767978,0.025418016,0.017691132,0.017760803,83.5222631,490.056205,8.789148254,46.64886297,0.101857521,0.025376712,0.12397948,0.032060883,6.254068313,0.017341344,0.017617513,14.53228071,16.79869496,9.432975049,10.47658095,16.72367624,440.5546473,-1.639613152,11.40484834,4.918631851,5.541158415,0.001521175,0.001415788
IRIS_313-11208,94.23144604,885.3844653,6.718066103,56.99245701,0.032614776,0.109408869,0.007744907,0.025434149,0.017600347,0.017572852,85.33187549,520.7285011,9.088183604,46.30718623,0.100518953,0.023406746,0.124268074,0.03290094,6.458376368,0.015036985,0.014778863,13.99037596,15.7920759,9.299996484,10.81420929,16.6318849,422.0084865,-2.090694799,11.42802893,4.828499613,5.430368676,0.002491763,0.002787585
IRIS_313-11210,71.90556512,652.0367539,7.062641311,46.80041799,0.031212064,0.151424859,0.0077814,0.025468158,0.016771072,0.016720981,60.86763131,279.7226317,7.726930313,34.30220567,0.093253096,0.015033984,0.141340863,0.033282602,7.253043371,0.009873016,0.008861117,10.56180955,14.20621706,7.937146184,8.01676874,16.34538395,366.1927001,-0.758044405,11.0237569,2.910449922,5.189517621,0.005088462,0.005962618
IRIS_313-11211,105.9715557,893.2568712,6.949155731,54.94492024,0.032463832,0.134586458,0.007753645,0.025573435,0.017450257,0.017434699,79.3559263,425.1966875,8.596849196,40.00757251,0.103104465,0.026322155,0.128741044,0.030811469,6.830947212,0.014597878,0.014197988,14.57262922,16.18527671,9.219506177,10.54461113,16.72541156,431.9248569,-1.722050575,11.43824467,5.113838397,5.48739884,0.002325192,0.002726976
IRIS_313-11212,86.70051617,822.9889533,6.379412776,53.28401559,0.03232819,0.136714116,0.007758258,0.025417792,0.017505425,0.01742999,82.45715363,502.7105158,8.798935941,43.52398063,0.102066013,0.024951211,0.123357326,0.030702389,6.240344367,0.015482233,0.015004299,13.70512701,15.72948515,9.380405923,11.4580046,16.61933466,413.0566508,-2.043800555,11.36424414,4.626468053,5.403592006,0.002029874,0.002243801
IRIS_313-11213,91.15739742,794.5500353,7.702718771,49.80755036,0.030790365,0.110673299,0.007793173,0.025512525,0.01678929,0.016660466,75.92681622,452.2151028,8.676026081,39.83009534,0.092223744,0.013768234,0.141403246,0.031589813,6.527300074,0.013243789,0.013440873,11.5922018,15.50772787,8.69477815,11.08180886,16.34010339,363.2118874,-0.975734466,10.94129957,3.006390553,5.122410281,0.003905699,0.003871699
IRIS_313-11214,83.41772826,600.6195973,6.931610489,49.31923605,0.030972088,0.126135262,0.007798219,0.025625533,0.016817925,0.016473691,74.85910354,397.8361171,9.068229069,39.5919986,0.090889022,0.014349544,0.122843552,0.033030436,6.924149543,0.01299445,0.012330657,12.1065115,12.96311094,8.27745629,9.919750105,16.3720844,333.3031801,-1.746143017,10.97963941,3.740300699,4.850052454,0.003152647,0.003411234
IRIS_313-11216,103.0728804,933.3670697,7.914298318,57.62936203,0.030721501,0.130162966,0.007821126,0.025525003,0.016817936,0.016489996,89.85795917,538.4941397,9.297365112,44.63434304,0.090260752,0.014767047,0.119641138,0.037714848,5.908943336,0.016225476,0.015411582,12.92433023,15.95151718,9.485939819,11.75016861,16.43510906,378.3862078,-1.341567458,11.10788657,3.648651026,5.019709429,0.001630111,0.001926974
IRIS_313-11217,86.80850875,927.4026119,7.679570392,59.00266037,0.03234879,0.099567059,0.007813549,0.025586941,0.017487181,0.018722485,77.63761158,588.2505988,8.858659179,47.01621481,0.09286501,0.01703496,0.124487911,0.032387044,6.106212611,0.016603626,0.016464906,11.11216753,15.11689076,8.646258529,11.95187239,16.20865497,375.6206661,-1.356406349,11.33964874,2.904650508,5.010953973,0.002755975,0.00434558
IRIS_313-11218,NA,NA,NA,NA,0.032646517,0.12191236,0.007819172,0.025581622,NA,NA,NA,NA,NA,NA,0.092342429,0.016763589,0.125829446,0.03199513,NA,NA,NA,NA,NA,NA,NA,NA,NA,NA,NA,NA,NA,NA,NA
IRIS_313-11219,97.80640095,969.3472707,7.201795448,57.94055216,0.032675226,0.125297708,0.007743295,0.025547181,0.017582656,0.017572593,81.39290568,566.7760117,9.088124116,45.11352429,0.0998582,0.022757627,0.114227806,0.032877133,6.132528344,0.016396756,0.015911709,13.7379052,16.51827032,8.967599358,12.29228839,16.67714236,427.2601959,-1.903392478,11.45222465,4.877303212,5.406853556,0.001934925,0.002273668
IRIS_313-11220,97.84388821,893.0296225,6.665994474,52.02153583,NA,NA,NA,NA,0.017465426,0.017368513,72.02022395,385.361474,8.541292564,39.66379869,NA,NA,NA,NA,6.965393358,0.013050178,0.012511648,14.43539966,16.79025066,8.589719244,9.652387714,16.75464497,437.1187636,-1.760825567,11.39113237,5.318102495,5.573483609,0.002784718,0.003166625
IRIS_313-11221,90.77275616,878.9420895,6.316632325,55.69990849,0.032440953,0.152388595,0.007741619,0.025454763,0.017546734,0.017353689,75.32675182,445.5424729,8.415596077,43.95266113,0.102370006,0.024956857,0.118232737,0.031638811,6.37017956,0.014858953,0.015682913,14.34526223,15.91781161,9.062020226,10.07527955,16.70713749,431.9123398,-1.880298329,11.42831115,5.160319485,5.498627839,0.002181529,0.001746032
IRIS_313-11222,90.19510104,915.8051077,6.62078728,56.38580287,0.033034534,0.130302095,0.007774833,0.025421414,0.01744506,0.017201115,82.8206483,555.6719374,8.714664682,45.6391302,0.100248079,0.022533984,0.118365015,0.032589875,6.176168802,0.016650649,0.015851441,13.84210754,16.3113921,9.670046285,12.18009057,16.63406908,419.5571996,-1.92310224,11.4174047,4.586872815,5.372662836,0.001280155,0.001401711
IRIS_313-11223,80.05430188,797.0982755,7.210724932,54.20266058,0.032766763,0.088307233,0.007816775,0.025571414,0.017522447,0.018283136,72.27316807,428.3116602,8.891842305,40.59921753,0.095336597,0.0189216,0.124277157,0.032016123,6.695332405,0.014485526,0.013715845,11.44251438,14.67216404,8.203765824,10.22282546,16.33141987,387.353591,-1.651898623,11.37980021,3.506638885,5.149719553,0.003358049,0.004677397
IRIS_313-11224,99.19304164,920.9351333,6.158476352,58.52508806,0.032555867,0.140610232,0.007744805,0.025497659,0.017538449,0.01747423,78.23561777,507.3887897,8.486336572,45.08508988,0.101764624,0.024266996,0.122195625,0.031670511,5.787238346,0.016026508,0.01625908,15.3227974,15.78984187,9.172115225,10.87553878,16.69983073,430.3738564,-1.986682833,11.46964389,5.513032142,5.459127875,0.001944306,0.001836564
IRIS_313-11225,NA,NA,NA,NA,0.032837587,0.129694971,0.007755202,0.025420092,NA,NA,NA,NA,NA,NA,0.10102299,0.023836397,0.121130808,0.032693185,6.417651138,0.015848877,0.015544651,NA,NA,NA,NA,NA,NA,NA,NA,NA,NA,NA,NA
IRIS_313-11226,91.85932483,872.1000847,6.931467955,55.18107858,0.032257902,0.137680817,0.007742311,0.025472775,0.017525205,0.017444118,72.11380368,399.2942219,8.970573472,41.8251561,0.103026201,0.025710154,0.123865399,0.030547234,6.70217558,0.014661714,0.014923135,13.60888835,15.95684366,8.142799848,9.449196323,16.71956022,434.6416744,-1.966502454,11.44191625,5.135786635,5.523380392,0.002199264,0.00210537
IRIS_313-11227,84.51949579,847.5680033,6.451057027,55.99067765,0.034186499,0.132957759,0.007743249,0.025585787,0.017434734,0.017264151,73.77186846,409.4114996,8.252072154,43.25700193,0.100770734,0.023241289,0.124645241,0.032228711,6.849754016,0.013656579,0.012186104,13.40446427,15.43081394,9.114726135,9.512875015,16.69911144,439.7547949,-1.689566068,11.45755266,5.002874541,5.518482498,0.002690473,0.003454922
IRIS_313-11228,97.27984319,914.2268219,6.945258524,55.93497333,0.032440529,0.138826195,0.007740639,0.025476832,0.017559401,0.017478301,77.28487757,442.1023777,8.951974637,42.80090037,0.102014554,0.024644262,0.120488669,0.031177194,6.396897762,0.015517952,0.015575982,14.05969668,16.28316402,8.711918367,10.23898298,16.71342011,434.763889,-1.934814573,11.44283592,5.124673082,5.502593251,0.002033152,0.002004965
IRIS_313-11229,111.7755694,946.9894811,6.835452206,57.41808928,0.032480299,0.15412716,0.007744152,0.02545046,0.017547481,0.017407719,87.87216761,533.4467183,8.635103056,45.31856668,0.101644547,0.024084442,0.123190406,0.032194289,6.210279025,0.015752863,0.015264502,15.68253782,16.59949488,10.33312479,11.71057591,16.73862582,431.8359901,-1.76116875,11.44338859,5.196227801,5.459292207,0.001812919,0.001941429
IRIS_313-11230,83.73858944,839.5693128,6.461795602,55.74620938,0.034283662,0.134634349,0.007743203,0.025575313,0.017430406,0.01724731,NA,NA,NA,NA,0.100778642,0.023248683,0.124404853,0.032257213,6.818784082,0.013735987,0.012240713,13.33617376,15.38704925,NA,NA,NA,NA,NA,NA,NA,NA,0.002656453,0.003407785
IRIS_313-11231,89.96229565,867.0608449,6.401479078,51.53810836,0.032656682,0.112088578,0.007751674,0.02539514,0.017407558,0.017204463,68.05304532,441.8586892,8.66685429,45.25232533,0.102855846,0.025830965,0.120618593,0.031446373,6.748901479,0.015431912,0.015241888,14.10177694,16.56352761,8.070007053,9.871406946,16.73262236,430.5113628,-1.960305702,11.34704044,5.368398332,5.553695316,0.001781251,0.001770408
IRIS_313-11241,87.53334777,855.5799156,6.823789167,54.70382291,0.032091085,0.122478812,0.007770693,0.025376818,0.017741574,0.017945183,71.05023535,398.8777433,8.367852497,41.92000487,0.10218109,0.026138808,0.12257105,0.030890835,6.795193069,0.014833767,0.014272926,13.18579898,15.97453754,8.58442595,9.450727557,16.67632232,430.6879633,-1.520283492,11.40908399,4.598571943,5.494258156,0.002592548,0.003132978
IRIS_313-11321,97.7492334,853.8057942,6.767468975,53.19095514,0.032316235,0.120810157,0.007752113,0.025337231,0.017815448,0.018061854,74.21787207,410.2800072,8.542466831,38.01272179,0.101900227,0.025128375,0.125948212,0.032085656,7.017797451,0.016178125,0.017421352,14.33170997,16.24493368,8.790021798,10.5107815,16.74957348,433.3248182,-1.70719846,11.46124551,5.178016986,5.511757923,0.00218307,0.001954545
IRIS_313-11322,80.14272188,694.827737,7.734520151,45.24188498,0.030811447,0.117290507,0.007777884,0.02549016,0.016815432,0.017004364,70.18274851,358.7903855,8.36657247,36.13531186,0.092224586,0.014034579,0.137401726,0.032205911,7.132336435,0.01111301,0.010913368,10.7506898,15.01492875,8.315074777,9.742087325,16.34982989,365.8027421,-0.745549843,10.948361,2.828150507,5.174271496,0.004792419,0.005556213
IRIS_313-11323,85.12193604,732.0002861,7.105563885,49.55541314,0.030927769,0.12391669,0.007859696,0.02562351,0.0166583,0.016341654,75.69932482,416.6761655,8.301324312,39.49219169,0.091284956,0.01448631,0.138104588,0.03290565,6.663443782,0.011916709,0.011221862,11.94576791,14.61545775,9.188533103,10.43935611,16.34723921,351.3680948,-1.140960456,10.95294542,3.173540663,4.999283799,0.003695319,0.004058365
IRIS_313-11324,80.40966985,719.939005,7.611062956,47.69875618,0.030759153,0.074584507,0.007806206,0.025510609,0.016676832,0.01650921,73.703245,365.1338985,8.534214377,39.36905509,0.093539348,0.01423357,0.144172656,0.032140844,7.084215732,0.011329678,0.011552548,10.87165885,14.90668132,8.561349573,9.317695666,16.31223692,361.703904,-0.96108895,10.92403756,2.775433139,5.148235652,0.004338309,0.004469871
IRIS_313-11326,93.98184001,914.4598048,6.381520917,52.29542163,0.03220218,0.13440576,0.007750507,0.025300778,0.017791852,0.018289554,77.7148371,467.5135444,8.083932333,39.51848466,0.105346868,0.030071574,0.117438728,0.031145937,6.582363903,0.016646492,0.016641911,14.66535227,17.20529307,9.40580374,11.27906689,16.67680662,435.1470812,-1.64304996,11.44242935,5.092713805,5.56951747,0.002048553,0.002607434
IRIS_313-11399,104.016653,934.9124796,6.892013388,56.68929821,0.032349974,0.146986397,0.007738011,0.02541451,0.017689741,0.017724872,81.56330429,531.8160121,8.697268456,45.30795466,0.101652307,0.024854492,0.114689005,0.03255076,6.441044943,0.016626072,0.016588039,14.83839093,16.51660775,9.400414443,11.50790724,16.72731659,430.048209,-1.742546165,11.43046704,5.149716949,5.46443448,0.001813104,0.001858326
IRIS_313-11400,95.32713453,855.3244643,7.023097477,54.82621306,0.03264678,0.107643554,0.007745264,0.02543403,0.017566102,0.017527783,78.6654746,411.3164988,9.121383881,41.1894413,0.099286534,0.02201054,0.125570643,0.033465555,6.937144856,0.013195739,0.012911728,13.70543284,15.77815796,8.690163577,9.52222399,16.65981848,426.8284969,-1.99357164,11.45118901,4.910723214,5.465865137,0.003013544,0.003402423
IRIS_313-11401,86.68573688,773.0371688,7.425898694,54.78444513,0.032634011,0.069708713,0.007861482,0.025719011,0.017499513,0.01926043,72.26415693,443.6302232,9.058900121,42.66322654,0.092526359,0.017025904,0.121675705,0.032147824,6.735315666,0.014692546,0.014404226,11.18605984,13.99471732,7.90849437,10.02994858,16.19505175,365.8549558,-1.60097831,11.32023692,3.207734946,5.002105305,0.003866566,0.006388491
IRIS_313-11402,109.102608,1005.04514,6.969922205,57.8673649,0.032250623,0.163274113,0.007743277,0.025373499,0.017732669,0.017838756,85.75214342,583.4951961,8.502448201,46.58403514,0.102763999,0.025928284,0.117776519,0.031764018,5.971587974,0.017046081,0.016701449,15.03730795,17.01352466,9.973327134,12.17595993,16.71986553,435.5030021,-1.625234059,11.43618593,5.01737467,5.495016047,0.001731969,0.001913015
IRIS_313-11404,85.19232774,806.5106027,6.748321866,49.1006248,0.032540087,0.126652369,0.00773727,0.025355349,0.017691697,0.017735956,76.02158078,429.6348055,8.099702557,38.47958236,0.103766437,0.027213534,0.12614106,0.031518546,6.546554959,0.016621045,0.016616302,13.43054738,16.33848551,9.516511187,10.9787597,16.67315339,424.7074661,-1.538054385,11.40239433,4.545307636,5.516674403,0.001865138,0.001908239
IRIS_313-11481,93.37743201,747.6160404,7.943513167,48.26332314,0.030740097,0.106051932,0.007779894,0.025526373,0.016758235,0.016709138,73.4831454,381.4947083,8.618579204,36.41948856,0.091253056,0.013629951,0.134168399,0.032143124,7.001337503,0.012342737,0.011946002,11.63419829,15.30163169,8.434325934,10.18772103,16.4012745,367.0272265,-0.788261128,10.97057629,3.191526184,5.141057183,0.004079775,0.004509947
IRIS_313-11482,91.99264686,740.1196937,8.087728237,48.84707987,0.030808767,0.11885432,0.007838914,0.025511094,0.016771202,0.016371329,81.01641586,441.7334159,8.975775125,38.20884571,0.091641044,0.015439373,0.130274335,0.033521595,6.127055335,0.013300858,0.012483166,11.77061543,15.01770466,8.861278407,11.22830935,16.40679154,356.6507737,-1.133069308,11.02073451,3.312312358,4.979414744,0.002597902,0.002881407
IRIS_313-11483,90.6249336,798.1027781,7.824692447,49.165674,0.030765967,0.095812773,0.00780131,0.025565068,0.016815721,0.01680502,72.81037191,410.1316802,8.440396347,38.01159498,0.091861747,0.013663279,0.142119868,0.031907166,6.90297673,0.012472028,0.012651813,11.48236573,15.72117952,8.585428125,10.52424223,16.37605147,372.6312306,-0.757454141,10.97117564,3.016371793,5.180623179,0.004193803,0.004382629
IRIS_313-11484,105.0036909,865.226278,8.434213521,52.73446557,0.030840298,0.07275947,0.007810223,0.02547174,0.016998015,0.016914805,89.06013115,545.7584035,9.593314182,43.86145595,0.091926506,0.016145784,0.117295816,0.034383042,6.230464799,0.015766977,0.013502662,12.65244363,16.020594,9.141611542,12.1689654,16.46146973,372.6305845,-1.343361783,11.07236408,3.686110903,5.053880091,0.001960945,0.003079376
IRIS_313-11486,87.8738958,773.3915753,6.962195036,51.38404811,0.031590151,0.138410938,0.007787862,0.025423854,0.017234803,0.017128222,74.20787151,401.2847829,8.529474363,40.20683472,0.096716359,0.02096942,0.120516908,0.032634768,6.658576604,0.014455132,0.013719193,12.91558651,15.23161322,8.773577446,9.847401325,16.55880496,395.0975238,-1.466443279,11.23793209,4.209465558,5.246470838,0.002400191,0.002825487
IRIS_313-11487,105.8966049,1038.080694,7.987208328,56.45334476,0.031838366,0.057599946,0.007794277,0.025523754,0.017653849,0.01778602,90.21208736,551.768431,9.179005465,44.58396406,0.100198762,0.022986013,0.117064154,0.030882558,5.702706249,0.017472446,0.017647479,13.49892353,17.67798653,9.663581913,12.15280501,16.63998912,439.8043368,-1.465927255,11.3794563,4.244923531,5.495948372,0.001516575,0.001568084
IRIS_313-11557,75.8279029,617.8927874,6.87702494,44.44515533,0.030754214,0.09522026,0.007793382,0.025557628,0.016454604,0.015926767,76.40256538,425.4701688,9.298868305,40.13647212,0.091865729,0.014434003,0.13424382,0.033024316,6.349913395,0.013596466,0.012990015,11.20606737,13.66562959,8.212607834,10.50814067,16.29333591,331.7466219,-1.764619052,10.82908885,3.187316614,4.901150517,0.002421117,0.002344213
IRIS_313-11558,104.6011454,932.4073224,6.970272891,55.21239653,0.032398636,0.116548284,0.007757469,0.025410999,0.017609251,0.018249239,76.65610521,420.3106478,9.151288123,42.20716108,0.104021404,0.027335428,0.129484331,0.030580871,6.800036633,0.01479327,0.014447304,14.43119616,16.50000871,8.412060899,9.894925378,16.73789649,440.4493827,-2.047096786,11.44100756,5.369698553,5.561027379,0.002434807,0.003647968
IRIS_313-11722,83.92995149,777.6877968,5.828372306,46.27557375,0.032618162,0.151556955,0.00773762,0.025357838,0.017757554,0.018006455,68.69999352,385.7815277,7.638832439,35.8303145,0.103975056,0.028124468,0.117551714,0.030846845,6.61115801,0.015873027,0.015504921,14.40550157,16.4263134,9.250041255,10.42341645,16.69836065,422.3719663,-1.620918581,11.38135127,5.068003408,5.527427502,0.002245342,0.002699255
IRIS_313-11945,102.2131653,964.1509184,7.536174984,56.42010734,0.03263808,0.33156433,0.007782594,0.025431455,0.017594699,0.017575498,84.71495293,532.07804,8.715395101,45.30634214,0.102531837,0.024804901,0.124506457,0.031706488,5.812788089,0.017076381,0.017097629,13.58321361,16.75840382,9.6497284,11.58464885,16.67261702,435.1042581,-1.432456348,11.4057498,4.354806423,5.490210416,0.001438537,0.001365782
IRIS_313-11964,90.16013363,773.4129974,6.285185266,50.46534682,0.032329884,0.119423686,0.007749488,0.025446997,0.017549121,0.017502449,71.51537922,385.8139648,8.468793732,41.4799607,0.114160736,0.041306601,0.121286597,0.030206253,6.95090178,0.016547963,0.01637695,14.23280364,15.62414502,8.581064281,9.384030869,16.72317928,422.6711599,-1.914797694,11.35671962,5.242122682,5.506217153,0.001666176,0.001747002
IRIS_313-12002,68.36588249,583.6412307,6.29673551,46.64551257,0.031014957,0.106133241,0.007805411,0.025837491,0.016090593,0.015458472,58.63875182,310.3495217,8.150050375,38.01205928,0.089693062,0.014660341,0.133551216,0.033034839,7.438255675,0.010840841,0.01034935,11.41339479,12.79079289,7.480541794,8.126960678,16.31339143,327.9792525,-1.596270133,10.89076607,3.732170554,4.891101413,0.003386692,0.003592032
IRIS_313-12055,70.81578749,636.3224134,6.350907217,46.66888134,0.031651009,0.171588783,0.007760195,0.025508952,0.016721872,0.01642692,58.22208946,264.9626389,7.204366517,31.26749894,0.093582959,0.015894885,0.136763408,0.032828872,7.656974826,0.009176019,0.008343519,11.22945714,13.81626481,8.147504253,7.685933431,16.41104386,370.3161114,-0.829884214,11.13454633,3.311973863,5.179007471,0.004798381,0.005384978
IRIS_313-12094,70.52252624,671.026937,7.446797497,51.284502,0.032523435,0.079108504,0.007831148,0.025612118,0.017426496,0.018744386,64.09654496,341.438062,8.916397985,38.65674572,0.092500153,0.016831158,0.123788673,0.03214909,7.251590415,0.011578994,0.01104001,10.00352437,13.27993602,7.275328657,8.441158248,16.1802218,361.7046216,-1.511237263,11.3007047,2.938606642,5.003855074,0.004671376,0.006792407
IRIS_313-12141,89.55117906,760.9378233,7.798755968,50.14228397,0.030738381,0.087201724,0.007784842,0.025630006,0.016715998,0.016309779,77.62128289,462.4307703,8.969913423,41.89504695,0.090177346,0.014064543,0.126191025,0.032826187,6.226273006,0.015170151,0.014721082,11.67034184,14.83944051,8.685839072,10.95552423,16.36818557,345.2402046,-1.233551305,10.8994236,3.283726569,4.945955747,0.002415897,0.00228858
IRIS_313-8244,110.5483193,1024.656046,6.868776055,56.98616932,NA,NA,NA,NA,0.017627911,0.017716336,93.59090882,589.1256957,8.478211328,46.26921393,NA,NA,NA,NA,5.531541236,0.016260769,0.015898946,15.1162574,17.19060928,10.79167283,12.31190088,16.63080695,429.602733,-1.589342493,11.36020439,4.580492151,5.462176555,0.002119032,0.002361188
IRIS_313-8252,72.29993586,634.6654124,6.318972302,48.7605081,NA,NA,NA,NA,0.016379833,0.015954736,64.40039335,359.5276306,8.491091078,39.48036802,NA,NA,NA,NA,6.975060233,0.013022323,0.012611412,11.70799755,13.21479554,7.752337115,9.021167092,16.31860365,330.0016983,-1.708366858,10.89083865,3.736430994,4.875496232,0.003142879,0.00339161
IRIS_313-8283,105.3937921,872.1042596,7.870775167,54.84255384,0.030721516,0.084815141,0.007856834,0.025547276,0.016865059,0.016519674,79.08207717,421.6226442,9.119651299,40.30894098,0.090540861,0.015105348,0.121840879,0.034685633,6.430755834,0.013966245,0.012744809,13.15828192,15.68169744,8.68380503,10.25589266,16.49613621,381.0300366,-1.268689485,11.11718375,4.036633848,5.054469839,0.002409044,0.002874492
IRIS_313-8321,114.6370883,974.5319718,7.884675854,56.78965315,0.030703617,0.124803304,0.007825135,0.025527645,0.016938355,0.016717527,84.28583695,514.9596786,9.576977969,44.432633,0.090114753,0.014778158,0.121958212,0.034679919,6.351411563,0.015274486,0.014360283,13.74755586,16.23848977,8.747330687,11.32088132,16.49802031,381.9671731,-1.513473445,11.07942636,4.253116555,5.042044662,0.002322047,0.002803656
IRIS_313-8349,86.78901772,850.207834,6.464137011,50.90573322,0.032642755,0.129867981,0.007784517,0.02543386,0.017618313,0.017741084,76.92505527,439.9324667,8.222201802,44.26339041,0.101856155,0.025352779,0.120425858,0.031014357,6.728863302,0.014766175,0.014181906,13.5328305,16.40324568,9.416339653,9.914291042,16.65586124,431.6347225,-1.58069091,11.35466719,4.497100222,5.543515554,0.00233368,0.002902918
IRIS_313-8410,83.46329051,725.3780286,7.636221269,48.58268075,0.030897005,0.124730874,0.007791034,0.025492124,0.016701882,0.016579067,72.87508092,411.9060375,8.448771057,38.76031117,0.092384067,0.014369553,0.137678904,0.033069802,6.472808518,0.012774998,0.012252961,11.15328262,14.86091831,8.543160995,10.29703843,16.33080434,360.3380409,-0.900318742,10.96231428,2.907328687,5.12011441,0.003933096,0.004328491
IRIS_313-8437,107.4896081,1110.96051,7.493224975,58.20926851,0.032648364,0.175614669,0.007745218,0.025373553,0.017729714,0.017777605,93.11991654,652.1907201,8.97456109,45.89285499,0.101391961,0.024194663,0.116724401,0.032397345,6.017429692,0.018192061,0.018416674,14.44865044,18.28246481,10.54144845,13.8820692,16.68708438,445.6660867,-1.694125105,11.47730083,4.55160946,5.51884034,0.00107341,9.22E-04
IRIS_313-8509,87.71727825,799.2755332,6.059198534,48.65238585,0.032279639,0.160257446,0.007747023,0.025445156,0.017468243,0.017414011,83.38135496,502.7249492,8.344481193,40.17229482,0.104128698,0.027317884,0.125411631,0.031117207,6.272835336,0.015980931,0.01580109,14.27468472,16.22528235,10.11678019,12.34319999,16.63333439,410.8875257,-1.948142972,11.3353453,4.669142565,5.415253884,0.001835168,0.002000163
IRIS_313-8632,82.59522745,802.8561621,6.377392626,50.41877354,0.032472858,0.122907978,0.007758895,0.025500276,0.017377922,0.017408359,65.4477343,352.7794706,8.186424687,38.41956302,0.102947284,0.026041111,0.131225198,0.030838484,6.922661088,0.013081029,0.011989404,13.26104705,15.96566598,8.068582599,8.979760982,16.6975357,430.3080032,-1.697974418,11.40197685,4.97005841,5.552891657,0.002569337,0.00334972
IRIS_313-8641,64.3528594,624.3862653,6.397773614,41.67714871,0.031317275,0.146956458,0.007781569,0.025492232,0.0165955,0.016408596,58.58031522,262.8223023,7.746192808,32.930349,0.092729292,0.015000092,0.143971946,0.035081305,7.604390594,0.008907562,0.008183404,10.52681657,14.75189462,7.642406788,7.726623029,16.32701267,362.9937197,-1.065512208,10.97266326,3.041198626,5.232192503,0.004841404,0.005542991
IRIS_313-8683,103.033209,1005.866219,6.861024762,57.2012828,0.032629593,0.154617678,0.007735779,0.02538415,0.017535139,0.017345378,78.77785679,506.9851102,9.031755965,44.52051797,0.10136069,0.024209192,0.117429241,0.032721797,6.314580465,0.01566359,0.015263906,14.75253148,17.07413901,8.867995224,11.28276191,16.74187959,441.5139244,-2.003269527,11.45678524,5.372769584,5.516531067,0.001816759,0.00187169
IRIS_313-8703,98.75330336,1030.186562,7.228947943,56.43149488,0.032524342,0.147507885,0.007745864,0.025371602,0.017574954,0.017497235,85.41065631,547.9870422,9.098081139,47.16211608,0.102200216,0.025399992,0.117419275,0.032190826,6.413038002,0.016089259,0.015748333,13.91949092,17.53197613,9.398675701,11.50695413,16.67734703,442.026913,-1.874167368,11.4114885,4.745634955,5.557013177,0.001713697,0.001798655
IRIS_313-8717,100.3311822,943.6559407,7.343696441,57.7517805,0.032098826,0.136354763,0.007754989,0.025414976,0.017637734,0.01765634,78.17041593,469.9366952,8.59845553,45.89048748,0.101484901,0.025104528,0.118737757,0.032164874,6.518571792,0.015814052,0.015935891,13.86716879,16.46728533,9.149511381,10.32436531,16.73091469,438.9986606,-1.461042245,11.42002135,4.744273955,5.518065446,0.001861181,0.001851586
IRIS_313-8721,80.12087815,665.5903933,6.696076206,49.75138504,0.030935441,0.116865338,0.007795727,0.025745288,0.016613212,0.016341574,62.82397525,324.7479928,7.674560189,34.66314899,0.089595485,0.014254661,0.123477484,0.033082735,6.879424194,0.013114548,0.011870899,12.04687389,13.6004126,8.390601873,9.005267587,16.39028641,343.6124362,-1.028688489,10.99992586,3.620750687,4.926782461,0.003359517,0.003997491
IRIS_313-8733,91.64819787,934.1853774,7.758006636,56.24584027,0.032077782,0.135868364,0.007782293,0.025409865,0.017593782,0.017497519,76.61692186,467.3876602,8.705618795,43.60583683,0.099787039,0.022400147,0.117878865,0.032306266,6.223647687,0.014817963,0.013709762,12.6115725,16.57066874,8.923002954,10.57162249,16.67994401,438.7898427,-1.248659652,11.41846535,4.136412968,5.497810739,0.002076875,0.002459419
IRIS_313-8737,85.0671198,845.7345805,6.759502889,55.33282784,0.032422324,0.148828045,0.00774624,0.02551423,0.017565674,0.017489895,75.91016884,480.9781046,9.106099367,44.39754203,0.102036191,0.024639649,0.126728451,0.031109299,6.248634492,0.016274215,0.016429958,13.15820476,15.51469104,8.425593868,10.65080219,16.65539796,420.0884665,-2.095554887,11.40015122,4.826019529,5.419393465,0.001911163,0.001807403
IRIS_313-8789,80.0787286,712.6286891,6.956947794,45.17577681,0.030820207,0.08939022,0.007778976,0.025546348,0.016978551,0.01706321,75.38824073,403.0776849,8.653826249,37.9155371,0.091520844,0.014440265,0.145963392,0.032768208,6.625233315,0.013760473,0.013789749,11.69636842,15.45066944,8.638231423,10.44243979,16.30734184,354.335826,-1.263815165,10.88533369,3.134203916,5.109319504,0.00370008,0.003911191
IRIS_313-8822,90.86056181,853.5723835,6.584833746,51.72886057,0.032346262,0.511022493,0.007775044,0.025546818,0.017121775,0.017472047,74.27342216,455.354046,8.314398335,38.17297283,0.093787229,0.016605791,0.133364884,0.032510997,6.69630263,0.012662522,0.011558813,12.97397789,15.6788848,8.674622816,11.04701785,16.39381315,385.7388807,-1.391494236,11.18905764,3.883201322,5.229232033,0.00448473,0.005748945
IRIS_313-8850,87.2235554,910.1786489,6.960470263,53.73116679,0.031835831,0.111389192,0.007771694,0.025415909,0.017484598,0.017376464,74.01423139,385.0373595,8.650579372,37.87142601,0.101542227,0.024658724,0.130389435,0.030258058,6.922596772,0.012942522,0.012285883,12.93035,16.55684147,8.572237606,9.872920798,16.64088376,434.9907817,-1.642756238,11.40357795,4.469850438,5.500210787,0.002855775,0.003177032
IRIS_313-8854,105.3791962,962.2535488,7.829831074,55.49432626,0.032834811,0.199451459,0.007745201,0.025360303,0.017606018,0.017548551,88.26106465,528.8939052,9.549198585,44.28593478,0.10113322,0.023774867,0.115082456,0.032946835,6.23782506,0.016824858,0.016768806,13.88529133,17.09313004,9.283962313,11.8661723,16.71087436,436.739178,-1.908154208,11.45015062,4.836671209,5.50300586,0.001444893,0.00145886
IRIS_313-8864,104.9787663,900.2022009,8.303519719,50.96919761,0.030645488,0.093460849,0.007785265,0.025572943,0.016864129,0.016938483,78.88271894,455.0021317,8.685326471,39.78733615,0.09155627,0.013750852,0.137500382,0.031811639,6.667088701,0.012888337,0.012755325,12.14954721,16.60645926,8.905788366,11.10744359,16.42332449,382.477609,-0.688059664,10.97758188,3.219660374,5.218460545,0.004061295,0.004448698
IRIS_313-8930,83.95957774,832.6522137,6.223770799,53.25182317,0.032383033,0.116053515,0.007754435,0.025363092,0.017611236,0.017742397,73.72591388,417.4040898,7.896716743,39.69863663,0.102514532,0.026640784,0.125775753,0.032029897,6.603085844,0.015034093,0.014425785,13.77757821,15.86351291,9.440701267,10.27809185,16.63624566,425.6985439,-1.566261714,11.44909888,4.612018316,5.486387175,0.002334397,0.002746614
IRIS_313-8932,84.31278643,779.6036715,6.907458271,51.19821972,0.032455355,0.125349444,0.007751708,0.025322173,0.017529698,0.017549515,68.65456046,369.982134,8.608673703,39.70776385,0.101524127,0.027556151,0.123432507,0.031535598,6.880674776,0.015743667,0.015637175,12.96606715,15.51554515,8.208444292,9.187284863,16.6662115,423.0583687,-1.68424877,11.41565888,4.707884468,5.495135315,0.001862709,0.001926786
IRIS_313-8963,109.1356097,828.4169519,8.21935154,51.24335497,0.030742687,0.076293146,0.007774693,0.025662572,0.01677553,0.016505631,80.08277238,473.6436442,8.803095985,40.28349826,0.089913092,0.013955002,0.12826876,0.032995238,6.430166908,0.015440573,0.015112495,12.58660515,15.44422465,8.955527408,11.35184063,16.4309191,355.1603072,-0.933971319,10.94288605,3.535978169,4.997873319,0.002684019,0.002648844
IRIS_313-9049,103.9261242,1000.421342,7.042649855,57.69522942,0.03295403,0.147184796,0.007767292,0.025555379,0.017431697,0.017273636,73.97929435,475.2138307,8.918506895,46.78106277,0.101088189,0.023863319,0.121704483,0.031543975,6.852391042,0.014009182,0.013317364,14.23662304,16.68725545,8.463098234,10.13788093,16.73136214,443.1756263,-1.849894758,11.41595187,5.28665281,5.533045582,0.002510634,0.00289238
IRIS_313-9066,78.82079443,741.1664584,7.425945021,50.93318016,0.032437776,0.091277943,0.00776231,0.025350892,0.017597139,0.01794102,61.17473899,284.422192,7.623152965,34.67494733,0.101480793,0.02657708,0.131459266,0.032044474,7.222907498,0.013542228,0.015189254,11.89958997,14.9934242,8.172872338,7.928925192,16.58813671,419.4376274,-0.870955394,11.4701942,4.089248922,5.473689479,0.003364208,0.003250183
IRIS_313-9067,108.912435,1025.888551,7.736748356,56.89550881,0.032066671,0.131980849,0.007784118,0.025474174,0.01784969,0.018069129,82.59269835,561.1961399,8.97839002,46.18320147,0.100645952,0.023875703,0.12598203,0.030973264,5.8423626,0.017215591,0.017063925,13.93588171,17.54874435,9.187328654,11.92181758,16.71700645,440.5660614,-1.457589135,11.41211636,4.651730724,5.51305072,0.001791382,0.001985983
IRIS_313-9072,91.58189777,809.4026611,6.369487908,51.83935871,0.032278978,0.122543685,0.007746694,0.025434922,0.017509681,0.017490804,74.17429777,406.9787737,8.507078177,41.1868011,0.104010245,0.027233968,0.129962188,0.031285263,6.875582914,0.014807596,0.014520647,14.19207801,15.79208721,8.873348339,9.993802,16.70051585,421.0261833,-1.915966146,11.36556731,5.094668793,5.470858128,0.002329204,0.002623479
IRIS_313-9108,90.18673924,852.7531521,6.99207076,52.59015823,0.03244031,0.11509316,0.007767495,0.025370975,0.017664971,0.018054728,82.55116477,521.5812726,8.442167069,44.80399765,0.099853249,0.023645231,0.115882757,0.031637936,5.811502571,0.016098473,0.015731356,13.19010832,16.04807966,9.685753074,11.3598515,16.55802835,410.2310167,-1.50293015,11.33693423,4.083070553,5.384803034,0.002266164,0.002898231
IRIS_313-9139,86.73157042,851.3568831,6.71260206,52.36364294,0.032258078,0.118081357,0.007740661,0.025373491,0.017408863,0.017319145,69.49126136,351.0383306,8.454613685,39.06835904,0.102649213,0.026055586,0.127977127,0.031956708,7.243885328,0.013499321,0.013243885,13.35933267,16.26748443,8.353645469,8.880565502,16.71124859,436.7166348,-1.699494838,11.41836611,4.910275186,5.574343093,0.002433701,0.002667924
IRIS_313-9148,97.31004902,992.1185602,7.678136693,55.23658764,0.031949462,0.121202579,0.007784957,0.025468128,0.017530166,0.017699403,88.38214463,508.3421763,9.413643924,46.27151945,0.100270245,0.023012482,0.12139205,0.030872585,6.325414489,0.017268929,0.017384202,13.11987632,17.37896009,9.285951088,10.90538813,16.60667805,437.8089502,-1.702569465,11.33760444,4.210624716,5.521301175,0.001367965,0.001559483
IRIS_313-9156,94.8816887,835.1470364,6.734191563,52.61338369,0.032401432,0.121006739,0.007739942,0.025401167,0.017617519,0.017704464,69.8358892,427.374427,8.612280955,40.80386567,0.103742877,0.027038525,0.130874566,0.030567286,7.063353763,0.014231158,0.013562798,14.03194257,16.03069372,8.315180964,10.38210718,16.74553685,426.1768185,-1.825799327,11.40539772,5.262742401,5.502622387,0.002699221,0.003261565
IRIS_313-9170,78.04654018,879.7637812,7.146635114,56.80669949,0.032587925,0.073619061,0.007820117,0.025713665,0.017475806,0.018481211,73.66019281,533.7612056,8.62648628,44.88278078,0.092628159,0.017008357,0.118762655,0.032290492,6.540164982,0.015436996,0.014744182,10.86427319,14.90923976,8.496585511,11.45704278,16.1580907,373.0043122,-1.474573357,11.34256701,2.848749977,5.006136585,0.003317642,0.004795826
IRIS_313-9174,110.1224981,989.697036,7.736083749,55.81759968,0.032645445,0.30209362,0.00773527,0.025371067,0.01765554,0.017613715,86.54134341,556.248461,9.440622847,44.27779754,0.10135917,0.023989342,0.116307852,0.032677283,6.251121155,0.016655266,0.016431985,14.30059236,17.32623197,9.257458506,12.4142414,16.73681381,436.3033853,-1.875823097,11.44333627,5.01069652,5.487648675,0.001577602,0.001644271
IRIS_313-9218,100.726016,938.0043064,7.117645992,56.66517514,0.032641223,0.161544639,0.007738215,0.025398243,0.017619795,0.017519647,85.27744828,505.234009,9.270759072,44.79278281,0.10151564,0.024073047,0.121320933,0.032715317,6.284392871,0.016141989,0.015777039,14.25774535,16.61358614,9.265205303,11.30469348,16.7089466,434.4651893,-2.020436703,11.44529679,4.987818265,5.481232925,0.0016987,0.00178034
IRIS_313-9262,121.6143838,984.845478,7.008861285,55.43773894,0.032299433,0.106703544,0.007747158,0.025418454,0.01775516,0.017878134,85.48928218,531.3053009,8.84687509,43.16421945,0.102094203,0.025456806,0.124527896,0.03207647,6.101064731,0.017185551,0.016730229,16.12151127,17.32508246,9.68081102,12.13667748,16.79196907,436.4234021,-1.796020697,11.42293643,5.635160467,5.498092597,0.001731445,0.002001378
IRIS_313-9271,106.417047,882.7582113,7.244026038,53.59815147,0.032207577,0.097974364,0.007733431,0.025412829,0.017553663,0.017525519,75.55632496,415.6607554,8.614373199,42.53113904,0.103211606,0.026412027,0.125798234,0.031932572,6.855822355,0.01538865,0.015288105,14.51822657,16.50528439,8.878667991,9.826243871,16.79590151,435.4751481,-1.589124579,11.39711389,5.286516301,5.550218357,0.001990509,0.002134304
IRIS_313-9325,85.64873355,887.618236,5.923461001,49.79151483,0.032266206,0.155196333,0.007748758,0.025306879,0.017720536,0.018130015,68.36468484,381.7960995,7.709218862,36.12232785,0.108326759,0.034367482,0.117819019,0.03069455,6.960682649,0.015200162,0.014932374,14.48874846,17.32008251,8.829511599,10.02336186,16.69211793,439.2196449,-1.613653881,11.44126101,5.236329317,5.623276141,0.002338855,0.002977447
IRIS_313-9368,76.60673161,699.1361665,7.541066503,45.2554262,0.030898817,0.119831564,0.007773522,0.025499839,0.016626015,0.016442025,67.5187415,345.2447748,8.168629409,34.56146639,0.093767496,0.013876617,0.13964357,0.032478283,6.833162795,0.012023935,0.011393155,10.64549705,15.09755417,8.240474988,9.764669759,16.34729698,367.8000618,-0.744541953,10.97697621,2.806732156,5.193030818,0.004126243,0.004542885
IRIS_313-9391,94.34298419,911.7183804,6.768447776,55.33122777,0.032684297,0.155104388,0.007744752,0.025414125,0.017475077,0.017276741,86.59259315,540.4099218,9.347940335,45.58868227,0.10207246,0.02487562,0.116734668,0.0325715,5.926562452,0.016006464,0.01556333,14.1428681,16.50954124,9.305254814,11.80528978,16.67433412,429.3344543,-2.207319714,11.43484241,4.943092305,5.471308729,0.00141821,0.001457553
IRIS_313-9397,91.9333646,931.0437141,6.706570902,56.78732036,0.033019168,0.134135302,0.007773002,0.025416204,0.017451943,0.017199337,82.96995972,552.0146787,8.718281056,45.67593674,0.100467777,0.022747197,0.11855998,0.032614658,6.175133193,0.016651393,0.015795117,13.92004742,16.43253058,9.684061518,12.11813524,16.64721382,422.9248191,-1.902745095,11.42913522,4.630406293,5.391366339,0.001246461,0.001371691
IRIS_313-9422,96.60274734,764.9752111,8.114700219,50.60035291,0.030856187,0.106750337,0.007789002,0.025583597,0.016794316,0.016460602,73.23432287,400.7871515,9.225326479,40.739946,0.090535347,0.014202529,0.131368527,0.032958576,6.515643264,0.014593399,0.014099611,11.93023316,14.78858859,8.041075367,9.763291874,16.42010916,353.0096712,-1.278819197,10.93689791,3.648216954,4.990557956,0.002713345,0.002733711
IRIS_313-9445,NA,NA,NA,NA,0.03227259,0.068319059,0.007811645,0.025665705,0.017300866,0.018108655,NA,NA,NA,NA,0.09286387,0.017397349,0.127242592,0.032470756,6.100116624,0.015767581,0.014884429,NA,NA,NA,NA,NA,NA,NA,NA,NA,NA,0.002554027,0.0038974
IRIS_313-9594,107.586638,1116.904775,7.542941444,58.04323937,0.032649978,0.17550432,0.007745556,0.025373464,0.01772933,0.017775361,92.93855808,646.859068,9.039455398,45.73700523,0.101394505,0.024201869,0.116873681,0.032391453,6.022294882,0.018191649,0.018403091,14.4110846,18.35751685,10.43938096,13.82633373,16.6879436,446.6645794,-1.711371193,11.47667144,4.570492252,5.525389704,0.001072853,9.22E-04
IRIS_313-9606,91.94681249,846.7203347,6.962197856,55.68695774,0.032700146,0.396581151,0.007745332,0.025411088,0.017673225,0.017700018,68.15610663,387.4074277,8.579991908,41.31728376,0.102869482,0.02629068,0.122565171,0.031780847,6.604859185,0.014022097,0.013216739,13.64947798,15.74482312,8.219083961,9.3496321,16.74989439,435.1963057,-1.707227753,11.48595184,5.129315321,5.526085203,0.002721147,0.003232525
IRIS_313-9617,93.1577305,901.9987957,6.930374424,56.07984027,0.032346759,0.121995285,0.007886976,0.025415746,0.017686069,0.017888787,84.02888512,469.3707665,8.930937204,45.22755608,0.101478461,0.024427025,0.11944807,0.031366773,6.611320893,0.015497987,0.015237625,13.61223705,16.28963668,9.36912561,10.40653318,16.63243156,433.3505063,-1.793621641,11.41426446,4.466069927,5.499608042,0.002138176,0.0025836
IRIS_313-9626,103.8539294,806.8369749,8.284921054,50.95645108,0.03073103,0.067955323,0.007783727,0.025591294,0.016916453,0.01692678,80.78705666,402.7084233,9.041695169,38.12517284,0.090030697,0.01361159,0.131900131,0.032706684,6.689848828,0.012783571,0.012253852,12.26560269,15.60482276,8.821970792,10.35108508,16.40683902,366.3569997,-0.922884314,10.95956012,3.371466478,5.097597765,0.003931727,0.004366641
IRIS_313-9661,95.86184628,780.5469664,8.383986447,50.81230394,0.03085585,0.132862211,0.00779121,0.025553132,0.016835168,0.016603984,73.50498884,384.0657633,9.179596751,39.95845902,0.091208274,0.014189092,0.136070399,0.033087333,6.630640897,0.013995185,0.01376392,11.50940347,15.03547626,8.082349348,9.565126548,16.39720296,361.2846646,-1.104710835,10.95289943,3.359131694,5.061589152,0.003093264,0.003084753
IRIS_313-9682,85.23484309,946.239244,7.509643754,56.95960441,0.032534339,0.066744502,0.007817367,0.02570115,0.017498909,0.018514903,78.41179534,565.1517873,8.729483942,44.37021454,0.092635318,0.016984779,0.117933826,0.032383268,6.614108676,0.016013116,0.015693429,11.09520259,15.54084063,8.80581491,12.16615432,16.16965982,378.8108666,-1.39169785,11.34763198,2.841310675,5.029804497,0.003164146,0.004484824
IRIS_313-9696,99.45470655,941.5244238,6.158478978,52.82190548,0.032311826,0.127278097,0.007743551,0.025315519,0.017942365,0.018555935,78.32368879,497.6381234,8.031507445,41.95863221,0.103966449,0.027874723,0.118965496,0.031360375,6.257109515,0.01706098,0.017052788,15.65123733,17.4197968,9.722327701,11.60911591,16.70644918,436.1576605,-1.690364876,11.42602626,5.397004741,5.565683442,0.002105916,0.002751379
